occupation_id,n_revealed,strategy,digits,method,prior,p@5,p@10,mrr
37,5,core_first,1,random,0.10617283950617284,0.0,0.1,0.1
37,5,core_first,1,popular_group,0.10617283950617284,0.0,0.0,0.007142857142857143
37,5,core_first,1,raw_distance,0.10617283950617284,0.8,0.4,1.0
37,5,core_first,1,raw_correlation,0.10617283950617284,0.4,0.2,1.0
37,5,core_first,1,mf_latent,0.10617283950617284,0.0,0.0,0.06666666666666667
37,5,core_first,1,mf_impute,0.10617283950617284,0.0,0.0,0.07692307692307693
37,5,core_first,2,random,0.02345679012345679,0.0,0.0,0.016666666666666666
37,5,core_first,2,popular_group,0.02345679012345679,0.0,0.0,0.0016501650165016502
37,5,core_first,2,raw_distance,0.02345679012345679,0.0,0.0,0.05
37,5,core_first,2,raw_correlation,0.02345679012345679,0.0,0.0,0.0625
37,5,core_first,2,mf_latent,0.02345679012345679,0.0,0.0,0.03225806451612903
37,5,core_first,2,mf_impute,0.02345679012345679,0.0,0.0,0.07692307692307693
53,5,core_first,1,random,0.10617283950617284,0.4,0.2,0.3333333333333333
53,5,core_first,1,popular_group,0.10617283950617284,0.0,0.0,0.007142857142857143
53,5,core_first,1,raw_distance,0.10617283950617284,0.2,0.2,1.0
53,5,core_first,1,raw_correlation,0.10617283950617284,0.0,0.4,0.14285714285714285
53,5,core_first,1,mf_latent,0.10617283950617284,0.2,0.2,0.25
53,5,core_first,1,mf_impute,0.10617283950617284,0.0,0.0,0.014925373134328358
53,5,core_first,2,random,0.02345679012345679,0.2,0.1,0.25
53,5,core_first,2,popular_group,0.02345679012345679,0.0,0.0,0.0016501650165016502
53,5,core_first,2,raw_distance,0.02345679012345679,0.0,0.1,0.1
53,5,core_first,2,raw_correlation,0.02345679012345679,0.0,0.0,0.02631578947368421
53,5,core_first,2,mf_latent,0.02345679012345679,0.0,0.0,0.03333333333333333
53,5,core_first,2,mf_impute,0.02345679012345679,0.0,0.0,0.014285714285714285
58,5,core_first,1,random,0.10617283950617284,0.0,0.0,0.08333333333333333
58,5,core_first,1,popular_group,0.10617283950617284,0.0,0.0,0.007142857142857143
58,5,core_first,1,raw_distance,0.10617283950617284,0.4,0.2,0.5
58,5,core_first,1,raw_correlation,0.10617283950617284,0.0,0.4,0.14285714285714285
58,5,core_first,1,mf_latent,0.10617283950617284,0.0,0.0,0.009708737864077669
58,5,core_first,1,mf_impute,0.10617283950617284,0.0,0.0,0.006756756756756757
58,5,core_first,2,random,0.02345679012345679,0.0,0.0,0.016129032258064516
58,5,core_first,2,popular_group,0.02345679012345679,0.0,0.0,0.0016501650165016502
58,5,core_first,2,raw_distance,0.02345679012345679,0.4,0.2,0.5
58,5,core_first,2,raw_correlation,0.02345679012345679,0.0,0.0,0.02631578947368421
58,5,core_first,2,mf_latent,0.02345679012345679,0.0,0.0,0.009708737864077669
58,5,core_first,2,mf_impute,0.02345679012345679,0.0,0.0,0.006756756756756757
67,5,core_first,1,random,0.10617283950617284,0.6,0.4,0.3333333333333333
67,5,core_first,1,popular_group,0.10617283950617284,0.0,0.0,0.007142857142857143
67,5,core_first,1,raw_distance,0.10617283950617284,0.4,0.2,0.5
67,5,core_first,1,raw_correlation,0.10617283950617284,0.0,0.4,0.14285714285714285
67,5,core_first,1,mf_latent,0.10617283950617284,0.0,0.0,0.01818181818181818
67,5,core_first,1,mf_impute,0.10617283950617284,0.0,0.0,0.027777777777777776
67,5,core_first,2,random,0.011111111111111112,0.0,0.0,0.014285714285714285
67,5,core_first,2,popular_group,0.011111111111111112,0.0,0.0,0.0016750418760469012
67,5,core_first,2,raw_distance,0.011111111111111112,0.0,0.0,0.017241379310344827
67,5,core_first,2,raw_correlation,0.011111111111111112,0.0,0.0,0.017543859649122806
67,5,core_first,2,mf_latent,0.011111111111111112,0.0,0.0,0.008264462809917356
67,5,core_first,2,mf_impute,0.011111111111111112,0.0,0.0,0.027777777777777776
70,5,core_first,1,random,0.10617283950617284,0.0,0.1,0.14285714285714285
70,5,core_first,1,popular_group,0.10617283950617284,0.0,0.0,0.007142857142857143
70,5,core_first,1,raw_distance,0.10617283950617284,0.8,0.4,0.5
70,5,core_first,1,raw_correlation,0.10617283950617284,0.8,0.4,1.0
70,5,core_first,1,mf_latent,0.10617283950617284,0.2,0.2,0.5
70,5,core_first,1,mf_impute,0.10617283950617284,0.0,0.0,0.010752688172043012
70,5,core_first,2,random,0.03333333333333333,0.0,0.1,0.14285714285714285
70,5,core_first,2,popular_group,0.03333333333333333,0.0,0.0,0.0017605633802816902
70,5,core_first,2,raw_distance,0.03333333333333333,0.2,0.1,0.2
70,5,core_first,2,raw_correlation,0.03333333333333333,0.2,0.1,0.25
70,5,core_first,2,mf_latent,0.03333333333333333,0.2,0.2,0.5
70,5,core_first,2,mf_impute,0.03333333333333333,0.0,0.0,0.010752688172043012
72,5,core_first,1,random,0.10617283950617284,0.2,0.1,0.3333333333333333
72,5,core_first,1,popular_group,0.10617283950617284,0.0,0.0,0.007142857142857143
72,5,core_first,1,raw_distance,0.10617283950617284,0.2,0.1,0.5
72,5,core_first,1,raw_correlation,0.10617283950617284,0.0,0.4,0.14285714285714285
72,5,core_first,1,mf_latent,0.10617283950617284,0.0,0.1,0.1
72,5,core_first,1,mf_impute,0.10617283950617284,0.0,0.0,0.04
72,5,core_first,2,random,0.03333333333333333,0.0,0.0,0.024390243902439025
72,5,core_first,2,popular_group,0.03333333333333333,0.0,0.0,0.0017605633802816902
72,5,core_first,2,raw_distance,0.03333333333333333,0.0,0.0,0.06666666666666667
72,5,core_first,2,raw_correlation,0.03333333333333333,0.0,0.0,0.015151515151515152
72,5,core_first,2,mf_latent,0.03333333333333333,0.0,0.0,0.0625
72,5,core_first,2,mf_impute,0.03333333333333333,0.0,0.0,0.022727272727272728
77,5,core_first,1,random,0.10617283950617284,0.0,0.1,0.16666666666666666
77,5,core_first,1,popular_group,0.10617283950617284,0.0,0.0,0.007142857142857143
77,5,core_first,1,raw_distance,0.10617283950617284,0.0,0.1,0.125
77,5,core_first,1,raw_correlation,0.10617283950617284,0.0,0.0,0.05555555555555555
77,5,core_first,1,mf_latent,0.10617283950617284,0.4,0.3,0.5
77,5,core_first,1,mf_impute,0.10617283950617284,0.0,0.2,0.125
77,5,core_first,2,random,0.03333333333333333,0.0,0.1,0.16666666666666666
77,5,core_first,2,popular_group,0.03333333333333333,0.0,0.0,0.0017605633802816902
77,5,core_first,2,raw_distance,0.03333333333333333,0.0,0.0,0.07692307692307693
77,5,core_first,2,raw_correlation,0.03333333333333333,0.0,0.0,0.05555555555555555
77,5,core_first,2,mf_latent,0.03333333333333333,0.2,0.1,0.25
77,5,core_first,2,mf_impute,0.03333333333333333,0.0,0.0,0.07142857142857142
87,5,core_first,1,random,0.10617283950617284,0.0,0.2,0.16666666666666666
87,5,core_first,1,popular_group,0.10617283950617284,0.0,0.0,0.007142857142857143
87,5,core_first,1,raw_distance,0.10617283950617284,0.0,0.1,0.125
87,5,core_first,1,raw_correlation,0.10617283950617284,0.0,0.0,0.05263157894736842
87,5,core_first,1,mf_latent,0.10617283950617284,0.0,0.0,0.023255813953488372
87,5,core_first,1,mf_impute,0.10617283950617284,0.0,0.0,0.023809523809523808
87,5,core_first,2,random,0.03333333333333333,0.0,0.0,0.05555555555555555
87,5,core_first,2,popular_group,0.03333333333333333,0.0,0.0,0.0017605633802816902
87,5,core_first,2,raw_distance,0.03333333333333333,0.0,0.0,0.07692307692307693
87,5,core_first,2,raw_correlation,0.03333333333333333,0.0,0.0,0.04
87,5,core_first,2,mf_latent,0.03333333333333333,0.0,0.0,0.018518518518518517
87,5,core_first,2,mf_impute,0.03333333333333333,0.0,0.0,0.01694915254237288
106,5,core_first,1,random,0.1259259259259259,0.0,0.1,0.16666666666666666
106,5,core_first,1,popular_group,0.1259259259259259,0.0,0.0,0.00641025641025641
106,5,core_first,1,raw_distance,0.1259259259259259,0.2,0.5,1.0
106,5,core_first,1,raw_correlation,0.1259259259259259,0.0,0.0,0.010752688172043012
106,5,core_first,1,mf_latent,0.1259259259259259,0.4,0.6,1.0
106,5,core_first,1,mf_impute,0.1259259259259259,0.2,0.2,0.25
106,5,core_first,2,random,0.05432098765432099,0.0,0.0,0.06666666666666667
106,5,core_first,2,popular_group,0.05432098765432099,0.0,0.0,0.01
106,5,core_first,2,raw_distance,0.05432098765432099,0.2,0.4,1.0
106,5,core_first,2,raw_correlation,0.05432098765432099,0.0,0.0,0.010309278350515464
106,5,core_first,2,mf_latent,0.05432098765432099,0.4,0.4,1.0
106,5,core_first,2,mf_impute,0.05432098765432099,0.2,0.1,0.25
114,5,core_first,1,random,0.1259259259259259,0.2,0.2,0.25
114,5,core_first,1,popular_group,0.1259259259259259,0.0,0.0,0.00641025641025641
114,5,core_first,1,raw_distance,0.1259259259259259,0.0,0.5,0.16666666666666666
114,5,core_first,1,raw_correlation,0.1259259259259259,0.0,0.0,0.010752688172043012
114,5,core_first,1,mf_latent,0.1259259259259259,0.6,0.6,1.0
114,5,core_first,1,mf_impute,0.1259259259259259,0.0,0.1,0.1111111111111111
114,5,core_first,2,random,0.05432098765432099,0.2,0.2,0.25
114,5,core_first,2,popular_group,0.05432098765432099,0.0,0.0,0.01
114,5,core_first,2,raw_distance,0.05432098765432099,0.0,0.4,0.16666666666666666
114,5,core_first,2,raw_correlation,0.05432098765432099,0.0,0.0,0.010309278350515464
114,5,core_first,2,mf_latent,0.05432098765432099,0.6,0.6,1.0
114,5,core_first,2,mf_impute,0.05432098765432099,0.0,0.1,0.1111111111111111
133,5,core_first,1,random,0.1259259259259259,0.0,0.1,0.1111111111111111
133,5,core_first,1,popular_group,0.1259259259259259,0.0,0.0,0.00641025641025641
133,5,core_first,1,raw_distance,0.1259259259259259,0.0,0.4,0.14285714285714285
133,5,core_first,1,raw_correlation,0.1259259259259259,0.0,0.0,0.010752688172043012
133,5,core_first,1,mf_latent,0.1259259259259259,0.6,0.4,1.0
133,5,core_first,1,mf_impute,0.1259259259259259,0.0,0.1,0.1111111111111111
133,5,core_first,2,random,0.05432098765432099,0.0,0.1,0.1111111111111111
133,5,core_first,2,popular_group,0.05432098765432099,0.0,0.0,0.01
133,5,core_first,2,raw_distance,0.05432098765432099,0.0,0.4,0.14285714285714285
133,5,core_first,2,raw_correlation,0.05432098765432099,0.0,0.0,0.010309278350515464
133,5,core_first,2,mf_latent,0.05432098765432099,0.6,0.4,1.0
133,5,core_first,2,mf_impute,0.05432098765432099,0.0,0.1,0.1111111111111111
140,5,core_first,1,random,0.1259259259259259,0.2,0.1,0.5
140,5,core_first,1,popular_group,0.1259259259259259,0.0,0.0,0.00641025641025641
140,5,core_first,1,raw_distance,0.1259259259259259,0.0,0.4,0.14285714285714285
140,5,core_first,1,raw_correlation,0.1259259259259259,0.0,0.0,0.010752688172043012
140,5,core_first,1,mf_latent,0.1259259259259259,0.6,0.4,1.0
140,5,core_first,1,mf_impute,0.1259259259259259,0.0,0.1,0.1111111111111111
140,5,core_first,2,random,0.05432098765432099,0.2,0.1,0.5
140,5,core_first,2,popular_group,0.05432098765432099,0.0,0.0,0.01
140,5,core_first,2,raw_distance,0.05432098765432099,0.0,0.4,0.14285714285714285
140,5,core_first,2,raw_correlation,0.05432098765432099,0.0,0.0,0.010309278350515464
140,5,core_first,2,mf_latent,0.05432098765432099,0.6,0.4,1.0
140,5,core_first,2,mf_impute,0.05432098765432099,0.0,0.1,0.1111111111111111
143,5,core_first,1,random,0.1259259259259259,0.0,0.0,0.08333333333333333
143,5,core_first,1,popular_group,0.1259259259259259,0.0,0.0,0.00641025641025641
143,5,core_first,1,raw_distance,0.1259259259259259,0.0,0.0,0.07692307692307693
143,5,core_first,1,raw_correlation,0.1259259259259259,0.0,0.0,0.010752688172043012
143,5,core_first,1,mf_latent,0.1259259259259259,0.2,0.2,0.2
143,5,core_first,1,mf_impute,0.1259259259259259,0.0,0.0,0.07692307692307693
143,5,core_first,2,random,0.05432098765432099,0.0,0.0,0.02857142857142857
143,5,core_first,2,popular_group,0.05432098765432099,0.0,0.0,0.01
143,5,core_first,2,raw_distance,0.05432098765432099,0.0,0.0,0.07692307692307693
143,5,core_first,2,raw_correlation,0.05432098765432099,0.0,0.0,0.010309278350515464
143,5,core_first,2,mf_latent,0.05432098765432099,0.2,0.2,0.2
143,5,core_first,2,mf_impute,0.05432098765432099,0.0,0.0,0.05263157894736842
152,5,core_first,1,random,0.1259259259259259,0.0,0.0,0.09090909090909091
152,5,core_first,1,popular_group,0.1259259259259259,0.0,0.0,0.00641025641025641
152,5,core_first,1,raw_distance,0.1259259259259259,0.0,0.0,0.07692307692307693
152,5,core_first,1,raw_correlation,0.1259259259259259,0.0,0.0,0.010752688172043012
152,5,core_first,1,mf_latent,0.1259259259259259,0.2,0.2,0.2
152,5,core_first,1,mf_impute,0.1259259259259259,0.0,0.0,0.07692307692307693
152,5,core_first,2,random,0.05432098765432099,0.0,0.0,0.09090909090909091
152,5,core_first,2,popular_group,0.05432098765432099,0.0,0.0,0.01
152,5,core_first,2,raw_distance,0.05432098765432099,0.0,0.0,0.07692307692307693
152,5,core_first,2,raw_correlation,0.05432098765432099,0.0,0.0,0.010309278350515464
152,5,core_first,2,mf_latent,0.05432098765432099,0.2,0.2,0.2
152,5,core_first,2,mf_impute,0.05432098765432099,0.0,0.0,0.05263157894736842
165,5,core_first,1,random,0.1259259259259259,0.4,0.3,0.25
165,5,core_first,1,popular_group,0.1259259259259259,0.0,0.0,0.00641025641025641
165,5,core_first,1,raw_distance,0.1259259259259259,0.0,0.4,0.16666666666666666
165,5,core_first,1,raw_correlation,0.1259259259259259,0.0,0.0,0.047619047619047616
165,5,core_first,1,mf_latent,0.1259259259259259,0.6,0.4,1.0
165,5,core_first,1,mf_impute,0.1259259259259259,0.4,0.3,1.0
165,5,core_first,2,random,0.06666666666666667,0.4,0.3,0.25
165,5,core_first,2,popular_group,0.06666666666666667,0.0,0.0,0.007575757575757576
165,5,core_first,2,raw_distance,0.06666666666666667,0.0,0.1,0.1
165,5,core_first,2,raw_correlation,0.06666666666666667,0.0,0.0,0.047619047619047616
165,5,core_first,2,mf_latent,0.06666666666666667,0.4,0.2,0.5
165,5,core_first,2,mf_impute,0.06666666666666667,0.2,0.2,0.3333333333333333
167,5,core_first,1,random,0.1259259259259259,0.2,0.2,0.5
167,5,core_first,1,popular_group,0.1259259259259259,0.0,0.0,0.00641025641025641
167,5,core_first,1,raw_distance,0.1259259259259259,0.0,0.0,0.038461538461538464
167,5,core_first,1,raw_correlation,0.1259259259259259,0.0,0.0,0.010752688172043012
167,5,core_first,1,mf_latent,0.1259259259259259,0.0,0.0,0.024390243902439025
167,5,core_first,1,mf_impute,0.1259259259259259,0.0,0.0,0.008771929824561403
167,5,core_first,2,random,0.06666666666666667,0.0,0.0,0.043478260869565216
167,5,core_first,2,popular_group,0.06666666666666667,0.0,0.0,0.007575757575757576
167,5,core_first,2,raw_distance,0.06666666666666667,0.0,0.0,0.014705882352941176
167,5,core_first,2,raw_correlation,0.06666666666666667,0.0,0.0,0.0070921985815602835
167,5,core_first,2,mf_latent,0.06666666666666667,0.0,0.0,0.024390243902439025
167,5,core_first,2,mf_impute,0.06666666666666667,0.0,0.0,0.008771929824561403
191,5,core_first,1,random,0.1259259259259259,0.0,0.2,0.14285714285714285
191,5,core_first,1,popular_group,0.1259259259259259,0.0,0.0,0.00641025641025641
191,5,core_first,1,raw_distance,0.1259259259259259,0.0,0.0,0.07692307692307693
191,5,core_first,1,raw_correlation,0.1259259259259259,0.0,0.0,0.010752688172043012
191,5,core_first,1,mf_latent,0.1259259259259259,0.6,0.6,0.3333333333333333
191,5,core_first,1,mf_impute,0.1259259259259259,0.0,0.0,0.04
191,5,core_first,2,random,0.06666666666666667,0.0,0.0,0.05555555555555555
191,5,core_first,2,popular_group,0.06666666666666667,0.0,0.0,0.007575757575757576
191,5,core_first,2,raw_distance,0.06666666666666667,0.0,0.0,0.05263157894736842
191,5,core_first,2,raw_correlation,0.06666666666666667,0.0,0.0,0.0070921985815602835
191,5,core_first,2,mf_latent,0.06666666666666667,0.0,0.0,0.01694915254237288
191,5,core_first,2,mf_impute,0.06666666666666667,0.0,0.0,0.00909090909090909
201,5,core_first,1,random,0.1259259259259259,0.0,0.0,0.07142857142857142
201,5,core_first,1,popular_group,0.1259259259259259,0.0,0.0,0.00641025641025641
201,5,core_first,1,raw_distance,0.1259259259259259,0.0,0.3,0.16666666666666666
201,5,core_first,1,raw_correlation,0.1259259259259259,0.0,0.0,0.010752688172043012
201,5,core_first,1,mf_latent,0.1259259259259259,0.6,0.8,0.5
201,5,core_first,1,mf_impute,0.1259259259259259,0.0,0.0,0.05555555555555555
201,5,core_first,2,random,0.06666666666666667,0.0,0.0,0.07142857142857142
201,5,core_first,2,popular_group,0.06666666666666667,0.0,0.0,0.007575757575757576
201,5,core_first,2,raw_distance,0.06666666666666667,0.0,0.0,0.09090909090909091
201,5,core_first,2,raw_correlation,0.06666666666666667,0.0,0.0,0.0070921985815602835
201,5,core_first,2,mf_latent,0.06666666666666667,0.0,0.0,0.01818181818181818
201,5,core_first,2,mf_impute,0.06666666666666667,0.0,0.0,0.011494252873563218
234,5,core_first,1,random,0.12345679012345678,0.4,0.3,0.5
234,5,core_first,1,popular_group,0.12345679012345678,0.0,0.0,0.004901960784313725
234,5,core_first,1,raw_distance,0.12345679012345678,1.0,1.0,1.0
234,5,core_first,1,raw_correlation,0.12345679012345678,0.0,0.0,0.005128205128205128
234,5,core_first,1,mf_latent,0.12345679012345678,1.0,0.8,1.0
234,5,core_first,1,mf_impute,0.12345679012345678,1.0,0.8,1.0
234,5,core_first,2,random,0.0654320987654321,0.2,0.2,0.5
234,5,core_first,2,popular_group,0.0654320987654321,0.0,0.0,0.00510204081632653
234,5,core_first,2,raw_distance,0.0654320987654321,1.0,1.0,1.0
234,5,core_first,2,raw_correlation,0.0654320987654321,0.0,0.0,0.00510204081632653
234,5,core_first,2,mf_latent,0.0654320987654321,0.0,0.0,0.09090909090909091
234,5,core_first,2,mf_impute,0.0654320987654321,0.0,0.0,0.06666666666666667
280,5,core_first,1,random,0.12345679012345678,0.0,0.1,0.125
280,5,core_first,1,popular_group,0.12345679012345678,0.0,0.0,0.004901960784313725
280,5,core_first,1,raw_distance,0.12345679012345678,0.0,0.0,0.07692307692307693
280,5,core_first,1,raw_correlation,0.12345679012345678,0.0,0.1,0.16666666666666666
280,5,core_first,1,mf_latent,0.12345679012345678,0.6,0.3,1.0
280,5,core_first,1,mf_impute,0.12345679012345678,0.4,0.2,0.25
280,5,core_first,2,random,0.043209876543209874,0.0,0.1,0.125
280,5,core_first,2,popular_group,0.043209876543209874,0.0,0.0,0.004098360655737705
280,5,core_first,2,raw_distance,0.043209876543209874,0.0,0.0,0.07142857142857142
280,5,core_first,2,raw_correlation,0.043209876543209874,0.0,0.0,0.047619047619047616
280,5,core_first,2,mf_latent,0.043209876543209874,0.2,0.1,0.5
280,5,core_first,2,mf_impute,0.043209876543209874,0.0,0.0,0.07692307692307693
285,5,core_first,1,random,0.12345679012345678,0.2,0.1,0.2
285,5,core_first,1,popular_group,0.12345679012345678,0.0,0.0,0.004901960784313725
285,5,core_first,1,raw_distance,0.12345679012345678,1.0,1.0,1.0
285,5,core_first,1,raw_correlation,0.12345679012345678,1.0,1.0,1.0
285,5,core_first,1,mf_latent,0.12345679012345678,1.0,1.0,1.0
285,5,core_first,1,mf_impute,0.12345679012345678,1.0,1.0,1.0
285,5,core_first,2,random,0.043209876543209874,0.0,0.0,0.09090909090909091
285,5,core_first,2,popular_group,0.043209876543209874,0.0,0.0,0.004098360655737705
285,5,core_first,2,raw_distance,0.043209876543209874,0.8,0.4,1.0
285,5,core_first,2,raw_correlation,0.043209876543209874,0.6,0.4,1.0
285,5,core_first,2,mf_latent,0.043209876543209874,0.8,0.4,1.0
285,5,core_first,2,mf_impute,0.043209876543209874,0.0,0.1,0.125
292,5,core_first,1,random,0.12345679012345678,0.4,0.2,0.5
292,5,core_first,1,popular_group,0.12345679012345678,0.0,0.0,0.004901960784313725
292,5,core_first,1,raw_distance,0.12345679012345678,0.6,0.6,0.3333333333333333
292,5,core_first,1,raw_correlation,0.12345679012345678,0.2,0.3,0.2
292,5,core_first,1,mf_latent,0.12345679012345678,1.0,1.0,1.0
292,5,core_first,1,mf_impute,0.12345679012345678,1.0,1.0,1.0
292,5,core_first,2,random,0.043209876543209874,0.0,0.0,0.0625
292,5,core_first,2,popular_group,0.043209876543209874,0.0,0.0,0.004098360655737705
292,5,core_first,2,raw_distance,0.043209876543209874,0.6,0.3,0.3333333333333333
292,5,core_first,2,raw_correlation,0.043209876543209874,0.2,0.3,0.2
292,5,core_first,2,mf_latent,0.043209876543209874,0.6,0.6,1.0
292,5,core_first,2,mf_impute,0.043209876543209874,0.0,0.1,0.16666666666666666
302,5,core_first,1,random,0.12345679012345678,0.0,0.0,0.05555555555555555
302,5,core_first,1,popular_group,0.12345679012345678,0.0,0.0,0.004901960784313725
302,5,core_first,1,raw_distance,0.12345679012345678,0.8,0.6,0.5
302,5,core_first,1,raw_correlation,0.12345679012345678,0.2,0.6,0.3333333333333333
302,5,core_first,1,mf_latent,0.12345679012345678,1.0,1.0,1.0
302,5,core_first,1,mf_impute,0.12345679012345678,1.0,1.0,1.0
302,5,core_first,2,random,0.043209876543209874,0.0,0.0,0.04
302,5,core_first,2,popular_group,0.043209876543209874,0.0,0.0,0.004098360655737705
302,5,core_first,2,raw_distance,0.043209876543209874,0.8,0.5,0.5
302,5,core_first,2,raw_correlation,0.043209876543209874,0.2,0.6,0.3333333333333333
302,5,core_first,2,mf_latent,0.043209876543209874,0.4,0.3,1.0
302,5,core_first,2,mf_impute,0.043209876543209874,0.0,0.0,0.0625
308,5,core_first,1,random,0.12345679012345678,0.0,0.2,0.14285714285714285
308,5,core_first,1,popular_group,0.12345679012345678,0.0,0.0,0.004901960784313725
308,5,core_first,1,raw_distance,0.12345679012345678,1.0,0.8,1.0
308,5,core_first,1,raw_correlation,0.12345679012345678,0.4,0.5,1.0
308,5,core_first,1,mf_latent,0.12345679012345678,1.0,1.0,1.0
308,5,core_first,1,mf_impute,0.12345679012345678,1.0,1.0,1.0
308,5,core_first,2,random,0.013580246913580247,0.0,0.1,0.125
308,5,core_first,2,popular_group,0.013580246913580247,0.0,0.0,0.0036231884057971015
308,5,core_first,2,raw_distance,0.013580246913580247,0.2,0.1,0.25
308,5,core_first,2,raw_correlation,0.013580246913580247,0.0,0.3,0.16666666666666666
308,5,core_first,2,mf_latent,0.013580246913580247,0.4,0.2,0.3333333333333333
308,5,core_first,2,mf_impute,0.013580246913580247,0.0,0.1,0.125
314,5,core_first,1,random,0.12345679012345678,0.0,0.0,0.07692307692307693
314,5,core_first,1,popular_group,0.12345679012345678,0.0,0.0,0.004901960784313725
314,5,core_first,1,raw_distance,0.12345679012345678,1.0,1.0,1.0
314,5,core_first,1,raw_correlation,0.12345679012345678,1.0,0.9,1.0
314,5,core_first,1,mf_latent,0.12345679012345678,1.0,1.0,1.0
314,5,core_first,1,mf_impute,0.12345679012345678,1.0,1.0,1.0
314,5,core_first,2,random,0.013580246913580247,0.0,0.0,0.007042253521126761
314,5,core_first,2,popular_group,0.013580246913580247,0.0,0.0,0.0036231884057971015
314,5,core_first,2,raw_distance,0.013580246913580247,0.0,0.0,0.05555555555555555
314,5,core_first,2,raw_correlation,0.013580246913580247,0.0,0.0,0.02857142857142857
314,5,core_first,2,mf_latent,0.013580246913580247,0.2,0.3,0.2
314,5,core_first,2,mf_impute,0.013580246913580247,0.2,0.1,0.2
320,5,core_first,1,random,0.1,0.2,0.1,1.0
320,5,core_first,1,popular_group,0.1,0.0,0.0,0.0033333333333333335
320,5,core_first,1,raw_distance,0.1,0.0,0.3,0.125
320,5,core_first,1,raw_correlation,0.1,0.0,0.0,0.003389830508474576
320,5,core_first,1,mf_latent,0.1,0.8,0.6,1.0
320,5,core_first,1,mf_impute,0.1,0.6,0.4,0.5
320,5,core_first,2,random,0.013580246913580247,0.0,0.0,0.013513513513513514
320,5,core_first,2,popular_group,0.013580246913580247,0.0,0.0,0.003424657534246575
320,5,core_first,2,raw_distance,0.013580246913580247,0.0,0.1,0.1
320,5,core_first,2,raw_correlation,0.013580246913580247,0.0,0.0,0.003389830508474576
320,5,core_first,2,mf_latent,0.013580246913580247,0.4,0.2,1.0
320,5,core_first,2,mf_impute,0.013580246913580247,0.2,0.1,0.5
325,5,core_first,1,random,0.1,0.4,0.3,1.0
325,5,core_first,1,popular_group,0.1,0.0,0.0,0.0033333333333333335
325,5,core_first,1,raw_distance,0.1,0.0,0.4,0.14285714285714285
325,5,core_first,1,raw_correlation,0.1,0.0,0.0,0.003389830508474576
325,5,core_first,1,mf_latent,0.1,0.8,0.5,1.0
325,5,core_first,1,mf_impute,0.1,0.4,0.4,1.0
325,5,core_first,2,random,0.013580246913580247,0.2,0.1,1.0
325,5,core_first,2,popular_group,0.013580246913580247,0.0,0.0,0.003424657534246575
325,5,core_first,2,raw_distance,0.013580246913580247,0.0,0.4,0.14285714285714285
325,5,core_first,2,raw_correlation,0.013580246913580247,0.0,0.0,0.003389830508474576
325,5,core_first,2,mf_latent,0.013580246913580247,0.8,0.5,1.0
325,5,core_first,2,mf_impute,0.013580246913580247,0.4,0.4,1.0
336,5,core_first,1,random,0.1,0.0,0.1,0.1111111111111111
336,5,core_first,1,popular_group,0.1,0.0,0.0,0.0033333333333333335
336,5,core_first,1,raw_distance,0.1,0.2,0.5,0.2
336,5,core_first,1,raw_correlation,0.1,0.0,0.2,0.1111111111111111
336,5,core_first,1,mf_latent,0.1,0.8,0.5,1.0
336,5,core_first,1,mf_impute,0.1,0.2,0.2,0.2
336,5,core_first,2,random,0.04814814814814815,0.0,0.0,0.03225806451612903
336,5,core_first,2,popular_group,0.04814814814814815,0.0,0.0,0.003246753246753247
336,5,core_first,2,raw_distance,0.04814814814814815,0.2,0.4,0.2
336,5,core_first,2,raw_correlation,0.04814814814814815,0.0,0.2,0.1111111111111111
336,5,core_first,2,mf_latent,0.04814814814814815,0.8,0.5,1.0
336,5,core_first,2,mf_impute,0.04814814814814815,0.2,0.2,0.2
352,5,core_first,1,random,0.1,0.2,0.1,0.3333333333333333
352,5,core_first,1,popular_group,0.1,0.0,0.0,0.0033333333333333335
352,5,core_first,1,raw_distance,0.1,0.2,0.2,0.5
352,5,core_first,1,raw_correlation,0.1,0.2,0.2,0.3333333333333333
352,5,core_first,1,mf_latent,0.1,0.0,0.0,0.03225806451612903
352,5,core_first,1,mf_impute,0.1,0.2,0.2,0.5
352,5,core_first,2,random,0.04814814814814815,0.0,0.0,0.041666666666666664
352,5,core_first,2,popular_group,0.04814814814814815,0.0,0.0,0.003246753246753247
352,5,core_first,2,raw_distance,0.04814814814814815,0.2,0.2,0.5
352,5,core_first,2,raw_correlation,0.04814814814814815,0.2,0.2,0.3333333333333333
352,5,core_first,2,mf_latent,0.04814814814814815,0.0,0.0,0.03125
352,5,core_first,2,mf_impute,0.04814814814814815,0.0,0.0,0.07142857142857142
357,5,core_first,1,random,0.1,0.2,0.3,1.0
357,5,core_first,1,popular_group,0.1,0.0,0.0,0.0033333333333333335
357,5,core_first,1,raw_distance,0.1,0.0,0.4,0.14285714285714285
357,5,core_first,1,raw_correlation,0.1,0.0,0.0,0.003389830508474576
357,5,core_first,1,mf_latent,0.1,0.8,0.8,1.0
357,5,core_first,1,mf_impute,0.1,1.0,0.8,1.0
357,5,core_first,2,random,0.04814814814814815,0.0,0.2,0.16666666666666666
357,5,core_first,2,popular_group,0.04814814814814815,0.0,0.0,0.003246753246753247
357,5,core_first,2,raw_distance,0.04814814814814815,0.0,0.4,0.14285714285714285
357,5,core_first,2,raw_correlation,0.04814814814814815,0.0,0.0,0.0032679738562091504
357,5,core_first,2,mf_latent,0.04814814814814815,0.8,0.8,1.0
357,5,core_first,2,mf_impute,0.04814814814814815,1.0,0.7,1.0
359,5,core_first,1,random,0.1,0.2,0.2,1.0
359,5,core_first,1,popular_group,0.1,0.0,0.0,0.0033333333333333335
359,5,core_first,1,raw_distance,0.1,0.2,0.3,0.5
359,5,core_first,1,raw_correlation,0.1,0.0,0.0,0.003389830508474576
359,5,core_first,1,mf_latent,0.1,0.2,0.1,1.0
359,5,core_first,1,mf_impute,0.1,0.4,0.4,1.0
359,5,core_first,2,random,0.04814814814814815,0.2,0.1,1.0
359,5,core_first,2,popular_group,0.04814814814814815,0.0,0.0,0.003246753246753247
359,5,core_first,2,raw_distance,0.04814814814814815,0.0,0.1,0.1111111111111111
359,5,core_first,2,raw_correlation,0.04814814814814815,0.0,0.0,0.0032679738562091504
359,5,core_first,2,mf_latent,0.04814814814814815,0.0,0.0,0.058823529411764705
359,5,core_first,2,mf_impute,0.04814814814814815,0.0,0.0,0.06666666666666667
372,5,core_first,1,random,0.1,0.0,0.1,0.125
372,5,core_first,1,popular_group,0.1,0.0,0.0,0.0033333333333333335
372,5,core_first,1,raw_distance,0.1,0.2,0.2,0.2
372,5,core_first,1,raw_correlation,0.1,0.0,0.0,0.003389830508474576
372,5,core_first,1,mf_latent,0.1,1.0,1.0,1.0
372,5,core_first,1,mf_impute,0.1,0.8,0.7,0.5
372,5,core_first,2,random,0.04814814814814815,0.0,0.0,0.05555555555555555
372,5,core_first,2,popular_group,0.04814814814814815,0.0,0.0,0.003246753246753247
372,5,core_first,2,raw_distance,0.04814814814814815,0.2,0.2,0.2
372,5,core_first,2,raw_correlation,0.04814814814814815,0.0,0.0,0.0032679738562091504
372,5,core_first,2,mf_latent,0.04814814814814815,1.0,1.0,1.0
372,5,core_first,2,mf_impute,0.04814814814814815,0.8,0.7,0.5
373,5,core_first,1,random,0.1,0.0,0.0,0.05
373,5,core_first,1,popular_group,0.1,0.0,0.0,0.0033333333333333335
373,5,core_first,1,raw_distance,0.1,0.0,0.2,0.14285714285714285
373,5,core_first,1,raw_correlation,0.1,0.0,0.0,0.003389830508474576
373,5,core_first,1,mf_latent,0.1,1.0,1.0,1.0
373,5,core_first,1,mf_impute,0.1,0.8,0.7,0.5
373,5,core_first,2,random,0.04814814814814815,0.0,0.0,0.05
373,5,core_first,2,popular_group,0.04814814814814815,0.0,0.0,0.003246753246753247
373,5,core_first,2,raw_distance,0.04814814814814815,0.0,0.2,0.14285714285714285
373,5,core_first,2,raw_correlation,0.04814814814814815,0.0,0.0,0.0032679738562091504
373,5,core_first,2,mf_latent,0.04814814814814815,1.0,1.0,1.0
373,5,core_first,2,mf_impute,0.04814814814814815,0.8,0.7,0.5
378,5,core_first,1,random,0.1,0.0,0.2,0.1111111111111111
378,5,core_first,1,popular_group,0.1,0.0,0.0,0.0033333333333333335
378,5,core_first,1,raw_distance,0.1,0.8,0.8,1.0
378,5,core_first,1,raw_correlation,0.1,0.0,0.0,0.003389830508474576
378,5,core_first,1,mf_latent,0.1,0.2,0.1,1.0
378,5,core_first,1,mf_impute,0.1,0.2,0.1,1.0
378,5,core_first,2,random,0.012345679012345678,0.0,0.1,0.1111111111111111
378,5,core_first,2,popular_group,0.012345679012345678,0.0,0.0,0.0029411764705882353
378,5,core_first,2,raw_distance,0.012345679012345678,0.2,0.2,0.5
378,5,core_first,2,raw_correlation,0.012345679012345678,0.0,0.0,0.002898550724637681
378,5,core_first,2,mf_latent,0.012345679012345678,0.0,0.0,0.024390243902439025
378,5,core_first,2,mf_impute,0.012345679012345678,0.0,0.0,0.01282051282051282
381,5,core_first,1,random,0.1,0.0,0.0,0.07692307692307693
381,5,core_first,1,popular_group,0.1,0.0,0.0,0.0033333333333333335
381,5,core_first,1,raw_distance,0.1,0.0,0.3,0.125
381,5,core_first,1,raw_correlation,0.1,0.0,0.0,0.003389830508474576
381,5,core_first,1,mf_latent,0.1,1.0,0.9,1.0
381,5,core_first,1,mf_impute,0.1,0.4,0.2,0.25
381,5,core_first,2,random,0.012345679012345678,0.0,0.0,0.011764705882352941
381,5,core_first,2,popular_group,0.012345679012345678,0.0,0.0,0.0029411764705882353
381,5,core_first,2,raw_distance,0.012345679012345678,0.0,0.0,0.05
381,5,core_first,2,raw_correlation,0.012345679012345678,0.0,0.0,0.002898550724637681
381,5,core_first,2,mf_latent,0.012345679012345678,0.0,0.0,0.0196078431372549
381,5,core_first,2,mf_impute,0.012345679012345678,0.0,0.0,0.030303030303030304
389,5,core_first,1,random,0.1,0.0,0.2,0.125
389,5,core_first,1,popular_group,0.1,0.0,0.0,0.0033333333333333335
389,5,core_first,1,raw_distance,0.1,0.8,0.9,1.0
389,5,core_first,1,raw_correlation,0.1,0.2,0.2,0.2
389,5,core_first,1,mf_latent,0.1,0.8,0.7,0.5
389,5,core_first,1,mf_impute,0.1,0.2,0.1,0.3333333333333333
389,5,core_first,2,random,0.012345679012345678,0.0,0.1,0.1111111111111111
389,5,core_first,2,popular_group,0.012345679012345678,0.0,0.0,0.0029411764705882353
389,5,core_first,2,raw_distance,0.012345679012345678,0.0,0.0,0.0625
389,5,core_first,2,raw_correlation,0.012345679012345678,0.0,0.0,0.00684931506849315
389,5,core_first,2,mf_latent,0.012345679012345678,0.2,0.1,0.3333333333333333
389,5,core_first,2,mf_impute,0.012345679012345678,0.0,0.0,0.058823529411764705
403,5,core_first,1,random,0.1,0.0,0.1,0.125
403,5,core_first,1,popular_group,0.1,0.0,0.0,0.0033333333333333335
403,5,core_first,1,raw_distance,0.1,0.0,0.1,0.1
403,5,core_first,1,raw_correlation,0.1,0.0,0.0,0.003389830508474576
403,5,core_first,1,mf_latent,0.1,0.0,0.0,0.013157894736842105
403,5,core_first,1,mf_impute,0.1,0.0,0.0,0.006756756756756757
403,5,core_first,2,random,0.020987654320987655,0.0,0.0,0.004464285714285714
403,5,core_first,2,popular_group,0.020987654320987655,0.0,0.0,0.0028089887640449437
403,5,core_first,2,raw_distance,0.020987654320987655,0.0,0.0,0.05
403,5,core_first,2,raw_correlation,0.020987654320987655,0.0,0.0,0.0028169014084507044
403,5,core_first,2,mf_latent,0.020987654320987655,0.0,0.0,0.009009009009009009
403,5,core_first,2,mf_impute,0.020987654320987655,0.0,0.0,0.006756756756756757
408,5,core_first,1,random,0.1,0.2,0.1,0.25
408,5,core_first,1,popular_group,0.1,0.0,0.0,0.0033333333333333335
408,5,core_first,1,raw_distance,0.1,0.0,0.2,0.14285714285714285
408,5,core_first,1,raw_correlation,0.1,0.6,0.3,1.0
408,5,core_first,1,mf_latent,0.1,0.0,0.1,0.14285714285714285
408,5,core_first,1,mf_impute,0.1,0.0,0.0,0.034482758620689655
408,5,core_first,2,random,0.003703703703703704,0.0,0.0,0.004366812227074236
408,5,core_first,2,popular_group,0.003703703703703704,0.0,0.0,0.002617801047120419
408,5,core_first,2,raw_distance,0.003703703703703704,0.0,0.2,0.14285714285714285
408,5,core_first,2,raw_correlation,0.003703703703703704,0.4,0.2,1.0
408,5,core_first,2,mf_latent,0.003703703703703704,0.0,0.1,0.14285714285714285
408,5,core_first,2,mf_impute,0.003703703703703704,0.0,0.0,0.016666666666666666
413,5,core_first,1,random,0.1,0.0,0.1,0.1111111111111111
413,5,core_first,1,popular_group,0.1,0.0,0.0,0.0033333333333333335
413,5,core_first,1,raw_distance,0.1,0.0,0.0,0.05263157894736842
413,5,core_first,1,raw_correlation,0.1,0.0,0.0,0.003389830508474576
413,5,core_first,1,mf_latent,0.1,0.0,0.0,0.02857142857142857
413,5,core_first,1,mf_impute,0.1,0.0,0.0,0.03333333333333333
413,5,core_first,2,random,0.0012345679012345679,0.0,0.0,0.0022271714922048997
413,5,core_first,2,popular_group,0.0012345679012345679,0.0,0.0,0.0026246719160104987
413,5,core_first,2,raw_distance,0.0012345679012345679,0.0,0.0,0.002004008016032064
413,5,core_first,2,raw_correlation,0.0012345679012345679,0.0,0.0,0.0026666666666666666
413,5,core_first,2,mf_latent,0.0012345679012345679,0.0,0.0,0.0029940119760479044
413,5,core_first,2,mf_impute,0.0012345679012345679,0.0,0.0,0.0021691973969631237
415,5,core_first,1,random,0.10123456790123457,0.2,0.1,1.0
415,5,core_first,1,popular_group,0.10123456790123457,0.0,0.0,0.002631578947368421
415,5,core_first,1,raw_distance,0.10123456790123457,0.0,0.0,0.0196078431372549
415,5,core_first,1,raw_correlation,0.10123456790123457,0.0,0.0,0.0026595744680851063
415,5,core_first,1,mf_latent,0.10123456790123457,0.0,0.0,0.024390243902439025
415,5,core_first,1,mf_impute,0.10123456790123457,0.0,0.0,0.017857142857142856
415,5,core_first,2,random,0.0024691358024691358,0.0,0.0,0.0045662100456621
415,5,core_first,2,popular_group,0.0024691358024691358,0.0,0.0,0.002638522427440633
415,5,core_first,2,raw_distance,0.0024691358024691358,0.0,0.0,0.0196078431372549
415,5,core_first,2,raw_correlation,0.0024691358024691358,0.0,0.0,0.0026595744680851063
415,5,core_first,2,mf_latent,0.0024691358024691358,0.0,0.0,0.024390243902439025
415,5,core_first,2,mf_impute,0.0024691358024691358,0.0,0.0,0.017857142857142856
421,5,core_first,1,random,0.10123456790123457,0.2,0.2,1.0
421,5,core_first,1,popular_group,0.10123456790123457,0.0,0.0,0.002631578947368421
421,5,core_first,1,raw_distance,0.10123456790123457,0.0,0.0,0.009523809523809525
421,5,core_first,1,raw_correlation,0.10123456790123457,0.0,0.0,0.0026595744680851063
421,5,core_first,1,mf_latent,0.10123456790123457,0.0,0.0,0.009615384615384616
421,5,core_first,1,mf_impute,0.10123456790123457,0.0,0.0,0.010309278350515464
421,5,core_first,2,random,0.028395061728395062,0.0,0.0,0.030303030303030304
421,5,core_first,2,popular_group,0.028395061728395062,0.0,0.0,0.002688172043010753
421,5,core_first,2,raw_distance,0.028395061728395062,0.0,0.0,0.009523809523809525
421,5,core_first,2,raw_correlation,0.028395061728395062,0.0,0.0,0.0026455026455026454
421,5,core_first,2,mf_latent,0.028395061728395062,0.0,0.0,0.009615384615384616
421,5,core_first,2,mf_impute,0.028395061728395062,0.0,0.0,0.007246376811594203
424,5,core_first,1,random,0.10123456790123457,0.0,0.0,0.08333333333333333
424,5,core_first,1,popular_group,0.10123456790123457,0.0,0.0,0.002631578947368421
424,5,core_first,1,raw_distance,0.10123456790123457,0.2,0.1,1.0
424,5,core_first,1,raw_correlation,0.10123456790123457,0.0,0.0,0.0026595744680851063
424,5,core_first,1,mf_latent,0.10123456790123457,0.0,0.0,0.04
424,5,core_first,1,mf_impute,0.10123456790123457,0.0,0.0,0.010752688172043012
424,5,core_first,2,random,0.028395061728395062,0.0,0.0,0.01639344262295082
424,5,core_first,2,popular_group,0.028395061728395062,0.0,0.0,0.002688172043010753
424,5,core_first,2,raw_distance,0.028395061728395062,0.2,0.1,1.0
424,5,core_first,2,raw_correlation,0.028395061728395062,0.0,0.0,0.0026455026455026454
424,5,core_first,2,mf_latent,0.028395061728395062,0.0,0.0,0.04
424,5,core_first,2,mf_impute,0.028395061728395062,0.0,0.0,0.010752688172043012
430,5,core_first,1,random,0.10123456790123457,0.2,0.1,0.2
430,5,core_first,1,popular_group,0.10123456790123457,0.0,0.0,0.002631578947368421
430,5,core_first,1,raw_distance,0.10123456790123457,0.2,0.1,1.0
430,5,core_first,1,raw_correlation,0.10123456790123457,0.0,0.0,0.0026595744680851063
430,5,core_first,1,mf_latent,0.10123456790123457,0.0,0.0,0.012345679012345678
430,5,core_first,1,mf_impute,0.10123456790123457,0.0,0.0,0.008064516129032258
430,5,core_first,2,random,0.028395061728395062,0.0,0.0,0.038461538461538464
430,5,core_first,2,popular_group,0.028395061728395062,0.0,0.0,0.002688172043010753
430,5,core_first,2,raw_distance,0.028395061728395062,0.2,0.1,1.0
430,5,core_first,2,raw_correlation,0.028395061728395062,0.0,0.0,0.0026455026455026454
430,5,core_first,2,mf_latent,0.028395061728395062,0.0,0.0,0.012345679012345678
430,5,core_first,2,mf_impute,0.028395061728395062,0.0,0.0,0.008064516129032258
432,5,core_first,1,random,0.10123456790123457,0.2,0.2,0.5
432,5,core_first,1,popular_group,0.10123456790123457,0.0,0.0,0.002631578947368421
432,5,core_first,1,raw_distance,0.10123456790123457,0.0,0.1,0.1
432,5,core_first,1,raw_correlation,0.10123456790123457,0.0,0.0,0.0026595744680851063
432,5,core_first,1,mf_latent,0.10123456790123457,0.0,0.1,0.16666666666666666
432,5,core_first,1,mf_impute,0.10123456790123457,0.0,0.0,0.02040816326530612
432,5,core_first,2,random,0.028395061728395062,0.2,0.2,0.5
432,5,core_first,2,popular_group,0.028395061728395062,0.0,0.0,0.002688172043010753
432,5,core_first,2,raw_distance,0.028395061728395062,0.0,0.1,0.1
432,5,core_first,2,raw_correlation,0.028395061728395062,0.0,0.0,0.0026455026455026454
432,5,core_first,2,mf_latent,0.028395061728395062,0.0,0.1,0.16666666666666666
432,5,core_first,2,mf_impute,0.028395061728395062,0.0,0.0,0.015873015873015872
457,5,core_first,1,random,0.10123456790123457,0.0,0.1,0.1
457,5,core_first,1,popular_group,0.10123456790123457,0.0,0.0,0.002631578947368421
457,5,core_first,1,raw_distance,0.10123456790123457,0.2,0.1,1.0
457,5,core_first,1,raw_correlation,0.10123456790123457,0.0,0.0,0.0026595744680851063
457,5,core_first,1,mf_latent,0.10123456790123457,0.4,0.4,1.0
457,5,core_first,1,mf_impute,0.10123456790123457,0.4,0.3,1.0
457,5,core_first,2,random,0.019753086419753086,0.0,0.0,0.015873015873015872
457,5,core_first,2,popular_group,0.019753086419753086,0.0,0.0,0.0024752475247524753
457,5,core_first,2,raw_distance,0.019753086419753086,0.0,0.0,0.047619047619047616
457,5,core_first,2,raw_correlation,0.019753086419753086,0.0,0.0,0.0024937655860349127
457,5,core_first,2,mf_latent,0.019753086419753086,0.2,0.1,0.2
457,5,core_first,2,mf_impute,0.019753086419753086,0.0,0.0,0.02631578947368421
468,5,core_first,1,random,0.10123456790123457,0.2,0.2,0.3333333333333333
468,5,core_first,1,popular_group,0.10123456790123457,0.0,0.0,0.002631578947368421
468,5,core_first,1,raw_distance,0.10123456790123457,0.0,0.0,0.08333333333333333
468,5,core_first,1,raw_correlation,0.10123456790123457,0.0,0.0,0.01694915254237288
468,5,core_first,1,mf_latent,0.10123456790123457,0.0,0.0,0.019230769230769232
468,5,core_first,1,mf_impute,0.10123456790123457,0.0,0.0,0.013333333333333334
468,5,core_first,2,random,0.044444444444444446,0.2,0.2,0.3333333333333333
468,5,core_first,2,popular_group,0.044444444444444446,0.0,0.0,0.002380952380952381
468,5,core_first,2,raw_distance,0.044444444444444446,0.0,0.0,0.0625
468,5,core_first,2,raw_correlation,0.044444444444444446,0.0,0.0,0.01694915254237288
468,5,core_first,2,mf_latent,0.044444444444444446,0.0,0.0,0.019230769230769232
468,5,core_first,2,mf_impute,0.044444444444444446,0.0,0.0,0.013333333333333334
473,5,core_first,1,random,0.10123456790123457,0.0,0.1,0.125
473,5,core_first,1,popular_group,0.10123456790123457,0.0,0.0,0.002631578947368421
473,5,core_first,1,raw_distance,0.10123456790123457,0.0,0.2,0.14285714285714285
473,5,core_first,1,raw_correlation,0.10123456790123457,0.0,0.0,0.0026595744680851063
473,5,core_first,1,mf_latent,0.10123456790123457,0.0,0.0,0.02857142857142857
473,5,core_first,1,mf_impute,0.10123456790123457,0.0,0.0,0.012987012987012988
473,5,core_first,2,random,0.044444444444444446,0.0,0.0,0.043478260869565216
473,5,core_first,2,popular_group,0.044444444444444446,0.0,0.0,0.002380952380952381
473,5,core_first,2,raw_distance,0.044444444444444446,0.0,0.0,0.030303030303030304
473,5,core_first,2,raw_correlation,0.044444444444444446,0.0,0.0,0.002398081534772182
473,5,core_first,2,mf_latent,0.044444444444444446,0.0,0.0,0.02857142857142857
473,5,core_first,2,mf_impute,0.044444444444444446,0.0,0.0,0.010416666666666666
501,5,core_first,1,random,0.10123456790123457,0.0,0.1,0.1111111111111111
501,5,core_first,1,popular_group,0.10123456790123457,0.0,0.0,0.002631578947368421
501,5,core_first,1,raw_distance,0.10123456790123457,0.8,0.7,1.0
501,5,core_first,1,raw_correlation,0.10123456790123457,0.4,0.5,1.0
501,5,core_first,1,mf_latent,0.10123456790123457,0.4,0.6,0.5
501,5,core_first,1,mf_impute,0.10123456790123457,1.0,0.6,1.0
501,5,core_first,2,random,0.003703703703703704,0.0,0.0,0.011111111111111112
501,5,core_first,2,popular_group,0.003703703703703704,0.0,0.0,0.002178649237472767
501,5,core_first,2,raw_distance,0.003703703703703704,0.2,0.1,0.3333333333333333
501,5,core_first,2,raw_correlation,0.003703703703703704,0.0,0.0,0.09090909090909091
501,5,core_first,2,mf_latent,0.003703703703703704,0.0,0.1,0.125
501,5,core_first,2,mf_impute,0.003703703703703704,0.0,0.0,0.018518518518518517
532,5,core_first,1,random,0.12098765432098765,0.2,0.1,1.0
532,5,core_first,1,popular_group,0.12098765432098765,0.0,0.0,0.002173913043478261
532,5,core_first,1,raw_distance,0.12098765432098765,0.2,0.1,0.25
532,5,core_first,1,raw_correlation,0.12098765432098765,0.4,0.2,1.0
532,5,core_first,1,mf_latent,0.12098765432098765,0.0,0.0,0.09090909090909091
532,5,core_first,1,mf_impute,0.12098765432098765,0.0,0.1,0.1
532,5,core_first,2,random,0.018518518518518517,0.0,0.0,0.03571428571428571
532,5,core_first,2,popular_group,0.018518518518518517,0.0,0.0,0.002136752136752137
532,5,core_first,2,raw_distance,0.018518518518518517,0.2,0.1,0.25
532,5,core_first,2,raw_correlation,0.018518518518518517,0.2,0.1,1.0
532,5,core_first,2,mf_latent,0.018518518518518517,0.0,0.0,0.07692307692307693
532,5,core_first,2,mf_impute,0.018518518518518517,0.0,0.0,0.021739130434782608
536,5,core_first,1,random,0.12098765432098765,0.0,0.0,0.05555555555555555
536,5,core_first,1,popular_group,0.12098765432098765,0.0,0.0,0.002173913043478261
536,5,core_first,1,raw_distance,0.12098765432098765,0.6,0.3,1.0
536,5,core_first,1,raw_correlation,0.12098765432098765,0.6,0.3,0.5
536,5,core_first,1,mf_latent,0.12098765432098765,0.4,0.6,0.3333333333333333
536,5,core_first,1,mf_impute,0.12098765432098765,0.0,0.1,0.125
536,5,core_first,2,random,0.018518518518518517,0.0,0.0,0.03225806451612903
536,5,core_first,2,popular_group,0.018518518518518517,0.0,0.0,0.002136752136752137
536,5,core_first,2,raw_distance,0.018518518518518517,0.6,0.3,1.0
536,5,core_first,2,raw_correlation,0.018518518518518517,0.6,0.3,0.5
536,5,core_first,2,mf_latent,0.018518518518518517,0.4,0.5,0.3333333333333333
536,5,core_first,2,mf_impute,0.018518518518518517,0.0,0.0,0.0625
538,5,core_first,1,random,0.12098765432098765,0.0,0.3,0.125
538,5,core_first,1,popular_group,0.12098765432098765,0.0,0.0,0.002173913043478261
538,5,core_first,1,raw_distance,0.12098765432098765,0.2,0.2,0.25
538,5,core_first,1,raw_correlation,0.12098765432098765,0.0,0.0,0.07692307692307693
538,5,core_first,1,mf_latent,0.12098765432098765,0.0,0.0,0.05555555555555555
538,5,core_first,1,mf_impute,0.12098765432098765,0.0,0.0,0.010526315789473684
538,5,core_first,2,random,0.018518518518518517,0.0,0.1,0.125
538,5,core_first,2,popular_group,0.018518518518518517,0.0,0.0,0.002136752136752137
538,5,core_first,2,raw_distance,0.018518518518518517,0.2,0.2,0.25
538,5,core_first,2,raw_correlation,0.018518518518518517,0.0,0.0,0.07692307692307693
538,5,core_first,2,mf_latent,0.018518518518518517,0.0,0.0,0.030303030303030304
538,5,core_first,2,mf_impute,0.018518518518518517,0.0,0.0,0.010526315789473684
563,5,core_first,1,random,0.12098765432098765,0.0,0.2,0.125
563,5,core_first,1,popular_group,0.12098765432098765,0.0,0.0,0.002173913043478261
563,5,core_first,1,raw_distance,0.12098765432098765,0.0,0.1,0.1
563,5,core_first,1,raw_correlation,0.12098765432098765,0.0,0.1,0.1111111111111111
563,5,core_first,1,mf_latent,0.12098765432098765,1.0,0.8,1.0
563,5,core_first,1,mf_impute,0.12098765432098765,0.6,0.7,1.0
563,5,core_first,2,random,0.03827160493827161,0.0,0.0,0.05263157894736842
563,5,core_first,2,popular_group,0.03827160493827161,0.0,0.0,0.002066115702479339
563,5,core_first,2,raw_distance,0.03827160493827161,0.0,0.0,0.01818181818181818
563,5,core_first,2,raw_correlation,0.03827160493827161,0.0,0.0,0.00909090909090909
563,5,core_first,2,mf_latent,0.03827160493827161,0.2,0.1,0.25
563,5,core_first,2,mf_impute,0.03827160493827161,0.2,0.1,0.2
570,5,core_first,1,random,0.12098765432098765,0.0,0.0,0.07142857142857142
570,5,core_first,1,popular_group,0.12098765432098765,0.0,0.0,0.002173913043478261
570,5,core_first,1,raw_distance,0.12098765432098765,0.6,0.5,1.0
570,5,core_first,1,raw_correlation,0.12098765432098765,0.2,0.3,0.5
570,5,core_first,1,mf_latent,0.12098765432098765,1.0,0.9,1.0
570,5,core_first,1,mf_impute,0.12098765432098765,0.0,0.1,0.1111111111111111
570,5,core_first,2,random,0.03827160493827161,0.0,0.0,0.023255813953488372
570,5,core_first,2,popular_group,0.03827160493827161,0.0,0.0,0.002066115702479339
570,5,core_first,2,raw_distance,0.03827160493827161,0.0,0.0,0.058823529411764705
570,5,core_first,2,raw_correlation,0.03827160493827161,0.0,0.2,0.1111111111111111
570,5,core_first,2,mf_latent,0.03827160493827161,0.6,0.5,0.3333333333333333
570,5,core_first,2,mf_impute,0.03827160493827161,0.0,0.0,0.027777777777777776
582,5,core_first,1,random,0.12098765432098765,0.0,0.1,0.125
582,5,core_first,1,popular_group,0.12098765432098765,0.0,0.0,0.002173913043478261
582,5,core_first,1,raw_distance,0.12098765432098765,0.4,0.3,0.25
582,5,core_first,1,raw_correlation,0.12098765432098765,0.0,0.0,0.002183406113537118
582,5,core_first,1,mf_latent,0.12098765432098765,0.4,0.4,1.0
582,5,core_first,1,mf_impute,0.12098765432098765,0.0,0.2,0.14285714285714285
582,5,core_first,2,random,0.037037037037037035,0.0,0.1,0.125
582,5,core_first,2,popular_group,0.037037037037037035,0.0,0.0,0.001937984496124031
582,5,core_first,2,raw_distance,0.037037037037037035,0.0,0.0,0.029411764705882353
582,5,core_first,2,raw_correlation,0.037037037037037035,0.0,0.0,0.0019011406844106464
582,5,core_first,2,mf_latent,0.037037037037037035,0.0,0.0,0.007352941176470588
582,5,core_first,2,mf_impute,0.037037037037037035,0.0,0.0,0.0027624309392265192
591,5,core_first,1,random,0.12098765432098765,0.0,0.0,0.058823529411764705
591,5,core_first,1,popular_group,0.12098765432098765,0.0,0.0,0.002173913043478261
591,5,core_first,1,raw_distance,0.12098765432098765,0.6,0.7,0.5
591,5,core_first,1,raw_correlation,0.12098765432098765,0.0,0.0,0.002183406113537118
591,5,core_first,1,mf_latent,0.12098765432098765,0.2,0.3,0.5
591,5,core_first,1,mf_impute,0.12098765432098765,0.0,0.0,0.09090909090909091
591,5,core_first,2,random,0.037037037037037035,0.0,0.0,0.047619047619047616
591,5,core_first,2,popular_group,0.037037037037037035,0.0,0.0,0.001937984496124031
591,5,core_first,2,raw_distance,0.037037037037037035,0.0,0.0,0.034482758620689655
591,5,core_first,2,raw_correlation,0.037037037037037035,0.0,0.0,0.0019011406844106464
591,5,core_first,2,mf_latent,0.037037037037037035,0.2,0.1,0.5
591,5,core_first,2,mf_impute,0.037037037037037035,0.0,0.0,0.014285714285714285
594,5,core_first,1,random,0.12098765432098765,0.0,0.0,0.05263157894736842
594,5,core_first,1,popular_group,0.12098765432098765,0.0,0.0,0.002173913043478261
594,5,core_first,1,raw_distance,0.12098765432098765,0.4,0.5,1.0
594,5,core_first,1,raw_correlation,0.12098765432098765,0.4,0.4,0.5
594,5,core_first,1,mf_latent,0.12098765432098765,0.8,0.6,1.0
594,5,core_first,1,mf_impute,0.12098765432098765,0.6,0.5,1.0
594,5,core_first,2,random,0.037037037037037035,0.0,0.0,0.013333333333333334
594,5,core_first,2,popular_group,0.037037037037037035,0.0,0.0,0.001937984496124031
594,5,core_first,2,raw_distance,0.037037037037037035,0.4,0.3,1.0
594,5,core_first,2,raw_correlation,0.037037037037037035,0.4,0.3,0.5
594,5,core_first,2,mf_latent,0.037037037037037035,0.2,0.2,0.25
594,5,core_first,2,mf_impute,0.037037037037037035,0.0,0.0,0.0196078431372549
596,5,core_first,1,random,0.12098765432098765,0.0,0.2,0.16666666666666666
596,5,core_first,1,popular_group,0.12098765432098765,0.0,0.0,0.002173913043478261
596,5,core_first,1,raw_distance,0.12098765432098765,0.0,0.2,0.1111111111111111
596,5,core_first,1,raw_correlation,0.12098765432098765,0.0,0.0,0.002183406113537118
596,5,core_first,1,mf_latent,0.12098765432098765,0.4,0.4,0.5
596,5,core_first,1,mf_impute,0.12098765432098765,0.2,0.1,0.3333333333333333
596,5,core_first,2,random,0.037037037037037035,0.0,0.1,0.16666666666666666
596,5,core_first,2,popular_group,0.037037037037037035,0.0,0.0,0.001937984496124031
596,5,core_first,2,raw_distance,0.037037037037037035,0.0,0.0,0.005154639175257732
596,5,core_first,2,raw_correlation,0.037037037037037035,0.0,0.0,0.0019011406844106464
596,5,core_first,2,mf_latent,0.037037037037037035,0.0,0.0,0.0033003300330033004
596,5,core_first,2,mf_impute,0.037037037037037035,0.0,0.0,0.002380952380952381
597,5,core_first,1,random,0.12098765432098765,0.0,0.2,0.14285714285714285
597,5,core_first,1,popular_group,0.12098765432098765,0.0,0.0,0.002173913043478261
597,5,core_first,1,raw_distance,0.12098765432098765,0.6,0.7,0.5
597,5,core_first,1,raw_correlation,0.12098765432098765,0.0,0.0,0.002183406113537118
597,5,core_first,1,mf_latent,0.12098765432098765,0.2,0.3,0.5
597,5,core_first,1,mf_impute,0.12098765432098765,0.0,0.0,0.09090909090909091
597,5,core_first,2,random,0.037037037037037035,0.0,0.1,0.14285714285714285
597,5,core_first,2,popular_group,0.037037037037037035,0.0,0.0,0.001937984496124031
597,5,core_first,2,raw_distance,0.037037037037037035,0.0,0.0,0.034482758620689655
597,5,core_first,2,raw_correlation,0.037037037037037035,0.0,0.0,0.0019011406844106464
597,5,core_first,2,mf_latent,0.037037037037037035,0.2,0.1,0.5
597,5,core_first,2,mf_impute,0.037037037037037035,0.0,0.0,0.014285714285714285
605,5,core_first,1,random,0.12098765432098765,0.2,0.3,0.3333333333333333
605,5,core_first,1,popular_group,0.12098765432098765,0.0,0.0,0.002173913043478261
605,5,core_first,1,raw_distance,0.12098765432098765,0.0,0.0,0.043478260869565216
605,5,core_first,1,raw_correlation,0.12098765432098765,0.0,0.0,0.002183406113537118
605,5,core_first,1,mf_latent,0.12098765432098765,0.0,0.1,0.1111111111111111
605,5,core_first,1,mf_impute,0.12098765432098765,0.0,0.0,0.023809523809523808
605,5,core_first,2,random,0.037037037037037035,0.2,0.3,0.3333333333333333
605,5,core_first,2,popular_group,0.037037037037037035,0.0,0.0,0.001937984496124031
605,5,core_first,2,raw_distance,0.037037037037037035,0.0,0.0,0.003389830508474576
605,5,core_first,2,raw_correlation,0.037037037037037035,0.0,0.0,0.0019011406844106464
605,5,core_first,2,mf_latent,0.037037037037037035,0.0,0.0,0.008771929824561403
605,5,core_first,2,mf_impute,0.037037037037037035,0.0,0.0,0.004694835680751174
607,5,core_first,1,random,0.12098765432098765,0.0,0.1,0.125
607,5,core_first,1,popular_group,0.12098765432098765,0.0,0.0,0.002173913043478261
607,5,core_first,1,raw_distance,0.12098765432098765,0.0,0.0,0.022222222222222223
607,5,core_first,1,raw_correlation,0.12098765432098765,0.4,0.2,0.25
607,5,core_first,1,mf_latent,0.12098765432098765,0.0,0.0,0.09090909090909091
607,5,core_first,1,mf_impute,0.12098765432098765,0.2,0.1,0.2
607,5,core_first,2,random,0.037037037037037035,0.0,0.0,0.008695652173913044
607,5,core_first,2,popular_group,0.037037037037037035,0.0,0.0,0.001937984496124031
607,5,core_first,2,raw_distance,0.037037037037037035,0.0,0.0,0.022222222222222223
607,5,core_first,2,raw_correlation,0.037037037037037035,0.2,0.1,0.25
607,5,core_first,2,mf_latent,0.037037037037037035,0.0,0.0,0.01020408163265306
607,5,core_first,2,mf_impute,0.037037037037037035,0.0,0.0,0.009523809523809525
627,5,core_first,1,random,0.15185185185185185,0.0,0.0,0.06666666666666667
627,5,core_first,1,popular_group,0.15185185185185185,1.0,1.0,1.0
627,5,core_first,1,raw_distance,0.15185185185185185,0.4,0.2,0.5
627,5,core_first,1,raw_correlation,0.15185185185185185,0.0,0.3,0.14285714285714285
627,5,core_first,1,mf_latent,0.15185185185185185,0.2,0.3,0.5
627,5,core_first,1,mf_impute,0.15185185185185185,0.8,0.5,1.0
627,5,core_first,2,random,0.08271604938271605,0.0,0.0,0.058823529411764705
627,5,core_first,2,popular_group,0.08271604938271605,1.0,1.0,1.0
627,5,core_first,2,raw_distance,0.08271604938271605,0.2,0.1,0.3333333333333333
627,5,core_first,2,raw_correlation,0.08271604938271605,0.0,0.1,0.14285714285714285
627,5,core_first,2,mf_latent,0.08271604938271605,0.2,0.2,0.5
627,5,core_first,2,mf_impute,0.08271604938271605,0.8,0.5,1.0
628,5,core_first,1,random,0.15185185185185185,0.4,0.2,0.3333333333333333
628,5,core_first,1,popular_group,0.15185185185185185,1.0,1.0,1.0
628,5,core_first,1,raw_distance,0.15185185185185185,0.0,0.0,0.09090909090909091
628,5,core_first,1,raw_correlation,0.15185185185185185,0.0,0.0,0.058823529411764705
628,5,core_first,1,mf_latent,0.15185185185185185,0.2,0.4,1.0
628,5,core_first,1,mf_impute,0.15185185185185185,0.2,0.3,0.25
628,5,core_first,2,random,0.08271604938271605,0.0,0.0,0.047619047619047616
628,5,core_first,2,popular_group,0.08271604938271605,1.0,1.0,1.0
628,5,core_first,2,raw_distance,0.08271604938271605,0.0,0.0,0.030303030303030304
628,5,core_first,2,raw_correlation,0.08271604938271605,0.0,0.0,0.02702702702702703
628,5,core_first,2,mf_latent,0.08271604938271605,0.2,0.1,1.0
628,5,core_first,2,mf_impute,0.08271604938271605,0.2,0.1,0.25
645,5,core_first,1,random,0.15185185185185185,0.2,0.2,0.25
645,5,core_first,1,popular_group,0.15185185185185185,1.0,1.0,1.0
645,5,core_first,1,raw_distance,0.15185185185185185,0.4,0.3,1.0
645,5,core_first,1,raw_correlation,0.15185185185185185,0.2,0.1,0.3333333333333333
645,5,core_first,1,mf_latent,0.15185185185185185,0.6,0.6,1.0
645,5,core_first,1,mf_impute,0.15185185185185185,1.0,1.0,1.0
645,5,core_first,2,random,0.08271604938271605,0.0,0.0,0.0625
645,5,core_first,2,popular_group,0.08271604938271605,1.0,1.0,1.0
645,5,core_first,2,raw_distance,0.08271604938271605,0.4,0.3,1.0
645,5,core_first,2,raw_correlation,0.08271604938271605,0.2,0.1,0.3333333333333333
645,5,core_first,2,mf_latent,0.08271604938271605,0.4,0.5,1.0
645,5,core_first,2,mf_impute,0.08271604938271605,1.0,1.0,1.0
649,5,core_first,1,random,0.15185185185185185,0.0,0.1,0.125
649,5,core_first,1,popular_group,0.15185185185185185,1.0,1.0,1.0
649,5,core_first,1,raw_distance,0.15185185185185185,0.8,0.7,1.0
649,5,core_first,1,raw_correlation,0.15185185185185185,0.2,0.3,1.0
649,5,core_first,1,mf_latent,0.15185185185185185,0.2,0.1,0.25
649,5,core_first,1,mf_impute,0.15185185185185185,0.0,0.1,0.1111111111111111
649,5,core_first,2,random,0.08271604938271605,0.0,0.0,0.07692307692307693
649,5,core_first,2,popular_group,0.08271604938271605,1.0,1.0,1.0
649,5,core_first,2,raw_distance,0.08271604938271605,0.8,0.7,1.0
649,5,core_first,2,raw_correlation,0.08271604938271605,0.2,0.1,1.0
649,5,core_first,2,mf_latent,0.08271604938271605,0.2,0.1,0.25
649,5,core_first,2,mf_impute,0.08271604938271605,0.0,0.1,0.1111111111111111
652,5,core_first,1,random,0.15185185185185185,0.4,0.2,0.5
652,5,core_first,1,popular_group,0.15185185185185185,1.0,1.0,1.0
652,5,core_first,1,raw_distance,0.15185185185185185,0.8,0.7,1.0
652,5,core_first,1,raw_correlation,0.15185185185185185,0.6,0.5,0.5
652,5,core_first,1,mf_latent,0.15185185185185185,0.4,0.2,0.3333333333333333
652,5,core_first,1,mf_impute,0.15185185185185185,0.8,0.9,1.0
652,5,core_first,2,random,0.08271604938271605,0.0,0.0,0.05
652,5,core_first,2,popular_group,0.08271604938271605,1.0,1.0,1.0
652,5,core_first,2,raw_distance,0.08271604938271605,0.8,0.7,1.0
652,5,core_first,2,raw_correlation,0.08271604938271605,0.6,0.5,0.5
652,5,core_first,2,mf_latent,0.08271604938271605,0.4,0.2,0.3333333333333333
652,5,core_first,2,mf_impute,0.08271604938271605,0.8,0.9,1.0
654,5,core_first,1,random,0.15185185185185185,0.2,0.1,1.0
654,5,core_first,1,popular_group,0.15185185185185185,1.0,1.0,1.0
654,5,core_first,1,raw_distance,0.15185185185185185,0.4,0.6,0.25
654,5,core_first,1,raw_correlation,0.15185185185185185,0.2,0.4,0.2
654,5,core_first,1,mf_latent,0.15185185185185185,0.8,0.5,1.0
654,5,core_first,1,mf_impute,0.15185185185185185,0.8,0.9,1.0
654,5,core_first,2,random,0.08271604938271605,0.0,0.0,0.04
654,5,core_first,2,popular_group,0.08271604938271605,1.0,1.0,1.0
654,5,core_first,2,raw_distance,0.08271604938271605,0.2,0.4,0.25
654,5,core_first,2,raw_correlation,0.08271604938271605,0.0,0.1,0.16666666666666666
654,5,core_first,2,mf_latent,0.08271604938271605,0.0,0.0,0.05263157894736842
654,5,core_first,2,mf_impute,0.08271604938271605,0.2,0.2,0.25
669,5,core_first,1,random,0.15185185185185185,0.0,0.0,0.047619047619047616
669,5,core_first,1,popular_group,0.15185185185185185,1.0,1.0,1.0
669,5,core_first,1,raw_distance,0.15185185185185185,0.6,0.8,1.0
669,5,core_first,1,raw_correlation,0.15185185185185185,0.0,0.0,0.0017985611510791368
669,5,core_first,1,mf_latent,0.15185185185185185,1.0,0.9,1.0
669,5,core_first,1,mf_impute,0.15185185185185185,0.4,0.4,1.0
669,5,core_first,2,random,0.08271604938271605,0.0,0.0,0.047619047619047616
669,5,core_first,2,popular_group,0.08271604938271605,1.0,1.0,1.0
669,5,core_first,2,raw_distance,0.08271604938271605,0.6,0.7,1.0
669,5,core_first,2,raw_correlation,0.08271604938271605,0.0,0.0,0.0017761989342806395
669,5,core_first,2,mf_latent,0.08271604938271605,1.0,0.8,1.0
669,5,core_first,2,mf_impute,0.08271604938271605,0.2,0.3,1.0
689,5,core_first,1,random,0.15185185185185185,0.4,0.4,1.0
689,5,core_first,1,popular_group,0.15185185185185185,1.0,1.0,1.0
689,5,core_first,1,raw_distance,0.15185185185185185,0.6,0.3,0.5
689,5,core_first,1,raw_correlation,0.15185185185185185,0.0,0.0,0.0017985611510791368
689,5,core_first,1,mf_latent,0.15185185185185185,1.0,0.9,1.0
689,5,core_first,1,mf_impute,0.15185185185185185,1.0,0.6,1.0
689,5,core_first,2,random,0.08271604938271605,0.0,0.1,0.1111111111111111
689,5,core_first,2,popular_group,0.08271604938271605,1.0,1.0,1.0
689,5,core_first,2,raw_distance,0.08271604938271605,0.6,0.3,0.5
689,5,core_first,2,raw_correlation,0.08271604938271605,0.0,0.0,0.0017761989342806395
689,5,core_first,2,mf_latent,0.08271604938271605,0.4,0.3,1.0
689,5,core_first,2,mf_impute,0.08271604938271605,0.8,0.4,1.0
690,5,core_first,1,random,0.15185185185185185,0.2,0.1,0.25
690,5,core_first,1,popular_group,0.15185185185185185,1.0,1.0,1.0
690,5,core_first,1,raw_distance,0.15185185185185185,1.0,0.9,1.0
690,5,core_first,1,raw_correlation,0.15185185185185185,0.2,0.2,0.2
690,5,core_first,1,mf_latent,0.15185185185185185,1.0,0.7,1.0
690,5,core_first,1,mf_impute,0.15185185185185185,0.8,0.5,1.0
690,5,core_first,2,random,0.08271604938271605,0.2,0.1,0.25
690,5,core_first,2,popular_group,0.08271604938271605,1.0,1.0,1.0
690,5,core_first,2,raw_distance,0.08271604938271605,1.0,0.7,1.0
690,5,core_first,2,raw_correlation,0.08271604938271605,0.2,0.2,0.2
690,5,core_first,2,mf_latent,0.08271604938271605,1.0,0.7,1.0
690,5,core_first,2,mf_impute,0.08271604938271605,0.8,0.5,1.0
696,5,core_first,1,random,0.15185185185185185,0.4,0.2,0.3333333333333333
696,5,core_first,1,popular_group,0.15185185185185185,1.0,1.0,1.0
696,5,core_first,1,raw_distance,0.15185185185185185,1.0,0.9,1.0
696,5,core_first,1,raw_correlation,0.15185185185185185,0.0,0.0,0.0017985611510791368
696,5,core_first,1,mf_latent,0.15185185185185185,0.0,0.1,0.125
696,5,core_first,1,mf_impute,0.15185185185185185,0.6,0.4,1.0
696,5,core_first,2,random,0.08271604938271605,0.2,0.1,0.25
696,5,core_first,2,popular_group,0.08271604938271605,1.0,1.0,1.0
696,5,core_first,2,raw_distance,0.08271604938271605,0.4,0.6,1.0
696,5,core_first,2,raw_correlation,0.08271604938271605,0.0,0.0,0.0017761989342806395
696,5,core_first,2,mf_latent,0.08271604938271605,0.0,0.1,0.125
696,5,core_first,2,mf_impute,0.08271604938271605,0.2,0.2,1.0
700,5,core_first,1,random,0.15185185185185185,0.0,0.2,0.14285714285714285
700,5,core_first,1,popular_group,0.15185185185185185,1.0,1.0,1.0
700,5,core_first,1,raw_distance,0.15185185185185185,0.6,0.8,0.5
700,5,core_first,1,raw_correlation,0.15185185185185185,0.0,0.1,0.125
700,5,core_first,1,mf_latent,0.15185185185185185,0.4,0.6,0.5
700,5,core_first,1,mf_impute,0.15185185185185185,1.0,0.8,1.0
700,5,core_first,2,random,0.030864197530864196,0.0,0.1,0.1111111111111111
700,5,core_first,2,popular_group,0.030864197530864196,0.0,0.0,0.0015873015873015873
700,5,core_first,2,raw_distance,0.030864197530864196,0.2,0.3,0.2
700,5,core_first,2,raw_correlation,0.030864197530864196,0.0,0.0,0.027777777777777776
700,5,core_first,2,mf_latent,0.030864197530864196,0.2,0.3,0.3333333333333333
700,5,core_first,2,mf_impute,0.030864197530864196,0.6,0.5,0.5
701,5,core_first,1,random,0.15185185185185185,0.2,0.3,0.5
701,5,core_first,1,popular_group,0.15185185185185185,1.0,1.0,1.0
701,5,core_first,1,raw_distance,0.15185185185185185,0.6,0.6,0.5
701,5,core_first,1,raw_correlation,0.15185185185185185,0.6,0.5,0.3333333333333333
701,5,core_first,1,mf_latent,0.15185185185185185,0.8,0.6,1.0
701,5,core_first,1,mf_impute,0.15185185185185185,1.0,1.0,1.0
701,5,core_first,2,random,0.030864197530864196,0.0,0.1,0.16666666666666666
701,5,core_first,2,popular_group,0.030864197530864196,0.0,0.0,0.0015873015873015873
701,5,core_first,2,raw_distance,0.030864197530864196,0.2,0.2,0.3333333333333333
701,5,core_first,2,raw_correlation,0.030864197530864196,0.2,0.1,0.3333333333333333
701,5,core_first,2,mf_latent,0.030864197530864196,0.2,0.3,0.3333333333333333
701,5,core_first,2,mf_impute,0.030864197530864196,0.6,0.5,1.0
726,5,core_first,1,random,0.15185185185185185,0.2,0.3,0.2
726,5,core_first,1,popular_group,0.15185185185185185,1.0,1.0,1.0
726,5,core_first,1,raw_distance,0.15185185185185185,0.0,0.0,0.058823529411764705
726,5,core_first,1,raw_correlation,0.15185185185185185,0.0,0.2,0.16666666666666666
726,5,core_first,1,mf_latent,0.15185185185185185,0.0,0.0,0.0625
726,5,core_first,1,mf_impute,0.15185185185185185,0.2,0.3,0.2
726,5,core_first,2,random,0.014814814814814815,0.0,0.0,0.034482758620689655
726,5,core_first,2,popular_group,0.014814814814814815,0.0,0.0,0.0015600624024961
726,5,core_first,2,raw_distance,0.014814814814814815,0.0,0.0,0.047619047619047616
726,5,core_first,2,raw_correlation,0.014814814814814815,0.0,0.2,0.16666666666666666
726,5,core_first,2,mf_latent,0.014814814814814815,0.0,0.0,0.01818181818181818
726,5,core_first,2,mf_impute,0.014814814814814815,0.0,0.0,0.008849557522123894
744,5,core_first,1,random,0.15185185185185185,0.4,0.2,1.0
744,5,core_first,1,popular_group,0.15185185185185185,1.0,1.0,1.0
744,5,core_first,1,raw_distance,0.15185185185185185,1.0,0.9,1.0
744,5,core_first,1,raw_correlation,0.15185185185185185,0.0,0.0,0.0017985611510791368
744,5,core_first,1,mf_latent,0.15185185185185185,1.0,0.9,1.0
744,5,core_first,1,mf_impute,0.15185185185185185,1.0,0.8,1.0
744,5,core_first,2,random,0.014814814814814815,0.0,0.0,0.05263157894736842
744,5,core_first,2,popular_group,0.014814814814814815,0.0,0.0,0.0015220700152207
744,5,core_first,2,raw_distance,0.014814814814814815,0.2,0.1,1.0
744,5,core_first,2,raw_correlation,0.014814814814814815,0.0,0.0,0.0014992503748125937
744,5,core_first,2,mf_latent,0.014814814814814815,0.4,0.3,0.3333333333333333
744,5,core_first,2,mf_impute,0.014814814814814815,0.2,0.2,0.25
749,5,core_first,1,random,0.15185185185185185,0.4,0.2,0.5
749,5,core_first,1,popular_group,0.15185185185185185,1.0,1.0,1.0
749,5,core_first,1,raw_distance,0.15185185185185185,0.0,0.0,0.03225806451612903
749,5,core_first,1,raw_correlation,0.15185185185185185,0.0,0.0,0.0017985611510791368
749,5,core_first,1,mf_latent,0.15185185185185185,0.0,0.0,0.0125
749,5,core_first,1,mf_impute,0.15185185185185185,0.2,0.3,0.3333333333333333
749,5,core_first,2,random,0.014814814814814815,0.2,0.1,0.2
749,5,core_first,2,popular_group,0.014814814814814815,0.0,0.0,0.0015220700152207
749,5,core_first,2,raw_distance,0.014814814814814815,0.0,0.0,0.003816793893129771
749,5,core_first,2,raw_correlation,0.014814814814814815,0.0,0.0,0.0014992503748125937
749,5,core_first,2,mf_latent,0.014814814814814815,0.0,0.0,0.0017152658662092624
749,5,core_first,2,mf_impute,0.014814814814814815,0.0,0.0,0.0014204545454545455
750,5,core_first,1,random,0.15185185185185185,0.0,0.2,0.14285714285714285
750,5,core_first,1,popular_group,0.15185185185185185,1.0,1.0,1.0
750,5,core_first,1,raw_distance,0.15185185185185185,0.8,0.6,1.0
750,5,core_first,1,raw_correlation,0.15185185185185185,0.8,0.7,1.0
750,5,core_first,1,mf_latent,0.15185185185185185,0.8,0.8,1.0
750,5,core_first,1,mf_impute,0.15185185185185185,0.8,0.8,1.0
750,5,core_first,2,random,0.014814814814814815,0.0,0.1,0.14285714285714285
750,5,core_first,2,popular_group,0.014814814814814815,0.0,0.0,0.0015220700152207
750,5,core_first,2,raw_distance,0.014814814814814815,0.2,0.2,0.2
750,5,core_first,2,raw_correlation,0.014814814814814815,0.2,0.1,0.2
750,5,core_first,2,mf_latent,0.014814814814814815,0.2,0.3,0.3333333333333333
750,5,core_first,2,mf_impute,0.014814814814814815,0.2,0.2,0.25
766,5,core_first,1,random,0.03827160493827161,0.0,0.0,0.019230769230769232
766,5,core_first,1,popular_group,0.03827160493827161,0.0,0.0,0.0014727540500736377
766,5,core_first,1,raw_distance,0.03827160493827161,0.6,0.4,0.5
766,5,core_first,1,raw_correlation,0.03827160493827161,0.0,0.0,0.0014727540500736377
766,5,core_first,1,mf_latent,0.03827160493827161,0.6,0.5,1.0
766,5,core_first,1,mf_impute,0.03827160493827161,0.4,0.3,0.5
766,5,core_first,2,random,0.006172839506172839,0.0,0.0,0.00819672131147541
766,5,core_first,2,popular_group,0.006172839506172839,0.0,0.0,0.0014285714285714286
766,5,core_first,2,raw_distance,0.006172839506172839,0.4,0.2,0.5
766,5,core_first,2,raw_correlation,0.006172839506172839,0.0,0.0,0.001451378809869376
766,5,core_first,2,mf_latent,0.006172839506172839,0.2,0.2,1.0
766,5,core_first,2,mf_impute,0.006172839506172839,0.2,0.2,0.3333333333333333
772,5,core_first,1,random,0.03827160493827161,0.0,0.0,0.016129032258064516
772,5,core_first,1,popular_group,0.03827160493827161,0.0,0.0,0.0014727540500736377
772,5,core_first,1,raw_distance,0.03827160493827161,0.4,0.4,0.5
772,5,core_first,1,raw_correlation,0.03827160493827161,0.0,0.0,0.0014727540500736377
772,5,core_first,1,mf_latent,0.03827160493827161,0.2,0.1,0.5
772,5,core_first,1,mf_impute,0.03827160493827161,0.0,0.1,0.1
772,5,core_first,2,random,0.008641975308641974,0.0,0.0,0.012658227848101266
772,5,core_first,2,popular_group,0.008641975308641974,0.0,0.0,0.001443001443001443
772,5,core_first,2,raw_distance,0.008641975308641974,0.0,0.2,0.14285714285714285
772,5,core_first,2,raw_correlation,0.008641975308641974,0.0,0.0,0.001440922190201729
772,5,core_first,2,mf_latent,0.008641975308641974,0.2,0.1,0.5
772,5,core_first,2,mf_impute,0.008641975308641974,0.0,0.1,0.1
794,5,core_first,1,random,0.12469135802469136,0.2,0.2,0.25
794,5,core_first,1,popular_group,0.12469135802469136,0.0,0.0,0.008064516129032258
794,5,core_first,1,raw_distance,0.12469135802469136,0.2,0.5,0.2
794,5,core_first,1,raw_correlation,0.12469135802469136,0.0,0.3,0.14285714285714285
794,5,core_first,1,mf_latent,0.12469135802469136,0.4,0.7,0.3333333333333333
794,5,core_first,1,mf_impute,0.12469135802469136,0.6,0.5,0.5
794,5,core_first,2,random,0.014814814814814815,0.0,0.0,0.04
794,5,core_first,2,popular_group,0.014814814814814815,0.0,0.0,0.0014184397163120568
794,5,core_first,2,raw_distance,0.014814814814814815,0.0,0.0,0.045454545454545456
794,5,core_first,2,raw_correlation,0.014814814814814815,0.0,0.1,0.1
794,5,core_first,2,mf_latent,0.014814814814814815,0.0,0.2,0.125
794,5,core_first,2,mf_impute,0.014814814814814815,0.0,0.0,0.05555555555555555
801,5,core_first,1,random,0.12469135802469136,0.0,0.1,0.16666666666666666
801,5,core_first,1,popular_group,0.12469135802469136,0.0,0.0,0.008064516129032258
801,5,core_first,1,raw_distance,0.12469135802469136,1.0,0.8,1.0
801,5,core_first,1,raw_correlation,0.12469135802469136,0.0,0.2,0.125
801,5,core_first,1,mf_latent,0.12469135802469136,0.6,0.5,0.3333333333333333
801,5,core_first,1,mf_impute,0.12469135802469136,0.8,0.6,0.5
801,5,core_first,2,random,0.014814814814814815,0.0,0.0,0.022727272727272728
801,5,core_first,2,popular_group,0.014814814814814815,0.0,0.0,0.0014184397163120568
801,5,core_first,2,raw_distance,0.014814814814814815,0.8,0.7,0.5
801,5,core_first,2,raw_correlation,0.014814814814814815,0.0,0.2,0.125
801,5,core_first,2,mf_latent,0.014814814814814815,0.0,0.0,0.08333333333333333
801,5,core_first,2,mf_impute,0.014814814814814815,0.0,0.0,0.05
803,5,core_first,1,random,0.12469135802469136,0.0,0.1,0.14285714285714285
803,5,core_first,1,popular_group,0.12469135802469136,0.0,0.0,0.008064516129032258
803,5,core_first,1,raw_distance,0.12469135802469136,1.0,0.8,1.0
803,5,core_first,1,raw_correlation,0.12469135802469136,0.0,0.2,0.125
803,5,core_first,1,mf_latent,0.12469135802469136,0.6,0.5,0.3333333333333333
803,5,core_first,1,mf_impute,0.12469135802469136,0.8,0.6,0.5
803,5,core_first,2,random,0.014814814814814815,0.0,0.0,0.004366812227074236
803,5,core_first,2,popular_group,0.014814814814814815,0.0,0.0,0.0014184397163120568
803,5,core_first,2,raw_distance,0.014814814814814815,0.8,0.7,0.5
803,5,core_first,2,raw_correlation,0.014814814814814815,0.0,0.2,0.125
803,5,core_first,2,mf_latent,0.014814814814814815,0.0,0.0,0.08333333333333333
803,5,core_first,2,mf_impute,0.014814814814814815,0.0,0.0,0.05
830,5,core_first,1,random,0.12469135802469136,0.2,0.2,0.2
830,5,core_first,1,popular_group,0.12469135802469136,0.0,0.0,0.008064516129032258
830,5,core_first,1,raw_distance,0.12469135802469136,1.0,0.7,1.0
830,5,core_first,1,raw_correlation,0.12469135802469136,0.0,0.0,0.0014084507042253522
830,5,core_first,1,mf_latent,0.12469135802469136,0.2,0.4,0.25
830,5,core_first,1,mf_impute,0.12469135802469136,1.0,0.7,1.0
830,5,core_first,2,random,0.08271604938271605,0.0,0.1,0.16666666666666666
830,5,core_first,2,popular_group,0.08271604938271605,0.0,0.0,0.014492753623188406
830,5,core_first,2,raw_distance,0.08271604938271605,0.8,0.6,1.0
830,5,core_first,2,raw_correlation,0.08271604938271605,0.0,0.0,0.001364256480218281
830,5,core_first,2,mf_latent,0.08271604938271605,0.0,0.3,0.16666666666666666
830,5,core_first,2,mf_impute,0.08271604938271605,1.0,0.7,1.0
837,5,core_first,1,random,0.12469135802469136,0.2,0.1,0.2
837,5,core_first,1,popular_group,0.12469135802469136,0.0,0.0,0.008064516129032258
837,5,core_first,1,raw_distance,0.12469135802469136,0.0,0.3,0.14285714285714285
837,5,core_first,1,raw_correlation,0.12469135802469136,0.0,0.0,0.0014084507042253522
837,5,core_first,1,mf_latent,0.12469135802469136,0.6,0.5,0.5
837,5,core_first,1,mf_impute,0.12469135802469136,0.6,0.4,1.0
837,5,core_first,2,random,0.08271604938271605,0.0,0.0,0.05
837,5,core_first,2,popular_group,0.08271604938271605,0.0,0.0,0.014492753623188406
837,5,core_first,2,raw_distance,0.08271604938271605,0.0,0.3,0.14285714285714285
837,5,core_first,2,raw_correlation,0.08271604938271605,0.0,0.0,0.001364256480218281
837,5,core_first,2,mf_latent,0.08271604938271605,0.6,0.5,0.5
837,5,core_first,2,mf_impute,0.08271604938271605,0.4,0.2,1.0
842,5,core_first,1,random,0.12469135802469136,0.4,0.2,0.5
842,5,core_first,1,popular_group,0.12469135802469136,0.0,0.0,0.008064516129032258
842,5,core_first,1,raw_distance,0.12469135802469136,0.6,0.4,0.5
842,5,core_first,1,raw_correlation,0.12469135802469136,0.0,0.0,0.0014084507042253522
842,5,core_first,1,mf_latent,0.12469135802469136,0.8,0.9,1.0
842,5,core_first,1,mf_impute,0.12469135802469136,0.8,0.7,1.0
842,5,core_first,2,random,0.08271604938271605,0.4,0.2,0.5
842,5,core_first,2,popular_group,0.08271604938271605,0.0,0.0,0.014492753623188406
842,5,core_first,2,raw_distance,0.08271604938271605,0.6,0.4,0.5
842,5,core_first,2,raw_correlation,0.08271604938271605,0.0,0.0,0.001364256480218281
842,5,core_first,2,mf_latent,0.08271604938271605,0.8,0.9,1.0
842,5,core_first,2,mf_impute,0.08271604938271605,0.8,0.7,1.0
845,5,core_first,1,random,0.12469135802469136,0.0,0.0,0.03571428571428571
845,5,core_first,1,popular_group,0.12469135802469136,0.0,0.0,0.008064516129032258
845,5,core_first,1,raw_distance,0.12469135802469136,0.8,0.7,1.0
845,5,core_first,1,raw_correlation,0.12469135802469136,0.8,0.5,1.0
845,5,core_first,1,mf_latent,0.12469135802469136,1.0,0.8,1.0
845,5,core_first,1,mf_impute,0.12469135802469136,0.8,0.8,1.0
845,5,core_first,2,random,0.08271604938271605,0.0,0.0,0.015151515151515152
845,5,core_first,2,popular_group,0.08271604938271605,0.0,0.0,0.014492753623188406
845,5,core_first,2,raw_distance,0.08271604938271605,0.8,0.6,1.0
845,5,core_first,2,raw_correlation,0.08271604938271605,0.8,0.5,1.0
845,5,core_first,2,mf_latent,0.08271604938271605,1.0,0.8,1.0
845,5,core_first,2,mf_impute,0.08271604938271605,0.8,0.8,1.0
868,5,core_first,1,random,0.12469135802469136,0.2,0.2,1.0
868,5,core_first,1,popular_group,0.12469135802469136,0.0,0.0,0.008064516129032258
868,5,core_first,1,raw_distance,0.12469135802469136,0.2,0.2,1.0
868,5,core_first,1,raw_correlation,0.12469135802469136,0.0,0.0,0.0014084507042253522
868,5,core_first,1,mf_latent,0.12469135802469136,0.6,0.7,1.0
868,5,core_first,1,mf_impute,0.12469135802469136,0.8,0.8,1.0
868,5,core_first,2,random,0.08271604938271605,0.0,0.0,0.07692307692307693
868,5,core_first,2,popular_group,0.08271604938271605,0.0,0.0,0.014492753623188406
868,5,core_first,2,raw_distance,0.08271604938271605,0.0,0.1,0.125
868,5,core_first,2,raw_correlation,0.08271604938271605,0.0,0.0,0.001364256480218281
868,5,core_first,2,mf_latent,0.08271604938271605,0.0,0.4,0.16666666666666666
868,5,core_first,2,mf_impute,0.08271604938271605,0.8,0.6,1.0
871,5,core_first,1,random,0.12469135802469136,0.0,0.0,0.0625
871,5,core_first,1,popular_group,0.12469135802469136,0.0,0.0,0.008064516129032258
871,5,core_first,1,raw_distance,0.12469135802469136,0.2,0.1,1.0
871,5,core_first,1,raw_correlation,0.12469135802469136,0.4,0.2,1.0
871,5,core_first,1,mf_latent,0.12469135802469136,0.6,0.5,0.5
871,5,core_first,1,mf_impute,0.12469135802469136,1.0,0.9,1.0
871,5,core_first,2,random,0.08271604938271605,0.0,0.0,0.0625
871,5,core_first,2,popular_group,0.08271604938271605,0.0,0.0,0.014492753623188406
871,5,core_first,2,raw_distance,0.08271604938271605,0.0,0.0,0.0625
871,5,core_first,2,raw_correlation,0.08271604938271605,0.2,0.1,1.0
871,5,core_first,2,mf_latent,0.08271604938271605,0.6,0.5,0.5
871,5,core_first,2,mf_impute,0.08271604938271605,1.0,0.9,1.0
880,5,core_first,1,random,0.12469135802469136,0.0,0.1,0.16666666666666666
880,5,core_first,1,popular_group,0.12469135802469136,0.0,0.0,0.008064516129032258
880,5,core_first,1,raw_distance,0.12469135802469136,0.0,0.0,0.0625
880,5,core_first,1,raw_correlation,0.12469135802469136,0.0,0.0,0.0014084507042253522
880,5,core_first,1,mf_latent,0.12469135802469136,0.0,0.0,0.045454545454545456
880,5,core_first,1,mf_impute,0.12469135802469136,0.0,0.0,0.058823529411764705
880,5,core_first,2,random,0.08271604938271605,0.0,0.1,0.16666666666666666
880,5,core_first,2,popular_group,0.08271604938271605,0.0,0.0,0.014492753623188406
880,5,core_first,2,raw_distance,0.08271604938271605,0.0,0.0,0.0625
880,5,core_first,2,raw_correlation,0.08271604938271605,0.0,0.0,0.001364256480218281
880,5,core_first,2,mf_latent,0.08271604938271605,0.0,0.0,0.03333333333333333
880,5,core_first,2,mf_impute,0.08271604938271605,0.0,0.0,0.047619047619047616
881,5,core_first,1,random,0.12469135802469136,0.0,0.1,0.125
881,5,core_first,1,popular_group,0.12469135802469136,0.0,0.0,0.008064516129032258
881,5,core_first,1,raw_distance,0.12469135802469136,0.4,0.2,0.25
881,5,core_first,1,raw_correlation,0.12469135802469136,0.2,0.2,0.5
881,5,core_first,1,mf_latent,0.12469135802469136,0.0,0.0,0.058823529411764705
881,5,core_first,1,mf_impute,0.12469135802469136,0.0,0.0,0.023809523809523808
881,5,core_first,2,random,0.08271604938271605,0.0,0.1,0.125
881,5,core_first,2,popular_group,0.08271604938271605,0.0,0.0,0.014492753623188406
881,5,core_first,2,raw_distance,0.08271604938271605,0.2,0.1,0.25
881,5,core_first,2,raw_correlation,0.08271604938271605,0.2,0.2,0.5
881,5,core_first,2,mf_latent,0.08271604938271605,0.0,0.0,0.058823529411764705
881,5,core_first,2,mf_impute,0.08271604938271605,0.0,0.0,0.023809523809523808
895,5,core_first,1,random,0.12469135802469136,0.0,0.1,0.16666666666666666
895,5,core_first,1,popular_group,0.12469135802469136,0.0,0.0,0.008064516129032258
895,5,core_first,1,raw_distance,0.12469135802469136,0.2,0.1,1.0
895,5,core_first,1,raw_correlation,0.12469135802469136,0.0,0.0,0.0014084507042253522
895,5,core_first,1,mf_latent,0.12469135802469136,0.2,0.6,0.2
895,5,core_first,1,mf_impute,0.12469135802469136,0.6,0.3,0.5
895,5,core_first,2,random,0.013580246913580247,0.0,0.1,0.16666666666666666
895,5,core_first,2,popular_group,0.013580246913580247,0.0,0.0,0.014705882352941176
895,5,core_first,2,raw_distance,0.013580246913580247,0.2,0.1,1.0
895,5,core_first,2,raw_correlation,0.013580246913580247,0.0,0.0,0.00125
895,5,core_first,2,mf_latent,0.013580246913580247,0.0,0.0,0.09090909090909091
895,5,core_first,2,mf_impute,0.013580246913580247,0.0,0.0,0.07692307692307693
37,10,core_first,1,random,0.10617283950617284,0.0,0.1,0.1
37,10,core_first,1,popular_group,0.10617283950617284,0.0,0.0,0.007142857142857143
37,10,core_first,1,raw_distance,0.10617283950617284,0.8,0.5,1.0
37,10,core_first,1,raw_correlation,0.10617283950617284,0.6,0.3,1.0
37,10,core_first,1,mf_latent,0.10617283950617284,0.0,0.1,0.125
37,10,core_first,1,mf_impute,0.10617283950617284,0.0,0.0,0.09090909090909091
37,10,core_first,2,random,0.02345679012345679,0.0,0.0,0.016666666666666666
37,10,core_first,2,popular_group,0.02345679012345679,0.0,0.0,0.0016501650165016502
37,10,core_first,2,raw_distance,0.02345679012345679,0.2,0.1,1.0
37,10,core_first,2,raw_correlation,0.02345679012345679,0.2,0.1,0.3333333333333333
37,10,core_first,2,mf_latent,0.02345679012345679,0.0,0.0,0.038461538461538464
37,10,core_first,2,mf_impute,0.02345679012345679,0.0,0.0,0.09090909090909091
53,10,core_first,1,random,0.10617283950617284,0.4,0.2,0.3333333333333333
53,10,core_first,1,popular_group,0.10617283950617284,0.0,0.0,0.007142857142857143
53,10,core_first,1,raw_distance,0.10617283950617284,0.2,0.2,0.5
53,10,core_first,1,raw_correlation,0.10617283950617284,0.2,0.2,0.25
53,10,core_first,1,mf_latent,0.10617283950617284,0.6,0.4,1.0
53,10,core_first,1,mf_impute,0.10617283950617284,0.0,0.1,0.1
53,10,core_first,2,random,0.02345679012345679,0.2,0.1,0.25
53,10,core_first,2,popular_group,0.02345679012345679,0.0,0.0,0.0016501650165016502
53,10,core_first,2,raw_distance,0.02345679012345679,0.0,0.0,0.05263157894736842
53,10,core_first,2,raw_correlation,0.02345679012345679,0.0,0.0,0.043478260869565216
53,10,core_first,2,mf_latent,0.02345679012345679,0.0,0.0,0.02631578947368421
53,10,core_first,2,mf_impute,0.02345679012345679,0.0,0.1,0.1
58,10,core_first,1,random,0.10617283950617284,0.0,0.0,0.08333333333333333
58,10,core_first,1,popular_group,0.10617283950617284,0.0,0.0,0.007142857142857143
58,10,core_first,1,raw_distance,0.10617283950617284,0.4,0.2,0.5
58,10,core_first,1,raw_correlation,0.10617283950617284,0.0,0.0,0.037037037037037035
58,10,core_first,1,mf_latent,0.10617283950617284,0.0,0.0,0.01694915254237288
58,10,core_first,1,mf_impute,0.10617283950617284,0.0,0.0,0.006666666666666667
58,10,core_first,2,random,0.02345679012345679,0.0,0.0,0.016129032258064516
58,10,core_first,2,popular_group,0.02345679012345679,0.0,0.0,0.0016501650165016502
58,10,core_first,2,raw_distance,0.02345679012345679,0.4,0.2,0.5
58,10,core_first,2,raw_correlation,0.02345679012345679,0.0,0.0,0.021739130434782608
58,10,core_first,2,mf_latent,0.02345679012345679,0.0,0.0,0.01694915254237288
58,10,core_first,2,mf_impute,0.02345679012345679,0.0,0.0,0.006666666666666667
67,10,core_first,1,random,0.10617283950617284,0.6,0.4,0.3333333333333333
67,10,core_first,1,popular_group,0.10617283950617284,0.0,0.0,0.007142857142857143
67,10,core_first,1,raw_distance,0.10617283950617284,0.6,0.4,1.0
67,10,core_first,1,raw_correlation,0.10617283950617284,0.0,0.4,0.14285714285714285
67,10,core_first,1,mf_latent,0.10617283950617284,0.2,0.2,0.5
67,10,core_first,1,mf_impute,0.10617283950617284,0.2,0.1,0.2
67,10,core_first,2,random,0.011111111111111112,0.0,0.0,0.014285714285714285
67,10,core_first,2,popular_group,0.011111111111111112,0.0,0.0,0.0016750418760469012
67,10,core_first,2,raw_distance,0.011111111111111112,0.0,0.0,0.06666666666666667
67,10,core_first,2,raw_correlation,0.011111111111111112,0.0,0.0,0.017543859649122806
67,10,core_first,2,mf_latent,0.011111111111111112,0.0,0.0,0.02702702702702703
67,10,core_first,2,mf_impute,0.011111111111111112,0.0,0.0,0.0625
70,10,core_first,1,random,0.10617283950617284,0.0,0.1,0.14285714285714285
70,10,core_first,1,popular_group,0.10617283950617284,0.0,0.0,0.007142857142857143
70,10,core_first,1,raw_distance,0.10617283950617284,0.6,0.5,1.0
70,10,core_first,1,raw_correlation,0.10617283950617284,0.6,0.3,1.0
70,10,core_first,1,mf_latent,0.10617283950617284,0.8,0.9,1.0
70,10,core_first,1,mf_impute,0.10617283950617284,0.0,0.0,0.043478260869565216
70,10,core_first,2,random,0.03333333333333333,0.0,0.1,0.14285714285714285
70,10,core_first,2,popular_group,0.03333333333333333,0.0,0.0,0.0017605633802816902
70,10,core_first,2,raw_distance,0.03333333333333333,0.4,0.3,0.3333333333333333
70,10,core_first,2,raw_correlation,0.03333333333333333,0.4,0.2,0.5
70,10,core_first,2,mf_latent,0.03333333333333333,0.6,0.6,1.0
70,10,core_first,2,mf_impute,0.03333333333333333,0.0,0.0,0.043478260869565216
72,10,core_first,1,random,0.10617283950617284,0.2,0.1,0.3333333333333333
72,10,core_first,1,popular_group,0.10617283950617284,0.0,0.0,0.007142857142857143
72,10,core_first,1,raw_distance,0.10617283950617284,0.6,0.4,1.0
72,10,core_first,1,raw_correlation,0.10617283950617284,0.2,0.4,0.25
72,10,core_first,1,mf_latent,0.10617283950617284,0.0,0.1,0.16666666666666666
72,10,core_first,1,mf_impute,0.10617283950617284,0.0,0.0,0.041666666666666664
72,10,core_first,2,random,0.03333333333333333,0.0,0.0,0.024390243902439025
72,10,core_first,2,popular_group,0.03333333333333333,0.0,0.0,0.0017605633802816902
72,10,core_first,2,raw_distance,0.03333333333333333,0.6,0.3,1.0
72,10,core_first,2,raw_correlation,0.03333333333333333,0.2,0.4,0.25
72,10,core_first,2,mf_latent,0.03333333333333333,0.0,0.0,0.08333333333333333
72,10,core_first,2,mf_impute,0.03333333333333333,0.0,0.0,0.022222222222222223
77,10,core_first,1,random,0.10617283950617284,0.0,0.1,0.16666666666666666
77,10,core_first,1,popular_group,0.10617283950617284,0.0,0.0,0.007142857142857143
77,10,core_first,1,raw_distance,0.10617283950617284,0.0,0.1,0.1111111111111111
77,10,core_first,1,raw_correlation,0.10617283950617284,0.2,0.1,0.3333333333333333
77,10,core_first,1,mf_latent,0.10617283950617284,0.2,0.2,0.25
77,10,core_first,1,mf_impute,0.10617283950617284,0.2,0.1,0.5
77,10,core_first,2,random,0.03333333333333333,0.0,0.1,0.16666666666666666
77,10,core_first,2,popular_group,0.03333333333333333,0.0,0.0,0.0017605633802816902
77,10,core_first,2,raw_distance,0.03333333333333333,0.0,0.0,0.06666666666666667
77,10,core_first,2,raw_correlation,0.03333333333333333,0.2,0.1,0.3333333333333333
77,10,core_first,2,mf_latent,0.03333333333333333,0.2,0.1,0.25
77,10,core_first,2,mf_impute,0.03333333333333333,0.2,0.1,0.5
87,10,core_first,1,random,0.10617283950617284,0.0,0.2,0.16666666666666666
87,10,core_first,1,popular_group,0.10617283950617284,0.0,0.0,0.007142857142857143
87,10,core_first,1,raw_distance,0.10617283950617284,0.0,0.0,0.024390243902439025
87,10,core_first,1,raw_correlation,0.10617283950617284,0.2,0.1,1.0
87,10,core_first,1,mf_latent,0.10617283950617284,0.0,0.1,0.14285714285714285
87,10,core_first,1,mf_impute,0.10617283950617284,0.0,0.0,0.015625
87,10,core_first,2,random,0.03333333333333333,0.0,0.0,0.05555555555555555
87,10,core_first,2,popular_group,0.03333333333333333,0.0,0.0,0.0017605633802816902
87,10,core_first,2,raw_distance,0.03333333333333333,0.0,0.0,0.024390243902439025
87,10,core_first,2,raw_correlation,0.03333333333333333,0.2,0.1,1.0
87,10,core_first,2,mf_latent,0.03333333333333333,0.0,0.0,0.00558659217877095
87,10,core_first,2,mf_impute,0.03333333333333333,0.0,0.0,0.01
106,10,core_first,1,random,0.1259259259259259,0.0,0.1,0.16666666666666666
106,10,core_first,1,popular_group,0.1259259259259259,0.0,0.0,0.00641025641025641
106,10,core_first,1,raw_distance,0.1259259259259259,0.2,0.4,0.25
106,10,core_first,1,raw_correlation,0.1259259259259259,0.0,0.0,0.010752688172043012
106,10,core_first,1,mf_latent,0.1259259259259259,0.4,0.5,0.5
106,10,core_first,1,mf_impute,0.1259259259259259,0.0,0.1,0.16666666666666666
106,10,core_first,2,random,0.05432098765432099,0.0,0.0,0.06666666666666667
106,10,core_first,2,popular_group,0.05432098765432099,0.0,0.0,0.01
106,10,core_first,2,raw_distance,0.05432098765432099,0.2,0.4,0.25
106,10,core_first,2,raw_correlation,0.05432098765432099,0.0,0.0,0.010309278350515464
106,10,core_first,2,mf_latent,0.05432098765432099,0.4,0.4,0.5
106,10,core_first,2,mf_impute,0.05432098765432099,0.0,0.1,0.16666666666666666
114,10,core_first,1,random,0.1259259259259259,0.2,0.2,0.25
114,10,core_first,1,popular_group,0.1259259259259259,0.0,0.0,0.00641025641025641
114,10,core_first,1,raw_distance,0.1259259259259259,0.6,0.6,1.0
114,10,core_first,1,raw_correlation,0.1259259259259259,0.0,0.0,0.010752688172043012
114,10,core_first,1,mf_latent,0.1259259259259259,1.0,0.8,1.0
114,10,core_first,1,mf_impute,0.1259259259259259,0.2,0.5,0.3333333333333333
114,10,core_first,2,random,0.05432098765432099,0.2,0.2,0.25
114,10,core_first,2,popular_group,0.05432098765432099,0.0,0.0,0.01
114,10,core_first,2,raw_distance,0.05432098765432099,0.6,0.6,1.0
114,10,core_first,2,raw_correlation,0.05432098765432099,0.0,0.0,0.010309278350515464
114,10,core_first,2,mf_latent,0.05432098765432099,1.0,0.8,1.0
114,10,core_first,2,mf_impute,0.05432098765432099,0.2,0.5,0.3333333333333333
133,10,core_first,1,random,0.1259259259259259,0.0,0.1,0.1111111111111111
133,10,core_first,1,popular_group,0.1259259259259259,0.0,0.0,0.00641025641025641
133,10,core_first,1,raw_distance,0.1259259259259259,1.0,1.0,1.0
133,10,core_first,1,raw_correlation,0.1259259259259259,0.0,0.0,0.010752688172043012
133,10,core_first,1,mf_latent,0.1259259259259259,1.0,1.0,1.0
133,10,core_first,1,mf_impute,0.1259259259259259,1.0,1.0,1.0
133,10,core_first,2,random,0.05432098765432099,0.0,0.1,0.1111111111111111
133,10,core_first,2,popular_group,0.05432098765432099,0.0,0.0,0.01
133,10,core_first,2,raw_distance,0.05432098765432099,1.0,1.0,1.0
133,10,core_first,2,raw_correlation,0.05432098765432099,0.0,0.0,0.010309278350515464
133,10,core_first,2,mf_latent,0.05432098765432099,1.0,1.0,1.0
133,10,core_first,2,mf_impute,0.05432098765432099,1.0,1.0,1.0
140,10,core_first,1,random,0.1259259259259259,0.2,0.1,0.5
140,10,core_first,1,popular_group,0.1259259259259259,0.0,0.0,0.00641025641025641
140,10,core_first,1,raw_distance,0.1259259259259259,1.0,1.0,1.0
140,10,core_first,1,raw_correlation,0.1259259259259259,0.0,0.0,0.010752688172043012
140,10,core_first,1,mf_latent,0.1259259259259259,1.0,1.0,1.0
140,10,core_first,1,mf_impute,0.1259259259259259,1.0,1.0,1.0
140,10,core_first,2,random,0.05432098765432099,0.2,0.1,0.5
140,10,core_first,2,popular_group,0.05432098765432099,0.0,0.0,0.01
140,10,core_first,2,raw_distance,0.05432098765432099,1.0,1.0,1.0
140,10,core_first,2,raw_correlation,0.05432098765432099,0.0,0.0,0.010309278350515464
140,10,core_first,2,mf_latent,0.05432098765432099,1.0,1.0,1.0
140,10,core_first,2,mf_impute,0.05432098765432099,1.0,1.0,1.0
143,10,core_first,1,random,0.1259259259259259,0.0,0.0,0.08333333333333333
143,10,core_first,1,popular_group,0.1259259259259259,0.0,0.0,0.00641025641025641
143,10,core_first,1,raw_distance,0.1259259259259259,1.0,1.0,1.0
143,10,core_first,1,raw_correlation,0.1259259259259259,0.0,0.0,0.010752688172043012
143,10,core_first,1,mf_latent,0.1259259259259259,1.0,1.0,1.0
143,10,core_first,1,mf_impute,0.1259259259259259,1.0,1.0,1.0
143,10,core_first,2,random,0.05432098765432099,0.0,0.0,0.02857142857142857
143,10,core_first,2,popular_group,0.05432098765432099,0.0,0.0,0.01
143,10,core_first,2,raw_distance,0.05432098765432099,1.0,1.0,1.0
143,10,core_first,2,raw_correlation,0.05432098765432099,0.0,0.0,0.010309278350515464
143,10,core_first,2,mf_latent,0.05432098765432099,1.0,1.0,1.0
143,10,core_first,2,mf_impute,0.05432098765432099,1.0,1.0,1.0
152,10,core_first,1,random,0.1259259259259259,0.0,0.0,0.09090909090909091
152,10,core_first,1,popular_group,0.1259259259259259,0.0,0.0,0.00641025641025641
152,10,core_first,1,raw_distance,0.1259259259259259,1.0,1.0,1.0
152,10,core_first,1,raw_correlation,0.1259259259259259,0.0,0.0,0.010752688172043012
152,10,core_first,1,mf_latent,0.1259259259259259,1.0,1.0,1.0
152,10,core_first,1,mf_impute,0.1259259259259259,1.0,1.0,1.0
152,10,core_first,2,random,0.05432098765432099,0.0,0.0,0.09090909090909091
152,10,core_first,2,popular_group,0.05432098765432099,0.0,0.0,0.01
152,10,core_first,2,raw_distance,0.05432098765432099,1.0,1.0,1.0
152,10,core_first,2,raw_correlation,0.05432098765432099,0.0,0.0,0.010309278350515464
152,10,core_first,2,mf_latent,0.05432098765432099,1.0,1.0,1.0
152,10,core_first,2,mf_impute,0.05432098765432099,1.0,1.0,1.0
165,10,core_first,1,random,0.1259259259259259,0.4,0.3,0.25
165,10,core_first,1,popular_group,0.1259259259259259,0.0,0.0,0.00641025641025641
165,10,core_first,1,raw_distance,0.1259259259259259,0.6,0.3,0.5
165,10,core_first,1,raw_correlation,0.1259259259259259,0.0,0.1,0.1
165,10,core_first,1,mf_latent,0.1259259259259259,0.2,0.1,0.25
165,10,core_first,1,mf_impute,0.1259259259259259,0.0,0.1,0.1
165,10,core_first,2,random,0.06666666666666667,0.4,0.3,0.25
165,10,core_first,2,popular_group,0.06666666666666667,0.0,0.0,0.007575757575757576
165,10,core_first,2,raw_distance,0.06666666666666667,0.4,0.2,0.3333333333333333
165,10,core_first,2,raw_correlation,0.06666666666666667,0.0,0.1,0.1
165,10,core_first,2,mf_latent,0.06666666666666667,0.0,0.0,0.03333333333333333
165,10,core_first,2,mf_impute,0.06666666666666667,0.0,0.0,0.03225806451612903
167,10,core_first,1,random,0.1259259259259259,0.2,0.2,0.5
167,10,core_first,1,popular_group,0.1259259259259259,0.0,0.0,0.00641025641025641
167,10,core_first,1,raw_distance,0.1259259259259259,0.0,0.0,0.02631578947368421
167,10,core_first,1,raw_correlation,0.1259259259259259,0.0,0.0,0.05
167,10,core_first,1,mf_latent,0.1259259259259259,0.0,0.0,0.012048192771084338
167,10,core_first,1,mf_impute,0.1259259259259259,0.0,0.0,0.007407407407407408
167,10,core_first,2,random,0.06666666666666667,0.0,0.0,0.043478260869565216
167,10,core_first,2,popular_group,0.06666666666666667,0.0,0.0,0.007575757575757576
167,10,core_first,2,raw_distance,0.06666666666666667,0.0,0.0,0.011235955056179775
167,10,core_first,2,raw_correlation,0.06666666666666667,0.0,0.0,0.05
167,10,core_first,2,mf_latent,0.06666666666666667,0.0,0.0,0.012048192771084338
167,10,core_first,2,mf_impute,0.06666666666666667,0.0,0.0,0.007407407407407408
191,10,core_first,1,random,0.1259259259259259,0.0,0.2,0.14285714285714285
191,10,core_first,1,popular_group,0.1259259259259259,0.0,0.0,0.00641025641025641
191,10,core_first,1,raw_distance,0.1259259259259259,0.6,0.5,1.0
191,10,core_first,1,raw_correlation,0.1259259259259259,0.0,0.0,0.010752688172043012
191,10,core_first,1,mf_latent,0.1259259259259259,0.6,0.5,1.0
191,10,core_first,1,mf_impute,0.1259259259259259,0.0,0.1,0.1111111111111111
191,10,core_first,2,random,0.06666666666666667,0.0,0.0,0.05555555555555555
191,10,core_first,2,popular_group,0.06666666666666667,0.0,0.0,0.007575757575757576
191,10,core_first,2,raw_distance,0.06666666666666667,0.0,0.0,0.043478260869565216
191,10,core_first,2,raw_correlation,0.06666666666666667,0.0,0.0,0.0070921985815602835
191,10,core_first,2,mf_latent,0.06666666666666667,0.2,0.1,0.5
191,10,core_first,2,mf_impute,0.06666666666666667,0.0,0.1,0.1111111111111111
201,10,core_first,1,random,0.1259259259259259,0.0,0.0,0.07142857142857142
201,10,core_first,1,popular_group,0.1259259259259259,0.0,0.0,0.00641025641025641
201,10,core_first,1,raw_distance,0.1259259259259259,0.6,0.6,1.0
201,10,core_first,1,raw_correlation,0.1259259259259259,0.0,0.0,0.010752688172043012
201,10,core_first,1,mf_latent,0.1259259259259259,1.0,1.0,1.0
201,10,core_first,1,mf_impute,0.1259259259259259,1.0,1.0,1.0
201,10,core_first,2,random,0.06666666666666667,0.0,0.0,0.07142857142857142
201,10,core_first,2,popular_group,0.06666666666666667,0.0,0.0,0.007575757575757576
201,10,core_first,2,raw_distance,0.06666666666666667,0.6,0.6,1.0
201,10,core_first,2,raw_correlation,0.06666666666666667,0.0,0.0,0.0070921985815602835
201,10,core_first,2,mf_latent,0.06666666666666667,0.2,0.4,1.0
201,10,core_first,2,mf_impute,0.06666666666666667,1.0,1.0,1.0
234,10,core_first,1,random,0.12345679012345678,0.4,0.3,0.5
234,10,core_first,1,popular_group,0.12345679012345678,0.0,0.0,0.004901960784313725
234,10,core_first,1,raw_distance,0.12345679012345678,1.0,1.0,1.0
234,10,core_first,1,raw_correlation,0.12345679012345678,0.0,0.0,0.005128205128205128
234,10,core_first,1,mf_latent,0.12345679012345678,1.0,1.0,1.0
234,10,core_first,1,mf_impute,0.12345679012345678,1.0,1.0,1.0
234,10,core_first,2,random,0.0654320987654321,0.2,0.2,0.5
234,10,core_first,2,popular_group,0.0654320987654321,0.0,0.0,0.00510204081632653
234,10,core_first,2,raw_distance,0.0654320987654321,1.0,1.0,1.0
234,10,core_first,2,raw_correlation,0.0654320987654321,0.0,0.0,0.00510204081632653
234,10,core_first,2,mf_latent,0.0654320987654321,1.0,1.0,1.0
234,10,core_first,2,mf_impute,0.0654320987654321,1.0,1.0,1.0
280,10,core_first,1,random,0.12345679012345678,0.0,0.1,0.125
280,10,core_first,1,popular_group,0.12345679012345678,0.0,0.0,0.004901960784313725
280,10,core_first,1,raw_distance,0.12345679012345678,0.8,0.8,1.0
280,10,core_first,1,raw_correlation,0.12345679012345678,0.2,0.3,0.5
280,10,core_first,1,mf_latent,0.12345679012345678,1.0,0.9,1.0
280,10,core_first,1,mf_impute,0.12345679012345678,1.0,1.0,1.0
280,10,core_first,2,random,0.043209876543209874,0.0,0.1,0.125
280,10,core_first,2,popular_group,0.043209876543209874,0.0,0.0,0.004098360655737705
280,10,core_first,2,raw_distance,0.043209876543209874,0.6,0.6,0.5
280,10,core_first,2,raw_correlation,0.043209876543209874,0.0,0.0,0.038461538461538464
280,10,core_first,2,mf_latent,0.043209876543209874,0.8,0.6,1.0
280,10,core_first,2,mf_impute,0.043209876543209874,1.0,0.8,1.0
285,10,core_first,1,random,0.12345679012345678,0.2,0.1,0.2
285,10,core_first,1,popular_group,0.12345679012345678,0.0,0.0,0.004901960784313725
285,10,core_first,1,raw_distance,0.12345679012345678,1.0,1.0,1.0
285,10,core_first,1,raw_correlation,0.12345679012345678,0.6,0.8,1.0
285,10,core_first,1,mf_latent,0.12345679012345678,1.0,1.0,1.0
285,10,core_first,1,mf_impute,0.12345679012345678,1.0,1.0,1.0
285,10,core_first,2,random,0.043209876543209874,0.0,0.0,0.09090909090909091
285,10,core_first,2,popular_group,0.043209876543209874,0.0,0.0,0.004098360655737705
285,10,core_first,2,raw_distance,0.043209876543209874,0.2,0.6,0.2
285,10,core_first,2,raw_correlation,0.043209876543209874,0.4,0.4,1.0
285,10,core_first,2,mf_latent,0.043209876543209874,1.0,1.0,1.0
285,10,core_first,2,mf_impute,0.043209876543209874,1.0,0.9,1.0
292,10,core_first,1,random,0.12345679012345678,0.4,0.2,0.5
292,10,core_first,1,popular_group,0.12345679012345678,0.0,0.0,0.004901960784313725
292,10,core_first,1,raw_distance,0.12345679012345678,1.0,0.9,1.0
292,10,core_first,1,raw_correlation,0.12345679012345678,0.6,0.8,1.0
292,10,core_first,1,mf_latent,0.12345679012345678,1.0,1.0,1.0
292,10,core_first,1,mf_impute,0.12345679012345678,1.0,1.0,1.0
292,10,core_first,2,random,0.043209876543209874,0.0,0.0,0.0625
292,10,core_first,2,popular_group,0.043209876543209874,0.0,0.0,0.004098360655737705
292,10,core_first,2,raw_distance,0.043209876543209874,0.8,0.8,1.0
292,10,core_first,2,raw_correlation,0.043209876543209874,0.4,0.5,1.0
292,10,core_first,2,mf_latent,0.043209876543209874,0.8,0.9,1.0
292,10,core_first,2,mf_impute,0.043209876543209874,0.2,0.1,0.3333333333333333
302,10,core_first,1,random,0.12345679012345678,0.0,0.0,0.05555555555555555
302,10,core_first,1,popular_group,0.12345679012345678,0.0,0.0,0.004901960784313725
302,10,core_first,1,raw_distance,0.12345679012345678,1.0,0.9,1.0
302,10,core_first,1,raw_correlation,0.12345679012345678,0.8,0.9,1.0
302,10,core_first,1,mf_latent,0.12345679012345678,1.0,1.0,1.0
302,10,core_first,1,mf_impute,0.12345679012345678,1.0,1.0,1.0
302,10,core_first,2,random,0.043209876543209874,0.0,0.0,0.04
302,10,core_first,2,popular_group,0.043209876543209874,0.0,0.0,0.004098360655737705
302,10,core_first,2,raw_distance,0.043209876543209874,0.8,0.7,1.0
302,10,core_first,2,raw_correlation,0.043209876543209874,0.8,0.8,1.0
302,10,core_first,2,mf_latent,0.043209876543209874,0.0,0.0,0.04
302,10,core_first,2,mf_impute,0.043209876543209874,0.0,0.0,0.027777777777777776
308,10,core_first,1,random,0.12345679012345678,0.0,0.2,0.14285714285714285
308,10,core_first,1,popular_group,0.12345679012345678,0.0,0.0,0.004901960784313725
308,10,core_first,1,raw_distance,0.12345679012345678,0.8,0.8,1.0
308,10,core_first,1,raw_correlation,0.12345679012345678,0.2,0.1,0.2
308,10,core_first,1,mf_latent,0.12345679012345678,1.0,1.0,1.0
308,10,core_first,1,mf_impute,0.12345679012345678,1.0,1.0,1.0
308,10,core_first,2,random,0.013580246913580247,0.0,0.1,0.125
308,10,core_first,2,popular_group,0.013580246913580247,0.0,0.0,0.0036231884057971015
308,10,core_first,2,raw_distance,0.013580246913580247,0.0,0.0,0.020833333333333332
308,10,core_first,2,raw_correlation,0.013580246913580247,0.2,0.1,0.2
308,10,core_first,2,mf_latent,0.013580246913580247,0.0,0.0,0.02702702702702703
308,10,core_first,2,mf_impute,0.013580246913580247,0.0,0.0,0.03571428571428571
314,10,core_first,1,random,0.12345679012345678,0.0,0.0,0.07692307692307693
314,10,core_first,1,popular_group,0.12345679012345678,0.0,0.0,0.004901960784313725
314,10,core_first,1,raw_distance,0.12345679012345678,1.0,1.0,1.0
314,10,core_first,1,raw_correlation,0.12345679012345678,1.0,1.0,1.0
314,10,core_first,1,mf_latent,0.12345679012345678,1.0,1.0,1.0
314,10,core_first,1,mf_impute,0.12345679012345678,1.0,1.0,1.0
314,10,core_first,2,random,0.013580246913580247,0.0,0.0,0.007042253521126761
314,10,core_first,2,popular_group,0.013580246913580247,0.0,0.0,0.0036231884057971015
314,10,core_first,2,raw_distance,0.013580246913580247,0.0,0.0,0.0625
314,10,core_first,2,raw_correlation,0.013580246913580247,0.0,0.0,0.07142857142857142
314,10,core_first,2,mf_latent,0.013580246913580247,0.2,0.3,0.2
314,10,core_first,2,mf_impute,0.013580246913580247,0.0,0.3,0.125
320,10,core_first,1,random,0.1,0.2,0.1,1.0
320,10,core_first,1,popular_group,0.1,0.0,0.0,0.0033333333333333335
320,10,core_first,1,raw_distance,0.1,0.0,0.2,0.125
320,10,core_first,1,raw_correlation,0.1,0.0,0.0,0.003389830508474576
320,10,core_first,1,mf_latent,0.1,0.2,0.4,0.2
320,10,core_first,1,mf_impute,0.1,0.0,0.2,0.125
320,10,core_first,2,random,0.013580246913580247,0.0,0.0,0.013513513513513514
320,10,core_first,2,popular_group,0.013580246913580247,0.0,0.0,0.003424657534246575
320,10,core_first,2,raw_distance,0.013580246913580247,0.0,0.2,0.125
320,10,core_first,2,raw_correlation,0.013580246913580247,0.0,0.0,0.003389830508474576
320,10,core_first,2,mf_latent,0.013580246913580247,0.2,0.4,0.2
320,10,core_first,2,mf_impute,0.013580246913580247,0.0,0.2,0.125
325,10,core_first,1,random,0.1,0.4,0.3,1.0
325,10,core_first,1,popular_group,0.1,0.0,0.0,0.0033333333333333335
325,10,core_first,1,raw_distance,0.1,0.0,0.4,0.14285714285714285
325,10,core_first,1,raw_correlation,0.1,0.0,0.0,0.003389830508474576
325,10,core_first,1,mf_latent,0.1,0.6,0.6,1.0
325,10,core_first,1,mf_impute,0.1,0.6,0.5,1.0
325,10,core_first,2,random,0.013580246913580247,0.2,0.1,1.0
325,10,core_first,2,popular_group,0.013580246913580247,0.0,0.0,0.003424657534246575
325,10,core_first,2,raw_distance,0.013580246913580247,0.0,0.4,0.14285714285714285
325,10,core_first,2,raw_correlation,0.013580246913580247,0.0,0.0,0.003389830508474576
325,10,core_first,2,mf_latent,0.013580246913580247,0.6,0.6,1.0
325,10,core_first,2,mf_impute,0.013580246913580247,0.6,0.5,1.0
336,10,core_first,1,random,0.1,0.0,0.1,0.1111111111111111
336,10,core_first,1,popular_group,0.1,0.0,0.0,0.0033333333333333335
336,10,core_first,1,raw_distance,0.1,0.4,0.4,0.5
336,10,core_first,1,raw_correlation,0.1,0.0,0.0,0.012658227848101266
336,10,core_first,1,mf_latent,0.1,0.0,0.1,0.125
336,10,core_first,1,mf_impute,0.1,0.0,0.2,0.16666666666666666
336,10,core_first,2,random,0.04814814814814815,0.0,0.0,0.03225806451612903
336,10,core_first,2,popular_group,0.04814814814814815,0.0,0.0,0.003246753246753247
336,10,core_first,2,raw_distance,0.04814814814814815,0.4,0.3,0.5
336,10,core_first,2,raw_correlation,0.04814814814814815,0.0,0.0,0.012658227848101266
336,10,core_first,2,mf_latent,0.04814814814814815,0.0,0.1,0.125
336,10,core_first,2,mf_impute,0.04814814814814815,0.0,0.2,0.16666666666666666
352,10,core_first,1,random,0.1,0.2,0.1,0.3333333333333333
352,10,core_first,1,popular_group,0.1,0.0,0.0,0.0033333333333333335
352,10,core_first,1,raw_distance,0.1,0.0,0.2,0.1111111111111111
352,10,core_first,1,raw_correlation,0.1,0.2,0.1,0.2
352,10,core_first,1,mf_latent,0.1,0.2,0.3,0.3333333333333333
352,10,core_first,1,mf_impute,0.1,0.4,0.3,0.5
352,10,core_first,2,random,0.04814814814814815,0.0,0.0,0.041666666666666664
352,10,core_first,2,popular_group,0.04814814814814815,0.0,0.0,0.003246753246753247
352,10,core_first,2,raw_distance,0.04814814814814815,0.0,0.1,0.1111111111111111
352,10,core_first,2,raw_correlation,0.04814814814814815,0.2,0.1,0.2
352,10,core_first,2,mf_latent,0.04814814814814815,0.2,0.1,0.3333333333333333
352,10,core_first,2,mf_impute,0.04814814814814815,0.0,0.1,0.125
357,10,core_first,1,random,0.1,0.2,0.3,1.0
357,10,core_first,1,popular_group,0.1,0.0,0.0,0.0033333333333333335
357,10,core_first,1,raw_distance,0.1,0.6,0.4,1.0
357,10,core_first,1,raw_correlation,0.1,0.8,0.4,1.0
357,10,core_first,1,mf_latent,0.1,0.8,0.8,1.0
357,10,core_first,1,mf_impute,0.1,0.4,0.6,0.3333333333333333
357,10,core_first,2,random,0.04814814814814815,0.0,0.2,0.16666666666666666
357,10,core_first,2,popular_group,0.04814814814814815,0.0,0.0,0.003246753246753247
357,10,core_first,2,raw_distance,0.04814814814814815,0.6,0.4,1.0
357,10,core_first,2,raw_correlation,0.04814814814814815,0.8,0.4,1.0
357,10,core_first,2,mf_latent,0.04814814814814815,0.8,0.8,1.0
357,10,core_first,2,mf_impute,0.04814814814814815,0.4,0.6,0.3333333333333333
359,10,core_first,1,random,0.1,0.2,0.2,1.0
359,10,core_first,1,popular_group,0.1,0.0,0.0,0.0033333333333333335
359,10,core_first,1,raw_distance,0.1,0.8,0.8,1.0
359,10,core_first,1,raw_correlation,0.1,0.2,0.1,1.0
359,10,core_first,1,mf_latent,0.1,0.8,0.5,1.0
359,10,core_first,1,mf_impute,0.1,0.8,0.6,1.0
359,10,core_first,2,random,0.04814814814814815,0.2,0.1,1.0
359,10,core_first,2,popular_group,0.04814814814814815,0.0,0.0,0.003246753246753247
359,10,core_first,2,raw_distance,0.04814814814814815,0.2,0.2,0.25
359,10,core_first,2,raw_correlation,0.04814814814814815,0.0,0.0,0.07142857142857142
359,10,core_first,2,mf_latent,0.04814814814814815,0.0,0.0,0.0625
359,10,core_first,2,mf_impute,0.04814814814814815,0.0,0.0,0.04
372,10,core_first,1,random,0.1,0.0,0.1,0.125
372,10,core_first,1,popular_group,0.1,0.0,0.0,0.0033333333333333335
372,10,core_first,1,raw_distance,0.1,0.4,0.2,0.5
372,10,core_first,1,raw_correlation,0.1,0.0,0.0,0.003389830508474576
372,10,core_first,1,mf_latent,0.1,0.8,0.7,1.0
372,10,core_first,1,mf_impute,0.1,0.2,0.5,0.5
372,10,core_first,2,random,0.04814814814814815,0.0,0.0,0.05555555555555555
372,10,core_first,2,popular_group,0.04814814814814815,0.0,0.0,0.003246753246753247
372,10,core_first,2,raw_distance,0.04814814814814815,0.4,0.2,0.5
372,10,core_first,2,raw_correlation,0.04814814814814815,0.0,0.0,0.0032679738562091504
372,10,core_first,2,mf_latent,0.04814814814814815,0.8,0.7,1.0
372,10,core_first,2,mf_impute,0.04814814814814815,0.2,0.4,0.5
373,10,core_first,1,random,0.1,0.0,0.0,0.05
373,10,core_first,1,popular_group,0.1,0.0,0.0,0.0033333333333333335
373,10,core_first,1,raw_distance,0.1,0.4,0.4,1.0
373,10,core_first,1,raw_correlation,0.1,0.0,0.0,0.003389830508474576
373,10,core_first,1,mf_latent,0.1,0.8,0.8,1.0
373,10,core_first,1,mf_impute,0.1,0.4,0.5,0.3333333333333333
373,10,core_first,2,random,0.04814814814814815,0.0,0.0,0.05
373,10,core_first,2,popular_group,0.04814814814814815,0.0,0.0,0.003246753246753247
373,10,core_first,2,raw_distance,0.04814814814814815,0.4,0.4,1.0
373,10,core_first,2,raw_correlation,0.04814814814814815,0.0,0.0,0.0032679738562091504
373,10,core_first,2,mf_latent,0.04814814814814815,0.8,0.8,1.0
373,10,core_first,2,mf_impute,0.04814814814814815,0.4,0.5,0.3333333333333333
378,10,core_first,1,random,0.1,0.0,0.2,0.1111111111111111
378,10,core_first,1,popular_group,0.1,0.0,0.0,0.0033333333333333335
378,10,core_first,1,raw_distance,0.1,0.6,0.6,1.0
378,10,core_first,1,raw_correlation,0.1,0.0,0.0,0.003389830508474576
378,10,core_first,1,mf_latent,0.1,0.6,0.5,1.0
378,10,core_first,1,mf_impute,0.1,0.6,0.4,0.3333333333333333
378,10,core_first,2,random,0.012345679012345678,0.0,0.1,0.1111111111111111
378,10,core_first,2,popular_group,0.012345679012345678,0.0,0.0,0.0029411764705882353
378,10,core_first,2,raw_distance,0.012345679012345678,0.2,0.1,0.2
378,10,core_first,2,raw_correlation,0.012345679012345678,0.0,0.0,0.002898550724637681
378,10,core_first,2,mf_latent,0.012345679012345678,0.2,0.1,0.25
378,10,core_first,2,mf_impute,0.012345679012345678,0.2,0.1,0.3333333333333333
381,10,core_first,1,random,0.1,0.0,0.0,0.07692307692307693
381,10,core_first,1,popular_group,0.1,0.0,0.0,0.0033333333333333335
381,10,core_first,1,raw_distance,0.1,1.0,0.7,1.0
381,10,core_first,1,raw_correlation,0.1,0.0,0.0,0.003389830508474576
381,10,core_first,1,mf_latent,0.1,0.8,0.7,1.0
381,10,core_first,1,mf_impute,0.1,0.4,0.4,0.25
381,10,core_first,2,random,0.012345679012345678,0.0,0.0,0.011764705882352941
381,10,core_first,2,popular_group,0.012345679012345678,0.0,0.0,0.0029411764705882353
381,10,core_first,2,raw_distance,0.012345679012345678,0.2,0.1,1.0
381,10,core_first,2,raw_correlation,0.012345679012345678,0.0,0.0,0.002898550724637681
381,10,core_first,2,mf_latent,0.012345679012345678,0.0,0.0,0.014084507042253521
381,10,core_first,2,mf_impute,0.012345679012345678,0.0,0.0,0.020833333333333332
389,10,core_first,1,random,0.1,0.0,0.2,0.125
389,10,core_first,1,popular_group,0.1,0.0,0.0,0.0033333333333333335
389,10,core_first,1,raw_distance,0.1,0.6,0.5,0.5
389,10,core_first,1,raw_correlation,0.1,0.8,0.4,0.5
389,10,core_first,1,mf_latent,0.1,0.2,0.5,0.3333333333333333
389,10,core_first,1,mf_impute,0.1,0.6,0.5,1.0
389,10,core_first,2,random,0.012345679012345678,0.0,0.1,0.1111111111111111
389,10,core_first,2,popular_group,0.012345679012345678,0.0,0.0,0.0029411764705882353
389,10,core_first,2,raw_distance,0.012345679012345678,0.2,0.1,0.5
389,10,core_first,2,raw_correlation,0.012345679012345678,0.0,0.0,0.05263157894736842
389,10,core_first,2,mf_latent,0.012345679012345678,0.0,0.0,0.07692307692307693
389,10,core_first,2,mf_impute,0.012345679012345678,0.0,0.0,0.014705882352941176
403,10,core_first,1,random,0.1,0.0,0.1,0.125
403,10,core_first,1,popular_group,0.1,0.0,0.0,0.0033333333333333335
403,10,core_first,1,raw_distance,0.1,0.2,0.1,1.0
403,10,core_first,1,raw_correlation,0.1,0.0,0.1,0.1
403,10,core_first,1,mf_latent,0.1,0.0,0.0,0.008849557522123894
403,10,core_first,1,mf_impute,0.1,0.0,0.0,0.007575757575757576
403,10,core_first,2,random,0.020987654320987655,0.0,0.0,0.004464285714285714
403,10,core_first,2,popular_group,0.020987654320987655,0.0,0.0,0.0028089887640449437
403,10,core_first,2,raw_distance,0.020987654320987655,0.2,0.1,1.0
403,10,core_first,2,raw_correlation,0.020987654320987655,0.0,0.1,0.1
403,10,core_first,2,mf_latent,0.020987654320987655,0.0,0.0,0.006711409395973154
403,10,core_first,2,mf_impute,0.020987654320987655,0.0,0.0,0.007575757575757576
408,10,core_first,1,random,0.1,0.2,0.1,0.25
408,10,core_first,1,popular_group,0.1,0.0,0.0,0.0033333333333333335
408,10,core_first,1,raw_distance,0.1,1.0,0.7,1.0
408,10,core_first,1,raw_correlation,0.1,0.8,0.7,1.0
408,10,core_first,1,mf_latent,0.1,0.4,0.2,0.25
408,10,core_first,1,mf_impute,0.1,0.2,0.2,0.2
408,10,core_first,2,random,0.003703703703703704,0.0,0.0,0.004366812227074236
408,10,core_first,2,popular_group,0.003703703703703704,0.0,0.0,0.002617801047120419
408,10,core_first,2,raw_distance,0.003703703703703704,0.2,0.1,1.0
408,10,core_first,2,raw_correlation,0.003703703703703704,0.2,0.2,1.0
408,10,core_first,2,mf_latent,0.003703703703703704,0.2,0.1,0.2
408,10,core_first,2,mf_impute,0.003703703703703704,0.0,0.0,0.014492753623188406
413,10,core_first,1,random,0.1,0.0,0.1,0.1111111111111111
413,10,core_first,1,popular_group,0.1,0.0,0.0,0.0033333333333333335
413,10,core_first,1,raw_distance,0.1,0.0,0.0,0.012048192771084338
413,10,core_first,1,raw_correlation,0.1,0.0,0.0,0.09090909090909091
413,10,core_first,1,mf_latent,0.1,0.0,0.1,0.1111111111111111
413,10,core_first,1,mf_impute,0.1,0.2,0.1,1.0
413,10,core_first,2,random,0.0012345679012345679,0.0,0.0,0.0022271714922048997
413,10,core_first,2,popular_group,0.0012345679012345679,0.0,0.0,0.0026246719160104987
413,10,core_first,2,raw_distance,0.0012345679012345679,0.0,0.0,0.0026666666666666666
413,10,core_first,2,raw_correlation,0.0012345679012345679,0.0,0.0,0.020833333333333332
413,10,core_first,2,mf_latent,0.0012345679012345679,0.0,0.0,0.010638297872340425
413,10,core_first,2,mf_impute,0.0012345679012345679,0.0,0.0,0.003472222222222222
415,10,core_first,1,random,0.10123456790123457,0.2,0.1,1.0
415,10,core_first,1,popular_group,0.10123456790123457,0.0,0.0,0.002631578947368421
415,10,core_first,1,raw_distance,0.10123456790123457,0.0,0.0,0.03225806451612903
415,10,core_first,1,raw_correlation,0.10123456790123457,0.0,0.0,0.0026595744680851063
415,10,core_first,1,mf_latent,0.10123456790123457,0.0,0.0,0.09090909090909091
415,10,core_first,1,mf_impute,0.10123456790123457,0.0,0.0,0.02631578947368421
415,10,core_first,2,random,0.0024691358024691358,0.0,0.0,0.0045662100456621
415,10,core_first,2,popular_group,0.0024691358024691358,0.0,0.0,0.002638522427440633
415,10,core_first,2,raw_distance,0.0024691358024691358,0.0,0.0,0.03225806451612903
415,10,core_first,2,raw_correlation,0.0024691358024691358,0.0,0.0,0.0026595744680851063
415,10,core_first,2,mf_latent,0.0024691358024691358,0.0,0.0,0.09090909090909091
415,10,core_first,2,mf_impute,0.0024691358024691358,0.0,0.0,0.02631578947368421
421,10,core_first,1,random,0.10123456790123457,0.2,0.2,1.0
421,10,core_first,1,popular_group,0.10123456790123457,0.0,0.0,0.002631578947368421
421,10,core_first,1,raw_distance,0.10123456790123457,0.0,0.0,0.01818181818181818
421,10,core_first,1,raw_correlation,0.10123456790123457,0.0,0.0,0.043478260869565216
421,10,core_first,1,mf_latent,0.10123456790123457,0.0,0.0,0.009259259259259259
421,10,core_first,1,mf_impute,0.10123456790123457,0.0,0.0,0.008849557522123894
421,10,core_first,2,random,0.028395061728395062,0.0,0.0,0.030303030303030304
421,10,core_first,2,popular_group,0.028395061728395062,0.0,0.0,0.002688172043010753
421,10,core_first,2,raw_distance,0.028395061728395062,0.0,0.0,0.01818181818181818
421,10,core_first,2,raw_correlation,0.028395061728395062,0.0,0.0,0.043478260869565216
421,10,core_first,2,mf_latent,0.028395061728395062,0.0,0.0,0.009259259259259259
421,10,core_first,2,mf_impute,0.028395061728395062,0.0,0.0,0.008849557522123894
424,10,core_first,1,random,0.10123456790123457,0.0,0.0,0.08333333333333333
424,10,core_first,1,popular_group,0.10123456790123457,0.0,0.0,0.002631578947368421
424,10,core_first,1,raw_distance,0.10123456790123457,0.4,0.4,1.0
424,10,core_first,1,raw_correlation,0.10123456790123457,0.8,0.8,1.0
424,10,core_first,1,mf_latent,0.10123456790123457,0.4,0.5,1.0
424,10,core_first,1,mf_impute,0.10123456790123457,0.0,0.0,0.02564102564102564
424,10,core_first,2,random,0.028395061728395062,0.0,0.0,0.01639344262295082
424,10,core_first,2,popular_group,0.028395061728395062,0.0,0.0,0.002688172043010753
424,10,core_first,2,raw_distance,0.028395061728395062,0.4,0.3,1.0
424,10,core_first,2,raw_correlation,0.028395061728395062,0.4,0.5,0.25
424,10,core_first,2,mf_latent,0.028395061728395062,0.4,0.3,1.0
424,10,core_first,2,mf_impute,0.028395061728395062,0.0,0.0,0.014705882352941176
430,10,core_first,1,random,0.10123456790123457,0.2,0.1,0.2
430,10,core_first,1,popular_group,0.10123456790123457,0.0,0.0,0.002631578947368421
430,10,core_first,1,raw_distance,0.10123456790123457,0.2,0.1,1.0
430,10,core_first,1,raw_correlation,0.10123456790123457,0.2,0.2,1.0
430,10,core_first,1,mf_latent,0.10123456790123457,0.2,0.1,1.0
430,10,core_first,1,mf_impute,0.10123456790123457,0.0,0.0,0.02702702702702703
430,10,core_first,2,random,0.028395061728395062,0.0,0.0,0.038461538461538464
430,10,core_first,2,popular_group,0.028395061728395062,0.0,0.0,0.002688172043010753
430,10,core_first,2,raw_distance,0.028395061728395062,0.2,0.1,1.0
430,10,core_first,2,raw_correlation,0.028395061728395062,0.2,0.2,1.0
430,10,core_first,2,mf_latent,0.028395061728395062,0.2,0.1,1.0
430,10,core_first,2,mf_impute,0.028395061728395062,0.0,0.0,0.02702702702702703
432,10,core_first,1,random,0.10123456790123457,0.2,0.2,0.5
432,10,core_first,1,popular_group,0.10123456790123457,0.0,0.0,0.002631578947368421
432,10,core_first,1,raw_distance,0.10123456790123457,0.0,0.1,0.1
432,10,core_first,1,raw_correlation,0.10123456790123457,0.0,0.0,0.07692307692307693
432,10,core_first,1,mf_latent,0.10123456790123457,0.2,0.4,0.25
432,10,core_first,1,mf_impute,0.10123456790123457,0.0,0.1,0.125
432,10,core_first,2,random,0.028395061728395062,0.2,0.2,0.5
432,10,core_first,2,popular_group,0.028395061728395062,0.0,0.0,0.002688172043010753
432,10,core_first,2,raw_distance,0.028395061728395062,0.0,0.1,0.1
432,10,core_first,2,raw_correlation,0.028395061728395062,0.0,0.0,0.07692307692307693
432,10,core_first,2,mf_latent,0.028395061728395062,0.2,0.2,0.25
432,10,core_first,2,mf_impute,0.028395061728395062,0.0,0.1,0.125
457,10,core_first,1,random,0.10123456790123457,0.0,0.1,0.1
457,10,core_first,1,popular_group,0.10123456790123457,0.0,0.0,0.002631578947368421
457,10,core_first,1,raw_distance,0.10123456790123457,0.2,0.1,1.0
457,10,core_first,1,raw_correlation,0.10123456790123457,0.2,0.1,1.0
457,10,core_first,1,mf_latent,0.10123456790123457,0.2,0.1,0.5
457,10,core_first,1,mf_impute,0.10123456790123457,0.0,0.0,0.0625
457,10,core_first,2,random,0.019753086419753086,0.0,0.0,0.015873015873015872
457,10,core_first,2,popular_group,0.019753086419753086,0.0,0.0,0.0024752475247524753
457,10,core_first,2,raw_distance,0.019753086419753086,0.0,0.0,0.05555555555555555
457,10,core_first,2,raw_correlation,0.019753086419753086,0.0,0.0,0.03571428571428571
457,10,core_first,2,mf_latent,0.019753086419753086,0.0,0.0,0.07692307692307693
457,10,core_first,2,mf_impute,0.019753086419753086,0.0,0.0,0.016666666666666666
468,10,core_first,1,random,0.10123456790123457,0.2,0.2,0.3333333333333333
468,10,core_first,1,popular_group,0.10123456790123457,0.0,0.0,0.002631578947368421
468,10,core_first,1,raw_distance,0.10123456790123457,0.0,0.0,0.058823529411764705
468,10,core_first,1,raw_correlation,0.10123456790123457,0.0,0.0,0.022222222222222223
468,10,core_first,1,mf_latent,0.10123456790123457,0.0,0.0,0.03225806451612903
468,10,core_first,1,mf_impute,0.10123456790123457,0.0,0.0,0.017543859649122806
468,10,core_first,2,random,0.044444444444444446,0.2,0.2,0.3333333333333333
468,10,core_first,2,popular_group,0.044444444444444446,0.0,0.0,0.002380952380952381
468,10,core_first,2,raw_distance,0.044444444444444446,0.0,0.0,0.058823529411764705
468,10,core_first,2,raw_correlation,0.044444444444444446,0.0,0.0,0.022222222222222223
468,10,core_first,2,mf_latent,0.044444444444444446,0.0,0.0,0.020833333333333332
468,10,core_first,2,mf_impute,0.044444444444444446,0.0,0.0,0.017543859649122806
473,10,core_first,1,random,0.10123456790123457,0.0,0.1,0.125
473,10,core_first,1,popular_group,0.10123456790123457,0.0,0.0,0.002631578947368421
473,10,core_first,1,raw_distance,0.10123456790123457,0.2,0.1,0.5
473,10,core_first,1,raw_correlation,0.10123456790123457,0.0,0.0,0.03333333333333333
473,10,core_first,1,mf_latent,0.10123456790123457,0.0,0.0,0.027777777777777776
473,10,core_first,1,mf_impute,0.10123456790123457,0.0,0.0,0.041666666666666664
473,10,core_first,2,random,0.044444444444444446,0.0,0.0,0.043478260869565216
473,10,core_first,2,popular_group,0.044444444444444446,0.0,0.0,0.002380952380952381
473,10,core_first,2,raw_distance,0.044444444444444446,0.0,0.0,0.025
473,10,core_first,2,raw_correlation,0.044444444444444446,0.0,0.0,0.009900990099009901
473,10,core_first,2,mf_latent,0.044444444444444446,0.0,0.0,0.008130081300813009
473,10,core_first,2,mf_impute,0.044444444444444446,0.0,0.0,0.007194244604316547
501,10,core_first,1,random,0.10123456790123457,0.0,0.1,0.1111111111111111
501,10,core_first,1,popular_group,0.10123456790123457,0.0,0.0,0.002631578947368421
501,10,core_first,1,raw_distance,0.10123456790123457,0.4,0.3,1.0
501,10,core_first,1,raw_correlation,0.10123456790123457,0.4,0.5,1.0
501,10,core_first,1,mf_latent,0.10123456790123457,1.0,0.9,1.0
501,10,core_first,1,mf_impute,0.10123456790123457,0.8,0.5,1.0
501,10,core_first,2,random,0.003703703703703704,0.0,0.0,0.011111111111111112
501,10,core_first,2,popular_group,0.003703703703703704,0.0,0.0,0.002178649237472767
501,10,core_first,2,raw_distance,0.003703703703703704,0.0,0.0,0.09090909090909091
501,10,core_first,2,raw_correlation,0.003703703703703704,0.2,0.1,1.0
501,10,core_first,2,mf_latent,0.003703703703703704,0.2,0.1,0.5
501,10,core_first,2,mf_impute,0.003703703703703704,0.2,0.1,0.3333333333333333
532,10,core_first,1,random,0.12098765432098765,0.2,0.1,1.0
532,10,core_first,1,popular_group,0.12098765432098765,0.0,0.0,0.002173913043478261
532,10,core_first,1,raw_distance,0.12098765432098765,0.0,0.0,0.04
532,10,core_first,1,raw_correlation,0.12098765432098765,0.2,0.3,0.2
532,10,core_first,1,mf_latent,0.12098765432098765,0.0,0.0,0.07142857142857142
532,10,core_first,1,mf_impute,0.12098765432098765,0.0,0.0,0.024390243902439025
532,10,core_first,2,random,0.018518518518518517,0.0,0.0,0.03571428571428571
532,10,core_first,2,popular_group,0.018518518518518517,0.0,0.0,0.002136752136752137
532,10,core_first,2,raw_distance,0.018518518518518517,0.0,0.0,0.04
532,10,core_first,2,raw_correlation,0.018518518518518517,0.0,0.1,0.1
532,10,core_first,2,mf_latent,0.018518518518518517,0.0,0.0,0.07142857142857142
532,10,core_first,2,mf_impute,0.018518518518518517,0.0,0.0,0.024390243902439025
536,10,core_first,1,random,0.12098765432098765,0.0,0.0,0.05555555555555555
536,10,core_first,1,popular_group,0.12098765432098765,0.0,0.0,0.002173913043478261
536,10,core_first,1,raw_distance,0.12098765432098765,0.8,0.5,1.0
536,10,core_first,1,raw_correlation,0.12098765432098765,0.8,0.4,1.0
536,10,core_first,1,mf_latent,0.12098765432098765,1.0,0.8,1.0
536,10,core_first,1,mf_impute,0.12098765432098765,1.0,0.7,1.0
536,10,core_first,2,random,0.018518518518518517,0.0,0.0,0.03225806451612903
536,10,core_first,2,popular_group,0.018518518518518517,0.0,0.0,0.002136752136752137
536,10,core_first,2,raw_distance,0.018518518518518517,0.6,0.4,1.0
536,10,core_first,2,raw_correlation,0.018518518518518517,0.4,0.2,1.0
536,10,core_first,2,mf_latent,0.018518518518518517,1.0,0.6,1.0
536,10,core_first,2,mf_impute,0.018518518518518517,0.4,0.4,0.3333333333333333
538,10,core_first,1,random,0.12098765432098765,0.0,0.3,0.125
538,10,core_first,1,popular_group,0.12098765432098765,0.0,0.0,0.002173913043478261
538,10,core_first,1,raw_distance,0.12098765432098765,0.6,0.4,0.5
538,10,core_first,1,raw_correlation,0.12098765432098765,0.4,0.3,1.0
538,10,core_first,1,mf_latent,0.12098765432098765,0.2,0.1,0.25
538,10,core_first,1,mf_impute,0.12098765432098765,0.0,0.1,0.16666666666666666
538,10,core_first,2,random,0.018518518518518517,0.0,0.1,0.125
538,10,core_first,2,popular_group,0.018518518518518517,0.0,0.0,0.002136752136752137
538,10,core_first,2,raw_distance,0.018518518518518517,0.6,0.4,0.5
538,10,core_first,2,raw_correlation,0.018518518518518517,0.2,0.1,1.0
538,10,core_first,2,mf_latent,0.018518518518518517,0.0,0.0,0.04
538,10,core_first,2,mf_impute,0.018518518518518517,0.0,0.0,0.0125
563,10,core_first,1,random,0.12098765432098765,0.0,0.2,0.125
563,10,core_first,1,popular_group,0.12098765432098765,0.0,0.0,0.002173913043478261
563,10,core_first,1,raw_distance,0.12098765432098765,0.2,0.4,0.2
563,10,core_first,1,raw_correlation,0.12098765432098765,0.0,0.1,0.125
563,10,core_first,1,mf_latent,0.12098765432098765,0.4,0.4,0.5
563,10,core_first,1,mf_impute,0.12098765432098765,0.2,0.4,0.3333333333333333
563,10,core_first,2,random,0.03827160493827161,0.0,0.0,0.05263157894736842
563,10,core_first,2,popular_group,0.03827160493827161,0.0,0.0,0.002066115702479339
563,10,core_first,2,raw_distance,0.03827160493827161,0.0,0.1,0.14285714285714285
563,10,core_first,2,raw_correlation,0.03827160493827161,0.0,0.0,0.07142857142857142
563,10,core_first,2,mf_latent,0.03827160493827161,0.0,0.0,0.07142857142857142
563,10,core_first,2,mf_impute,0.03827160493827161,0.0,0.0,0.058823529411764705
570,10,core_first,1,random,0.12098765432098765,0.0,0.0,0.07142857142857142
570,10,core_first,1,popular_group,0.12098765432098765,0.0,0.0,0.002173913043478261
570,10,core_first,1,raw_distance,0.12098765432098765,0.8,0.8,1.0
570,10,core_first,1,raw_correlation,0.12098765432098765,0.6,0.6,0.5
570,10,core_first,1,mf_latent,0.12098765432098765,1.0,0.9,1.0
570,10,core_first,1,mf_impute,0.12098765432098765,0.6,0.4,1.0
570,10,core_first,2,random,0.03827160493827161,0.0,0.0,0.023255813953488372
570,10,core_first,2,popular_group,0.03827160493827161,0.0,0.0,0.002066115702479339
570,10,core_first,2,raw_distance,0.03827160493827161,0.2,0.1,0.3333333333333333
570,10,core_first,2,raw_correlation,0.03827160493827161,0.4,0.2,0.5
570,10,core_first,2,mf_latent,0.03827160493827161,0.6,0.5,1.0
570,10,core_first,2,mf_impute,0.03827160493827161,0.0,0.0,0.022727272727272728
582,10,core_first,1,random,0.12098765432098765,0.0,0.1,0.125
582,10,core_first,1,popular_group,0.12098765432098765,0.0,0.0,0.002173913043478261
582,10,core_first,1,raw_distance,0.12098765432098765,0.6,0.5,0.5
582,10,core_first,1,raw_correlation,0.12098765432098765,0.6,0.3,1.0
582,10,core_first,1,mf_latent,0.12098765432098765,0.6,0.5,1.0
582,10,core_first,1,mf_impute,0.12098765432098765,0.0,0.0,0.07142857142857142
582,10,core_first,2,random,0.037037037037037035,0.0,0.1,0.125
582,10,core_first,2,popular_group,0.037037037037037035,0.0,0.0,0.001937984496124031
582,10,core_first,2,raw_distance,0.037037037037037035,0.2,0.1,0.5
582,10,core_first,2,raw_correlation,0.037037037037037035,0.2,0.1,1.0
582,10,core_first,2,mf_latent,0.037037037037037035,0.0,0.0,0.09090909090909091
582,10,core_first,2,mf_impute,0.037037037037037035,0.0,0.0,0.029411764705882353
591,10,core_first,1,random,0.12098765432098765,0.0,0.0,0.058823529411764705
591,10,core_first,1,popular_group,0.12098765432098765,0.0,0.0,0.002173913043478261
591,10,core_first,1,raw_distance,0.12098765432098765,0.0,0.2,0.1111111111111111
591,10,core_first,1,raw_correlation,0.12098765432098765,0.4,0.4,1.0
591,10,core_first,1,mf_latent,0.12098765432098765,0.2,0.6,1.0
591,10,core_first,1,mf_impute,0.12098765432098765,0.0,0.2,0.16666666666666666
591,10,core_first,2,random,0.037037037037037035,0.0,0.0,0.047619047619047616
591,10,core_first,2,popular_group,0.037037037037037035,0.0,0.0,0.001937984496124031
591,10,core_first,2,raw_distance,0.037037037037037035,0.0,0.2,0.1111111111111111
591,10,core_first,2,raw_correlation,0.037037037037037035,0.2,0.3,1.0
591,10,core_first,2,mf_latent,0.037037037037037035,0.0,0.4,0.16666666666666666
591,10,core_first,2,mf_impute,0.037037037037037035,0.0,0.1,0.1
594,10,core_first,1,random,0.12098765432098765,0.0,0.0,0.05263157894736842
594,10,core_first,1,popular_group,0.12098765432098765,0.0,0.0,0.002173913043478261
594,10,core_first,1,raw_distance,0.12098765432098765,0.2,0.1,0.5
594,10,core_first,1,raw_correlation,0.12098765432098765,0.4,0.3,1.0
594,10,core_first,1,mf_latent,0.12098765432098765,0.2,0.3,1.0
594,10,core_first,1,mf_impute,0.12098765432098765,0.0,0.1,0.1111111111111111
594,10,core_first,2,random,0.037037037037037035,0.0,0.0,0.013333333333333334
594,10,core_first,2,popular_group,0.037037037037037035,0.0,0.0,0.001937984496124031
594,10,core_first,2,raw_distance,0.037037037037037035,0.0,0.0,0.029411764705882353
594,10,core_first,2,raw_correlation,0.037037037037037035,0.2,0.2,0.3333333333333333
594,10,core_first,2,mf_latent,0.037037037037037035,0.2,0.3,1.0
594,10,core_first,2,mf_impute,0.037037037037037035,0.0,0.1,0.1111111111111111
596,10,core_first,1,random,0.12098765432098765,0.0,0.2,0.16666666666666666
596,10,core_first,1,popular_group,0.12098765432098765,0.0,0.0,0.002173913043478261
596,10,core_first,1,raw_distance,0.12098765432098765,0.4,0.4,0.25
596,10,core_first,1,raw_correlation,0.12098765432098765,0.2,0.2,0.3333333333333333
596,10,core_first,1,mf_latent,0.12098765432098765,0.4,0.4,0.5
596,10,core_first,1,mf_impute,0.12098765432098765,0.4,0.5,1.0
596,10,core_first,2,random,0.037037037037037035,0.0,0.1,0.16666666666666666
596,10,core_first,2,popular_group,0.037037037037037035,0.0,0.0,0.001937984496124031
596,10,core_first,2,raw_distance,0.037037037037037035,0.0,0.0,0.038461538461538464
596,10,core_first,2,raw_correlation,0.037037037037037035,0.0,0.0,0.06666666666666667
596,10,core_first,2,mf_latent,0.037037037037037035,0.0,0.0,0.022727272727272728
596,10,core_first,2,mf_impute,0.037037037037037035,0.0,0.0,0.0030211480362537764
597,10,core_first,1,random,0.12098765432098765,0.0,0.2,0.14285714285714285
597,10,core_first,1,popular_group,0.12098765432098765,0.0,0.0,0.002173913043478261
597,10,core_first,1,raw_distance,0.12098765432098765,0.8,0.6,1.0
597,10,core_first,1,raw_correlation,0.12098765432098765,0.8,0.7,1.0
597,10,core_first,1,mf_latent,0.12098765432098765,0.6,0.6,0.5
597,10,core_first,1,mf_impute,0.12098765432098765,0.4,0.3,0.5
597,10,core_first,2,random,0.037037037037037035,0.0,0.1,0.14285714285714285
597,10,core_first,2,popular_group,0.037037037037037035,0.0,0.0,0.001937984496124031
597,10,core_first,2,raw_distance,0.037037037037037035,0.6,0.4,1.0
597,10,core_first,2,raw_correlation,0.037037037037037035,0.6,0.4,1.0
597,10,core_first,2,mf_latent,0.037037037037037035,0.6,0.6,0.5
597,10,core_first,2,mf_impute,0.037037037037037035,0.2,0.1,0.25
605,10,core_first,1,random,0.12098765432098765,0.2,0.3,0.3333333333333333
605,10,core_first,1,popular_group,0.12098765432098765,0.0,0.0,0.002173913043478261
605,10,core_first,1,raw_distance,0.12098765432098765,0.0,0.0,0.02040816326530612
605,10,core_first,1,raw_correlation,0.12098765432098765,0.0,0.0,0.030303030303030304
605,10,core_first,1,mf_latent,0.12098765432098765,0.0,0.0,0.01818181818181818
605,10,core_first,1,mf_impute,0.12098765432098765,0.0,0.0,0.022727272727272728
605,10,core_first,2,random,0.037037037037037035,0.2,0.3,0.3333333333333333
605,10,core_first,2,popular_group,0.037037037037037035,0.0,0.0,0.001937984496124031
605,10,core_first,2,raw_distance,0.037037037037037035,0.0,0.0,0.005025125628140704
605,10,core_first,2,raw_correlation,0.037037037037037035,0.0,0.0,0.008130081300813009
605,10,core_first,2,mf_latent,0.037037037037037035,0.0,0.0,0.01818181818181818
605,10,core_first,2,mf_impute,0.037037037037037035,0.0,0.0,0.0028011204481792717
607,10,core_first,1,random,0.12098765432098765,0.0,0.1,0.125
607,10,core_first,1,popular_group,0.12098765432098765,0.0,0.0,0.002173913043478261
607,10,core_first,1,raw_distance,0.12098765432098765,0.0,0.0,0.021739130434782608
607,10,core_first,1,raw_correlation,0.12098765432098765,0.0,0.0,0.045454545454545456
607,10,core_first,1,mf_latent,0.12098765432098765,0.0,0.0,0.00819672131147541
607,10,core_first,1,mf_impute,0.12098765432098765,0.0,0.0,0.08333333333333333
607,10,core_first,2,random,0.037037037037037035,0.0,0.0,0.008695652173913044
607,10,core_first,2,popular_group,0.037037037037037035,0.0,0.0,0.001937984496124031
607,10,core_first,2,raw_distance,0.037037037037037035,0.0,0.0,0.009174311926605505
607,10,core_first,2,raw_correlation,0.037037037037037035,0.0,0.0,0.0058823529411764705
607,10,core_first,2,mf_latent,0.037037037037037035,0.0,0.0,0.00819672131147541
607,10,core_first,2,mf_impute,0.037037037037037035,0.0,0.0,0.009708737864077669
627,10,core_first,1,random,0.15185185185185185,0.0,0.0,0.06666666666666667
627,10,core_first,1,popular_group,0.15185185185185185,1.0,1.0,1.0
627,10,core_first,1,raw_distance,0.15185185185185185,0.8,0.6,1.0
627,10,core_first,1,raw_correlation,0.15185185185185185,0.6,0.5,1.0
627,10,core_first,1,mf_latent,0.15185185185185185,0.4,0.5,0.5
627,10,core_first,1,mf_impute,0.15185185185185185,0.8,0.4,1.0
627,10,core_first,2,random,0.08271604938271605,0.0,0.0,0.058823529411764705
627,10,core_first,2,popular_group,0.08271604938271605,1.0,1.0,1.0
627,10,core_first,2,raw_distance,0.08271604938271605,0.4,0.4,0.25
627,10,core_first,2,raw_correlation,0.08271604938271605,0.2,0.2,0.5
627,10,core_first,2,mf_latent,0.08271604938271605,0.2,0.3,0.2
627,10,core_first,2,mf_impute,0.08271604938271605,0.8,0.4,1.0
628,10,core_first,1,random,0.15185185185185185,0.4,0.2,0.3333333333333333
628,10,core_first,1,popular_group,0.15185185185185185,1.0,1.0,1.0
628,10,core_first,1,raw_distance,0.15185185185185185,0.2,0.3,0.5
628,10,core_first,1,raw_correlation,0.15185185185185185,0.2,0.2,0.25
628,10,core_first,1,mf_latent,0.15185185185185185,0.2,0.2,1.0
628,10,core_first,1,mf_impute,0.15185185185185185,0.2,0.3,0.3333333333333333
628,10,core_first,2,random,0.08271604938271605,0.0,0.0,0.047619047619047616
628,10,core_first,2,popular_group,0.08271604938271605,1.0,1.0,1.0
628,10,core_first,2,raw_distance,0.08271604938271605,0.0,0.1,0.1
628,10,core_first,2,raw_correlation,0.08271604938271605,0.0,0.0,0.025
628,10,core_first,2,mf_latent,0.08271604938271605,0.2,0.1,1.0
628,10,core_first,2,mf_impute,0.08271604938271605,0.2,0.1,0.3333333333333333
645,10,core_first,1,random,0.15185185185185185,0.2,0.2,0.25
645,10,core_first,1,popular_group,0.15185185185185185,1.0,1.0,1.0
645,10,core_first,1,raw_distance,0.15185185185185185,0.4,0.5,1.0
645,10,core_first,1,raw_correlation,0.15185185185185185,0.2,0.4,1.0
645,10,core_first,1,mf_latent,0.15185185185185185,0.2,0.5,0.3333333333333333
645,10,core_first,1,mf_impute,0.15185185185185185,0.8,0.7,1.0
645,10,core_first,2,random,0.08271604938271605,0.0,0.0,0.0625
645,10,core_first,2,popular_group,0.08271604938271605,1.0,1.0,1.0
645,10,core_first,2,raw_distance,0.08271604938271605,0.4,0.5,1.0
645,10,core_first,2,raw_correlation,0.08271604938271605,0.2,0.4,1.0
645,10,core_first,2,mf_latent,0.08271604938271605,0.2,0.5,0.3333333333333333
645,10,core_first,2,mf_impute,0.08271604938271605,0.8,0.7,1.0
649,10,core_first,1,random,0.15185185185185185,0.0,0.1,0.125
649,10,core_first,1,popular_group,0.15185185185185185,1.0,1.0,1.0
649,10,core_first,1,raw_distance,0.15185185185185185,0.8,0.9,1.0
649,10,core_first,1,raw_correlation,0.15185185185185185,0.8,0.5,1.0
649,10,core_first,1,mf_latent,0.15185185185185185,0.6,0.4,1.0
649,10,core_first,1,mf_impute,0.15185185185185185,0.2,0.1,0.2
649,10,core_first,2,random,0.08271604938271605,0.0,0.0,0.07692307692307693
649,10,core_first,2,popular_group,0.08271604938271605,1.0,1.0,1.0
649,10,core_first,2,raw_distance,0.08271604938271605,0.8,0.9,1.0
649,10,core_first,2,raw_correlation,0.08271604938271605,0.8,0.5,1.0
649,10,core_first,2,mf_latent,0.08271604938271605,0.6,0.4,1.0
649,10,core_first,2,mf_impute,0.08271604938271605,0.2,0.1,0.2
652,10,core_first,1,random,0.15185185185185185,0.4,0.2,0.5
652,10,core_first,1,popular_group,0.15185185185185185,1.0,1.0,1.0
652,10,core_first,1,raw_distance,0.15185185185185185,1.0,0.8,1.0
652,10,core_first,1,raw_correlation,0.15185185185185185,0.6,0.8,1.0
652,10,core_first,1,mf_latent,0.15185185185185185,0.8,0.6,1.0
652,10,core_first,1,mf_impute,0.15185185185185185,0.2,0.2,1.0
652,10,core_first,2,random,0.08271604938271605,0.0,0.0,0.05
652,10,core_first,2,popular_group,0.08271604938271605,1.0,1.0,1.0
652,10,core_first,2,raw_distance,0.08271604938271605,1.0,0.8,1.0
652,10,core_first,2,raw_correlation,0.08271604938271605,0.6,0.7,1.0
652,10,core_first,2,mf_latent,0.08271604938271605,0.8,0.6,1.0
652,10,core_first,2,mf_impute,0.08271604938271605,0.2,0.2,1.0
654,10,core_first,1,random,0.15185185185185185,0.2,0.1,1.0
654,10,core_first,1,popular_group,0.15185185185185185,1.0,1.0,1.0
654,10,core_first,1,raw_distance,0.15185185185185185,0.8,0.9,1.0
654,10,core_first,1,raw_correlation,0.15185185185185185,0.8,0.8,1.0
654,10,core_first,1,mf_latent,0.15185185185185185,0.6,0.8,0.5
654,10,core_first,1,mf_impute,0.15185185185185185,0.8,0.7,1.0
654,10,core_first,2,random,0.08271604938271605,0.0,0.0,0.04
654,10,core_first,2,popular_group,0.08271604938271605,1.0,1.0,1.0
654,10,core_first,2,raw_distance,0.08271604938271605,0.6,0.8,1.0
654,10,core_first,2,raw_correlation,0.08271604938271605,0.2,0.4,1.0
654,10,core_first,2,mf_latent,0.08271604938271605,0.0,0.4,0.16666666666666666
654,10,core_first,2,mf_impute,0.08271604938271605,0.4,0.4,0.25
669,10,core_first,1,random,0.15185185185185185,0.0,0.0,0.047619047619047616
669,10,core_first,1,popular_group,0.15185185185185185,1.0,1.0,1.0
669,10,core_first,1,raw_distance,0.15185185185185185,1.0,0.9,1.0
669,10,core_first,1,raw_correlation,0.15185185185185185,0.2,0.3,0.2
669,10,core_first,1,mf_latent,0.15185185185185185,1.0,1.0,1.0
669,10,core_first,1,mf_impute,0.15185185185185185,1.0,0.9,1.0
669,10,core_first,2,random,0.08271604938271605,0.0,0.0,0.047619047619047616
669,10,core_first,2,popular_group,0.08271604938271605,1.0,1.0,1.0
669,10,core_first,2,raw_distance,0.08271604938271605,1.0,0.9,1.0
669,10,core_first,2,raw_correlation,0.08271604938271605,0.2,0.3,0.2
669,10,core_first,2,mf_latent,0.08271604938271605,0.8,0.9,1.0
669,10,core_first,2,mf_impute,0.08271604938271605,1.0,0.8,1.0
689,10,core_first,1,random,0.15185185185185185,0.4,0.4,1.0
689,10,core_first,1,popular_group,0.15185185185185185,1.0,1.0,1.0
689,10,core_first,1,raw_distance,0.15185185185185185,0.6,0.4,1.0
689,10,core_first,1,raw_correlation,0.15185185185185185,0.0,0.0,0.0017985611510791368
689,10,core_first,1,mf_latent,0.15185185185185185,1.0,1.0,1.0
689,10,core_first,1,mf_impute,0.15185185185185185,1.0,0.6,1.0
689,10,core_first,2,random,0.08271604938271605,0.0,0.1,0.1111111111111111
689,10,core_first,2,popular_group,0.08271604938271605,1.0,1.0,1.0
689,10,core_first,2,raw_distance,0.08271604938271605,0.6,0.3,1.0
689,10,core_first,2,raw_correlation,0.08271604938271605,0.0,0.0,0.0017761989342806395
689,10,core_first,2,mf_latent,0.08271604938271605,0.4,0.4,0.3333333333333333
689,10,core_first,2,mf_impute,0.08271604938271605,0.6,0.4,1.0
690,10,core_first,1,random,0.15185185185185185,0.2,0.1,0.25
690,10,core_first,1,popular_group,0.15185185185185185,1.0,1.0,1.0
690,10,core_first,1,raw_distance,0.15185185185185185,1.0,0.9,1.0
690,10,core_first,1,raw_correlation,0.15185185185185185,0.4,0.3,1.0
690,10,core_first,1,mf_latent,0.15185185185185185,0.8,0.9,1.0
690,10,core_first,1,mf_impute,0.15185185185185185,0.8,0.8,1.0
690,10,core_first,2,random,0.08271604938271605,0.2,0.1,0.25
690,10,core_first,2,popular_group,0.08271604938271605,1.0,1.0,1.0
690,10,core_first,2,raw_distance,0.08271604938271605,1.0,0.9,1.0
690,10,core_first,2,raw_correlation,0.08271604938271605,0.4,0.3,1.0
690,10,core_first,2,mf_latent,0.08271604938271605,0.8,0.9,1.0
690,10,core_first,2,mf_impute,0.08271604938271605,0.8,0.8,1.0
696,10,core_first,1,random,0.15185185185185185,0.4,0.2,0.3333333333333333
696,10,core_first,1,popular_group,0.15185185185185185,1.0,1.0,1.0
696,10,core_first,1,raw_distance,0.15185185185185185,0.8,0.9,1.0
696,10,core_first,1,raw_correlation,0.15185185185185185,0.2,0.2,0.5
696,10,core_first,1,mf_latent,0.15185185185185185,0.8,0.5,1.0
696,10,core_first,1,mf_impute,0.15185185185185185,1.0,1.0,1.0
696,10,core_first,2,random,0.08271604938271605,0.2,0.1,0.25
696,10,core_first,2,popular_group,0.08271604938271605,1.0,1.0,1.0
696,10,core_first,2,raw_distance,0.08271604938271605,0.6,0.7,0.5
696,10,core_first,2,raw_correlation,0.08271604938271605,0.2,0.1,0.5
696,10,core_first,2,mf_latent,0.08271604938271605,0.4,0.3,0.25
696,10,core_first,2,mf_impute,0.08271604938271605,0.6,0.7,0.3333333333333333
700,10,core_first,1,random,0.15185185185185185,0.0,0.2,0.14285714285714285
700,10,core_first,1,popular_group,0.15185185185185185,1.0,1.0,1.0
700,10,core_first,1,raw_distance,0.15185185185185185,0.8,0.7,1.0
700,10,core_first,1,raw_correlation,0.15185185185185185,0.8,0.7,1.0
700,10,core_first,1,mf_latent,0.15185185185185185,0.4,0.2,0.5
700,10,core_first,1,mf_impute,0.15185185185185185,0.0,0.0,0.07692307692307693
700,10,core_first,2,random,0.030864197530864196,0.0,0.1,0.1111111111111111
700,10,core_first,2,popular_group,0.030864197530864196,0.0,0.0,0.0015873015873015873
700,10,core_first,2,raw_distance,0.030864197530864196,0.4,0.2,0.25
700,10,core_first,2,raw_correlation,0.030864197530864196,0.0,0.1,0.16666666666666666
700,10,core_first,2,mf_latent,0.030864197530864196,0.2,0.1,0.5
700,10,core_first,2,mf_impute,0.030864197530864196,0.0,0.0,0.045454545454545456
701,10,core_first,1,random,0.15185185185185185,0.2,0.3,0.5
701,10,core_first,1,popular_group,0.15185185185185185,1.0,1.0,1.0
701,10,core_first,1,raw_distance,0.15185185185185185,0.6,0.7,0.3333333333333333
701,10,core_first,1,raw_correlation,0.15185185185185185,0.6,0.3,0.3333333333333333
701,10,core_first,1,mf_latent,0.15185185185185185,0.0,0.2,0.125
701,10,core_first,1,mf_impute,0.15185185185185185,0.2,0.5,1.0
701,10,core_first,2,random,0.030864197530864196,0.0,0.1,0.16666666666666666
701,10,core_first,2,popular_group,0.030864197530864196,0.0,0.0,0.0015873015873015873
701,10,core_first,2,raw_distance,0.030864197530864196,0.2,0.2,0.3333333333333333
701,10,core_first,2,raw_correlation,0.030864197530864196,0.0,0.0,0.08333333333333333
701,10,core_first,2,mf_latent,0.030864197530864196,0.0,0.1,0.1111111111111111
701,10,core_first,2,mf_impute,0.030864197530864196,0.0,0.1,0.16666666666666666
726,10,core_first,1,random,0.15185185185185185,0.2,0.3,0.2
726,10,core_first,1,popular_group,0.15185185185185185,1.0,1.0,1.0
726,10,core_first,1,raw_distance,0.15185185185185185,0.4,0.4,0.5
726,10,core_first,1,raw_correlation,0.15185185185185185,0.2,0.3,0.5
726,10,core_first,1,mf_latent,0.15185185185185185,0.0,0.0,0.05
726,10,core_first,1,mf_impute,0.15185185185185185,0.2,0.2,0.3333333333333333
726,10,core_first,2,random,0.014814814814814815,0.0,0.0,0.034482758620689655
726,10,core_first,2,popular_group,0.014814814814814815,0.0,0.0,0.0015600624024961
726,10,core_first,2,raw_distance,0.014814814814814815,0.0,0.0,0.058823529411764705
726,10,core_first,2,raw_correlation,0.014814814814814815,0.0,0.0,0.034482758620689655
726,10,core_first,2,mf_latent,0.014814814814814815,0.0,0.0,0.05
726,10,core_first,2,mf_impute,0.014814814814814815,0.0,0.0,0.014492753623188406
744,10,core_first,1,random,0.15185185185185185,0.4,0.2,1.0
744,10,core_first,1,popular_group,0.15185185185185185,1.0,1.0,1.0
744,10,core_first,1,raw_distance,0.15185185185185185,1.0,0.8,1.0
744,10,core_first,1,raw_correlation,0.15185185185185185,0.8,0.5,1.0
744,10,core_first,1,mf_latent,0.15185185185185185,1.0,0.9,1.0
744,10,core_first,1,mf_impute,0.15185185185185185,1.0,0.8,1.0
744,10,core_first,2,random,0.014814814814814815,0.0,0.0,0.05263157894736842
744,10,core_first,2,popular_group,0.014814814814814815,0.0,0.0,0.0015220700152207
744,10,core_first,2,raw_distance,0.014814814814814815,0.2,0.1,1.0
744,10,core_first,2,raw_correlation,0.014814814814814815,0.2,0.1,1.0
744,10,core_first,2,mf_latent,0.014814814814814815,0.4,0.3,0.3333333333333333
744,10,core_first,2,mf_impute,0.014814814814814815,0.2,0.2,0.3333333333333333
749,10,core_first,1,random,0.15185185185185185,0.4,0.2,0.5
749,10,core_first,1,popular_group,0.15185185185185185,1.0,1.0,1.0
749,10,core_first,1,raw_distance,0.15185185185185185,0.6,0.6,1.0
749,10,core_first,1,raw_correlation,0.15185185185185185,0.2,0.1,0.5
749,10,core_first,1,mf_latent,0.15185185185185185,0.6,0.7,0.5
749,10,core_first,1,mf_impute,0.15185185185185185,0.6,0.6,0.5
749,10,core_first,2,random,0.014814814814814815,0.2,0.1,0.2
749,10,core_first,2,popular_group,0.014814814814814815,0.0,0.0,0.0015220700152207
749,10,core_first,2,raw_distance,0.014814814814814815,0.0,0.1,0.1
749,10,core_first,2,raw_correlation,0.014814814814814815,0.0,0.0,0.0018281535648994515
749,10,core_first,2,mf_latent,0.014814814814814815,0.0,0.1,0.14285714285714285
749,10,core_first,2,mf_impute,0.014814814814814815,0.0,0.0,0.0024752475247524753
750,10,core_first,1,random,0.15185185185185185,0.0,0.2,0.14285714285714285
750,10,core_first,1,popular_group,0.15185185185185185,1.0,1.0,1.0
750,10,core_first,1,raw_distance,0.15185185185185185,0.8,0.6,1.0
750,10,core_first,1,raw_correlation,0.15185185185185185,0.6,0.7,1.0
750,10,core_first,1,mf_latent,0.15185185185185185,1.0,0.9,1.0
750,10,core_first,1,mf_impute,0.15185185185185185,0.8,0.7,1.0
750,10,core_first,2,random,0.014814814814814815,0.0,0.1,0.14285714285714285
750,10,core_first,2,popular_group,0.014814814814814815,0.0,0.0,0.0015220700152207
750,10,core_first,2,raw_distance,0.014814814814814815,0.2,0.1,0.25
750,10,core_first,2,raw_correlation,0.014814814814814815,0.0,0.1,0.1
750,10,core_first,2,mf_latent,0.014814814814814815,0.2,0.3,0.3333333333333333
750,10,core_first,2,mf_impute,0.014814814814814815,0.0,0.0,0.0625
766,10,core_first,1,random,0.03827160493827161,0.0,0.0,0.019230769230769232
766,10,core_first,1,popular_group,0.03827160493827161,0.0,0.0,0.0014727540500736377
766,10,core_first,1,raw_distance,0.03827160493827161,0.6,0.4,1.0
766,10,core_first,1,raw_correlation,0.03827160493827161,0.2,0.2,1.0
766,10,core_first,1,mf_latent,0.03827160493827161,0.6,0.4,1.0
766,10,core_first,1,mf_impute,0.03827160493827161,0.4,0.2,1.0
766,10,core_first,2,random,0.006172839506172839,0.0,0.0,0.00819672131147541
766,10,core_first,2,popular_group,0.006172839506172839,0.0,0.0,0.0014285714285714286
766,10,core_first,2,raw_distance,0.006172839506172839,0.4,0.2,1.0
766,10,core_first,2,raw_correlation,0.006172839506172839,0.0,0.0,0.05555555555555555
766,10,core_first,2,mf_latent,0.006172839506172839,0.2,0.2,1.0
766,10,core_first,2,mf_impute,0.006172839506172839,0.2,0.1,0.5
772,10,core_first,1,random,0.03827160493827161,0.0,0.0,0.016129032258064516
772,10,core_first,1,popular_group,0.03827160493827161,0.0,0.0,0.0014727540500736377
772,10,core_first,1,raw_distance,0.03827160493827161,0.8,0.4,1.0
772,10,core_first,1,raw_correlation,0.03827160493827161,0.0,0.0,0.0014727540500736377
772,10,core_first,1,mf_latent,0.03827160493827161,0.8,0.5,1.0
772,10,core_first,1,mf_impute,0.03827160493827161,0.4,0.4,1.0
772,10,core_first,2,random,0.008641975308641974,0.0,0.0,0.012658227848101266
772,10,core_first,2,popular_group,0.008641975308641974,0.0,0.0,0.001443001443001443
772,10,core_first,2,raw_distance,0.008641975308641974,0.4,0.2,0.5
772,10,core_first,2,raw_correlation,0.008641975308641974,0.0,0.0,0.001440922190201729
772,10,core_first,2,mf_latent,0.008641975308641974,0.4,0.3,0.5
772,10,core_first,2,mf_impute,0.008641975308641974,0.2,0.2,1.0
794,10,core_first,1,random,0.12469135802469136,0.2,0.2,0.25
794,10,core_first,1,popular_group,0.12469135802469136,0.0,0.0,0.008064516129032258
794,10,core_first,1,raw_distance,0.12469135802469136,0.6,0.4,0.3333333333333333
794,10,core_first,1,raw_correlation,0.12469135802469136,0.8,0.7,0.5
794,10,core_first,1,mf_latent,0.12469135802469136,0.8,0.6,0.5
794,10,core_first,1,mf_impute,0.12469135802469136,0.6,0.6,0.5
794,10,core_first,2,random,0.014814814814814815,0.0,0.0,0.04
794,10,core_first,2,popular_group,0.014814814814814815,0.0,0.0,0.0014184397163120568
794,10,core_first,2,raw_distance,0.014814814814814815,0.6,0.4,0.3333333333333333
794,10,core_first,2,raw_correlation,0.014814814814814815,0.8,0.7,0.5
794,10,core_first,2,mf_latent,0.014814814814814815,0.0,0.0,0.07142857142857142
794,10,core_first,2,mf_impute,0.014814814814814815,0.0,0.0,0.047619047619047616
801,10,core_first,1,random,0.12469135802469136,0.0,0.1,0.16666666666666666
801,10,core_first,1,popular_group,0.12469135802469136,0.0,0.0,0.008064516129032258
801,10,core_first,1,raw_distance,0.12469135802469136,1.0,0.7,1.0
801,10,core_first,1,raw_correlation,0.12469135802469136,0.8,0.8,0.5
801,10,core_first,1,mf_latent,0.12469135802469136,0.4,0.4,0.5
801,10,core_first,1,mf_impute,0.12469135802469136,0.6,0.5,0.3333333333333333
801,10,core_first,2,random,0.014814814814814815,0.0,0.0,0.022727272727272728
801,10,core_first,2,popular_group,0.014814814814814815,0.0,0.0,0.0014184397163120568
801,10,core_first,2,raw_distance,0.014814814814814815,1.0,0.7,1.0
801,10,core_first,2,raw_correlation,0.014814814814814815,0.8,0.8,0.5
801,10,core_first,2,mf_latent,0.014814814814814815,0.0,0.0,0.09090909090909091
801,10,core_first,2,mf_impute,0.014814814814814815,0.0,0.0,0.0196078431372549
803,10,core_first,1,random,0.12469135802469136,0.0,0.1,0.14285714285714285
803,10,core_first,1,popular_group,0.12469135802469136,0.0,0.0,0.008064516129032258
803,10,core_first,1,raw_distance,0.12469135802469136,1.0,0.7,1.0
803,10,core_first,1,raw_correlation,0.12469135802469136,0.8,0.8,0.5
803,10,core_first,1,mf_latent,0.12469135802469136,0.4,0.4,0.5
803,10,core_first,1,mf_impute,0.12469135802469136,0.6,0.5,0.3333333333333333
803,10,core_first,2,random,0.014814814814814815,0.0,0.0,0.004366812227074236
803,10,core_first,2,popular_group,0.014814814814814815,0.0,0.0,0.0014184397163120568
803,10,core_first,2,raw_distance,0.014814814814814815,1.0,0.7,1.0
803,10,core_first,2,raw_correlation,0.014814814814814815,0.8,0.8,0.5
803,10,core_first,2,mf_latent,0.014814814814814815,0.0,0.0,0.09090909090909091
803,10,core_first,2,mf_impute,0.014814814814814815,0.0,0.0,0.0196078431372549
830,10,core_first,1,random,0.12469135802469136,0.2,0.2,0.2
830,10,core_first,1,popular_group,0.12469135802469136,0.0,0.0,0.008064516129032258
830,10,core_first,1,raw_distance,0.12469135802469136,1.0,0.9,1.0
830,10,core_first,1,raw_correlation,0.12469135802469136,0.8,0.6,1.0
830,10,core_first,1,mf_latent,0.12469135802469136,0.8,0.7,0.5
830,10,core_first,1,mf_impute,0.12469135802469136,1.0,0.8,1.0
830,10,core_first,2,random,0.08271604938271605,0.0,0.1,0.16666666666666666
830,10,core_first,2,popular_group,0.08271604938271605,0.0,0.0,0.014492753623188406
830,10,core_first,2,raw_distance,0.08271604938271605,0.8,0.7,1.0
830,10,core_first,2,raw_correlation,0.08271604938271605,0.8,0.5,1.0
830,10,core_first,2,mf_latent,0.08271604938271605,0.8,0.6,0.5
830,10,core_first,2,mf_impute,0.08271604938271605,1.0,0.8,1.0
837,10,core_first,1,random,0.12469135802469136,0.2,0.1,0.2
837,10,core_first,1,popular_group,0.12469135802469136,0.0,0.0,0.008064516129032258
837,10,core_first,1,raw_distance,0.12469135802469136,0.6,0.7,0.5
837,10,core_first,1,raw_correlation,0.12469135802469136,1.0,0.7,1.0
837,10,core_first,1,mf_latent,0.12469135802469136,0.6,0.8,1.0
837,10,core_first,1,mf_impute,0.12469135802469136,0.4,0.3,0.3333333333333333
837,10,core_first,2,random,0.08271604938271605,0.0,0.0,0.05
837,10,core_first,2,popular_group,0.08271604938271605,0.0,0.0,0.014492753623188406
837,10,core_first,2,raw_distance,0.08271604938271605,0.6,0.7,0.5
837,10,core_first,2,raw_correlation,0.08271604938271605,1.0,0.7,1.0
837,10,core_first,2,mf_latent,0.08271604938271605,0.2,0.4,1.0
837,10,core_first,2,mf_impute,0.08271604938271605,0.4,0.2,0.3333333333333333
842,10,core_first,1,random,0.12469135802469136,0.4,0.2,0.5
842,10,core_first,1,popular_group,0.12469135802469136,0.0,0.0,0.008064516129032258
842,10,core_first,1,raw_distance,0.12469135802469136,0.4,0.7,0.5
842,10,core_first,1,raw_correlation,0.12469135802469136,0.6,0.6,1.0
842,10,core_first,1,mf_latent,0.12469135802469136,0.6,0.7,0.5
842,10,core_first,1,mf_impute,0.12469135802469136,0.4,0.5,0.5
842,10,core_first,2,random,0.08271604938271605,0.4,0.2,0.5
842,10,core_first,2,popular_group,0.08271604938271605,0.0,0.0,0.014492753623188406
842,10,core_first,2,raw_distance,0.08271604938271605,0.4,0.6,0.5
842,10,core_first,2,raw_correlation,0.08271604938271605,0.6,0.6,1.0
842,10,core_first,2,mf_latent,0.08271604938271605,0.6,0.7,0.5
842,10,core_first,2,mf_impute,0.08271604938271605,0.4,0.3,0.5
845,10,core_first,1,random,0.12469135802469136,0.0,0.0,0.03571428571428571
845,10,core_first,1,popular_group,0.12469135802469136,0.0,0.0,0.008064516129032258
845,10,core_first,1,raw_distance,0.12469135802469136,1.0,0.8,1.0
845,10,core_first,1,raw_correlation,0.12469135802469136,0.8,0.9,1.0
845,10,core_first,1,mf_latent,0.12469135802469136,1.0,0.9,1.0
845,10,core_first,1,mf_impute,0.12469135802469136,1.0,1.0,1.0
845,10,core_first,2,random,0.08271604938271605,0.0,0.0,0.015151515151515152
845,10,core_first,2,popular_group,0.08271604938271605,0.0,0.0,0.014492753623188406
845,10,core_first,2,raw_distance,0.08271604938271605,0.6,0.6,1.0
845,10,core_first,2,raw_correlation,0.08271604938271605,0.8,0.7,1.0
845,10,core_first,2,mf_latent,0.08271604938271605,1.0,0.9,1.0
845,10,core_first,2,mf_impute,0.08271604938271605,1.0,1.0,1.0
868,10,core_first,1,random,0.12469135802469136,0.2,0.2,1.0
868,10,core_first,1,popular_group,0.12469135802469136,0.0,0.0,0.008064516129032258
868,10,core_first,1,raw_distance,0.12469135802469136,0.4,0.3,1.0
868,10,core_first,1,raw_correlation,0.12469135802469136,0.4,0.2,1.0
868,10,core_first,1,mf_latent,0.12469135802469136,0.6,0.7,0.5
868,10,core_first,1,mf_impute,0.12469135802469136,0.0,0.3,0.14285714285714285
868,10,core_first,2,random,0.08271604938271605,0.0,0.0,0.07692307692307693
868,10,core_first,2,popular_group,0.08271604938271605,0.0,0.0,0.014492753623188406
868,10,core_first,2,raw_distance,0.08271604938271605,0.0,0.0,0.05555555555555555
868,10,core_first,2,raw_correlation,0.08271604938271605,0.2,0.1,0.3333333333333333
868,10,core_first,2,mf_latent,0.08271604938271605,0.2,0.4,0.2
868,10,core_first,2,mf_impute,0.08271604938271605,0.0,0.3,0.14285714285714285
871,10,core_first,1,random,0.12469135802469136,0.0,0.0,0.0625
871,10,core_first,1,popular_group,0.12469135802469136,0.0,0.0,0.008064516129032258
871,10,core_first,1,raw_distance,0.12469135802469136,0.0,0.0,0.09090909090909091
871,10,core_first,1,raw_correlation,0.12469135802469136,0.4,0.2,0.5
871,10,core_first,1,mf_latent,0.12469135802469136,0.8,0.8,1.0
871,10,core_first,1,mf_impute,0.12469135802469136,1.0,1.0,1.0
871,10,core_first,2,random,0.08271604938271605,0.0,0.0,0.0625
871,10,core_first,2,popular_group,0.08271604938271605,0.0,0.0,0.014492753623188406
871,10,core_first,2,raw_distance,0.08271604938271605,0.0,0.0,0.09090909090909091
871,10,core_first,2,raw_correlation,0.08271604938271605,0.4,0.2,0.5
871,10,core_first,2,mf_latent,0.08271604938271605,0.8,0.7,1.0
871,10,core_first,2,mf_impute,0.08271604938271605,1.0,1.0,1.0
880,10,core_first,1,random,0.12469135802469136,0.0,0.1,0.16666666666666666
880,10,core_first,1,popular_group,0.12469135802469136,0.0,0.0,0.008064516129032258
880,10,core_first,1,raw_distance,0.12469135802469136,0.2,0.3,0.2
880,10,core_first,1,raw_correlation,0.12469135802469136,0.2,0.1,0.25
880,10,core_first,1,mf_latent,0.12469135802469136,0.0,0.0,0.06666666666666667
880,10,core_first,1,mf_impute,0.12469135802469136,0.0,0.3,0.16666666666666666
880,10,core_first,2,random,0.08271604938271605,0.0,0.1,0.16666666666666666
880,10,core_first,2,popular_group,0.08271604938271605,0.0,0.0,0.014492753623188406
880,10,core_first,2,raw_distance,0.08271604938271605,0.2,0.3,0.2
880,10,core_first,2,raw_correlation,0.08271604938271605,0.2,0.1,0.25
880,10,core_first,2,mf_latent,0.08271604938271605,0.0,0.0,0.05263157894736842
880,10,core_first,2,mf_impute,0.08271604938271605,0.0,0.1,0.125
881,10,core_first,1,random,0.12469135802469136,0.0,0.1,0.125
881,10,core_first,1,popular_group,0.12469135802469136,0.0,0.0,0.008064516129032258
881,10,core_first,1,raw_distance,0.12469135802469136,0.4,0.2,1.0
881,10,core_first,1,raw_correlation,0.12469135802469136,0.4,0.3,1.0
881,10,core_first,1,mf_latent,0.12469135802469136,0.8,0.7,1.0
881,10,core_first,1,mf_impute,0.12469135802469136,1.0,0.8,1.0
881,10,core_first,2,random,0.08271604938271605,0.0,0.1,0.125
881,10,core_first,2,popular_group,0.08271604938271605,0.0,0.0,0.014492753623188406
881,10,core_first,2,raw_distance,0.08271604938271605,0.4,0.2,1.0
881,10,core_first,2,raw_correlation,0.08271604938271605,0.4,0.3,1.0
881,10,core_first,2,mf_latent,0.08271604938271605,0.8,0.7,1.0
881,10,core_first,2,mf_impute,0.08271604938271605,1.0,0.8,1.0
895,10,core_first,1,random,0.12469135802469136,0.0,0.1,0.16666666666666666
895,10,core_first,1,popular_group,0.12469135802469136,0.0,0.0,0.008064516129032258
895,10,core_first,1,raw_distance,0.12469135802469136,0.4,0.2,1.0
895,10,core_first,1,raw_correlation,0.12469135802469136,0.2,0.1,0.5
895,10,core_first,1,mf_latent,0.12469135802469136,0.6,0.5,1.0
895,10,core_first,1,mf_impute,0.12469135802469136,0.0,0.2,0.16666666666666666
895,10,core_first,2,random,0.013580246913580247,0.0,0.1,0.16666666666666666
895,10,core_first,2,popular_group,0.013580246913580247,0.0,0.0,0.014705882352941176
895,10,core_first,2,raw_distance,0.013580246913580247,0.4,0.2,1.0
895,10,core_first,2,raw_correlation,0.013580246913580247,0.2,0.1,0.5
895,10,core_first,2,mf_latent,0.013580246913580247,0.4,0.2,0.5
895,10,core_first,2,mf_impute,0.013580246913580247,0.0,0.0,0.02857142857142857
37,20,core_first,1,random,0.10617283950617284,0.0,0.1,0.1
37,20,core_first,1,popular_group,0.10617283950617284,0.0,0.0,0.007142857142857143
37,20,core_first,1,raw_distance,0.10617283950617284,0.4,0.3,1.0
37,20,core_first,1,raw_correlation,0.10617283950617284,0.4,0.5,1.0
37,20,core_first,1,mf_latent,0.10617283950617284,0.0,0.1,0.14285714285714285
37,20,core_first,1,mf_impute,0.10617283950617284,0.0,0.1,0.125
37,20,core_first,2,random,0.02345679012345679,0.0,0.0,0.016666666666666666
37,20,core_first,2,popular_group,0.02345679012345679,0.0,0.0,0.0016501650165016502
37,20,core_first,2,raw_distance,0.02345679012345679,0.2,0.1,1.0
37,20,core_first,2,raw_correlation,0.02345679012345679,0.2,0.1,1.0
37,20,core_first,2,mf_latent,0.02345679012345679,0.0,0.0,0.045454545454545456
37,20,core_first,2,mf_impute,0.02345679012345679,0.0,0.1,0.125
53,20,core_first,1,random,0.10617283950617284,0.4,0.2,0.3333333333333333
53,20,core_first,1,popular_group,0.10617283950617284,0.0,0.0,0.007142857142857143
53,20,core_first,1,raw_distance,0.10617283950617284,0.2,0.2,0.5
53,20,core_first,1,raw_correlation,0.10617283950617284,0.2,0.2,0.3333333333333333
53,20,core_first,1,mf_latent,0.10617283950617284,0.6,0.7,1.0
53,20,core_first,1,mf_impute,0.10617283950617284,0.0,0.1,0.125
53,20,core_first,2,random,0.02345679012345679,0.2,0.1,0.25
53,20,core_first,2,popular_group,0.02345679012345679,0.0,0.0,0.0016501650165016502
53,20,core_first,2,raw_distance,0.02345679012345679,0.2,0.1,0.5
53,20,core_first,2,raw_correlation,0.02345679012345679,0.0,0.0,0.05263157894736842
53,20,core_first,2,mf_latent,0.02345679012345679,0.2,0.1,0.3333333333333333
53,20,core_first,2,mf_impute,0.02345679012345679,0.0,0.0,0.08333333333333333
58,20,core_first,1,random,0.10617283950617284,0.0,0.0,0.08333333333333333
58,20,core_first,1,popular_group,0.10617283950617284,0.0,0.0,0.007142857142857143
58,20,core_first,1,raw_distance,0.10617283950617284,0.4,0.2,1.0
58,20,core_first,1,raw_correlation,0.10617283950617284,0.2,0.1,0.5
58,20,core_first,1,mf_latent,0.10617283950617284,0.0,0.0,0.07692307692307693
58,20,core_first,1,mf_impute,0.10617283950617284,0.0,0.0,0.07692307692307693
58,20,core_first,2,random,0.02345679012345679,0.0,0.0,0.016129032258064516
58,20,core_first,2,popular_group,0.02345679012345679,0.0,0.0,0.0016501650165016502
58,20,core_first,2,raw_distance,0.02345679012345679,0.4,0.2,1.0
58,20,core_first,2,raw_correlation,0.02345679012345679,0.2,0.1,0.5
58,20,core_first,2,mf_latent,0.02345679012345679,0.0,0.0,0.07692307692307693
58,20,core_first,2,mf_impute,0.02345679012345679,0.0,0.0,0.07692307692307693
67,20,core_first,1,random,0.10617283950617284,0.6,0.4,0.3333333333333333
67,20,core_first,1,popular_group,0.10617283950617284,0.0,0.0,0.007142857142857143
67,20,core_first,1,raw_distance,0.10617283950617284,0.8,0.5,1.0
67,20,core_first,1,raw_correlation,0.10617283950617284,0.2,0.1,0.5
67,20,core_first,1,mf_latent,0.10617283950617284,0.0,0.1,0.1
67,20,core_first,1,mf_impute,0.10617283950617284,0.2,0.1,0.25
67,20,core_first,2,random,0.011111111111111112,0.0,0.0,0.014285714285714285
67,20,core_first,2,popular_group,0.011111111111111112,0.0,0.0,0.0016750418760469012
67,20,core_first,2,raw_distance,0.011111111111111112,0.2,0.1,0.5
67,20,core_first,2,raw_correlation,0.011111111111111112,0.0,0.0,0.03125
67,20,core_first,2,mf_latent,0.011111111111111112,0.0,0.0,0.022727272727272728
67,20,core_first,2,mf_impute,0.011111111111111112,0.0,0.0,0.09090909090909091
70,20,core_first,1,random,0.10617283950617284,0.0,0.1,0.14285714285714285
70,20,core_first,1,popular_group,0.10617283950617284,0.0,0.0,0.007142857142857143
70,20,core_first,1,raw_distance,0.10617283950617284,0.2,0.2,0.25
70,20,core_first,1,raw_correlation,0.10617283950617284,0.2,0.1,0.5
70,20,core_first,1,mf_latent,0.10617283950617284,1.0,0.9,1.0
70,20,core_first,1,mf_impute,0.10617283950617284,0.2,0.2,1.0
70,20,core_first,2,random,0.03333333333333333,0.0,0.1,0.14285714285714285
70,20,core_first,2,popular_group,0.03333333333333333,0.0,0.0,0.0017605633802816902
70,20,core_first,2,raw_distance,0.03333333333333333,0.2,0.2,0.25
70,20,core_first,2,raw_correlation,0.03333333333333333,0.2,0.1,0.5
70,20,core_first,2,mf_latent,0.03333333333333333,0.6,0.6,1.0
70,20,core_first,2,mf_impute,0.03333333333333333,0.2,0.2,1.0
72,20,core_first,1,random,0.10617283950617284,0.2,0.1,0.3333333333333333
72,20,core_first,1,popular_group,0.10617283950617284,0.0,0.0,0.007142857142857143
72,20,core_first,1,raw_distance,0.10617283950617284,0.0,0.2,0.16666666666666666
72,20,core_first,1,raw_correlation,0.10617283950617284,0.2,0.1,1.0
72,20,core_first,1,mf_latent,0.10617283950617284,0.2,0.3,1.0
72,20,core_first,1,mf_impute,0.10617283950617284,0.0,0.0,0.03225806451612903
72,20,core_first,2,random,0.03333333333333333,0.0,0.0,0.024390243902439025
72,20,core_first,2,popular_group,0.03333333333333333,0.0,0.0,0.0017605633802816902
72,20,core_first,2,raw_distance,0.03333333333333333,0.0,0.2,0.16666666666666666
72,20,core_first,2,raw_correlation,0.03333333333333333,0.2,0.1,1.0
72,20,core_first,2,mf_latent,0.03333333333333333,0.0,0.2,0.16666666666666666
72,20,core_first,2,mf_impute,0.03333333333333333,0.0,0.0,0.029411764705882353
77,20,core_first,1,random,0.10617283950617284,0.0,0.1,0.16666666666666666
77,20,core_first,1,popular_group,0.10617283950617284,0.0,0.0,0.007142857142857143
77,20,core_first,1,raw_distance,0.10617283950617284,0.0,0.1,0.16666666666666666
77,20,core_first,1,raw_correlation,0.10617283950617284,0.2,0.2,0.2
77,20,core_first,1,mf_latent,0.10617283950617284,0.0,0.2,0.14285714285714285
77,20,core_first,1,mf_impute,0.10617283950617284,0.0,0.1,0.14285714285714285
77,20,core_first,2,random,0.03333333333333333,0.0,0.1,0.16666666666666666
77,20,core_first,2,popular_group,0.03333333333333333,0.0,0.0,0.0017605633802816902
77,20,core_first,2,raw_distance,0.03333333333333333,0.0,0.0,0.0625
77,20,core_first,2,raw_correlation,0.03333333333333333,0.2,0.2,0.2
77,20,core_first,2,mf_latent,0.03333333333333333,0.0,0.1,0.14285714285714285
77,20,core_first,2,mf_impute,0.03333333333333333,0.0,0.1,0.14285714285714285
87,20,core_first,1,random,0.10617283950617284,0.0,0.2,0.16666666666666666
87,20,core_first,1,popular_group,0.10617283950617284,0.0,0.0,0.007142857142857143
87,20,core_first,1,raw_distance,0.10617283950617284,0.0,0.0,0.09090909090909091
87,20,core_first,1,raw_correlation,0.10617283950617284,0.0,0.1,0.125
87,20,core_first,1,mf_latent,0.10617283950617284,0.2,0.1,0.5
87,20,core_first,1,mf_impute,0.10617283950617284,0.0,0.0,0.022727272727272728
87,20,core_first,2,random,0.03333333333333333,0.0,0.0,0.05555555555555555
87,20,core_first,2,popular_group,0.03333333333333333,0.0,0.0,0.0017605633802816902
87,20,core_first,2,raw_distance,0.03333333333333333,0.0,0.0,0.09090909090909091
87,20,core_first,2,raw_correlation,0.03333333333333333,0.0,0.1,0.125
87,20,core_first,2,mf_latent,0.03333333333333333,0.0,0.0,0.027777777777777776
87,20,core_first,2,mf_impute,0.03333333333333333,0.0,0.0,0.022727272727272728
106,20,core_first,1,random,0.1259259259259259,0.0,0.1,0.16666666666666666
106,20,core_first,1,popular_group,0.1259259259259259,0.0,0.0,0.00641025641025641
106,20,core_first,1,raw_distance,0.1259259259259259,0.6,0.6,0.5
106,20,core_first,1,raw_correlation,0.1259259259259259,0.0,0.0,0.010752688172043012
106,20,core_first,1,mf_latent,0.1259259259259259,0.6,0.5,1.0
106,20,core_first,1,mf_impute,0.1259259259259259,0.0,0.0,0.045454545454545456
106,20,core_first,2,random,0.05432098765432099,0.0,0.0,0.06666666666666667
106,20,core_first,2,popular_group,0.05432098765432099,0.0,0.0,0.01
106,20,core_first,2,raw_distance,0.05432098765432099,0.6,0.6,0.5
106,20,core_first,2,raw_correlation,0.05432098765432099,0.0,0.0,0.010309278350515464
106,20,core_first,2,mf_latent,0.05432098765432099,0.6,0.5,1.0
106,20,core_first,2,mf_impute,0.05432098765432099,0.0,0.0,0.045454545454545456
114,20,core_first,1,random,0.1259259259259259,0.2,0.2,0.25
114,20,core_first,1,popular_group,0.1259259259259259,0.0,0.0,0.00641025641025641
114,20,core_first,1,raw_distance,0.1259259259259259,0.8,0.5,0.5
114,20,core_first,1,raw_correlation,0.1259259259259259,0.0,0.0,0.010752688172043012
114,20,core_first,1,mf_latent,0.1259259259259259,0.8,0.7,1.0
114,20,core_first,1,mf_impute,0.1259259259259259,0.0,0.1,0.125
114,20,core_first,2,random,0.05432098765432099,0.2,0.2,0.25
114,20,core_first,2,popular_group,0.05432098765432099,0.0,0.0,0.01
114,20,core_first,2,raw_distance,0.05432098765432099,0.8,0.5,0.5
114,20,core_first,2,raw_correlation,0.05432098765432099,0.0,0.0,0.010309278350515464
114,20,core_first,2,mf_latent,0.05432098765432099,0.8,0.7,1.0
114,20,core_first,2,mf_impute,0.05432098765432099,0.0,0.1,0.125
133,20,core_first,1,random,0.1259259259259259,0.0,0.1,0.1111111111111111
133,20,core_first,1,popular_group,0.1259259259259259,0.0,0.0,0.00641025641025641
133,20,core_first,1,raw_distance,0.1259259259259259,1.0,1.0,1.0
133,20,core_first,1,raw_correlation,0.1259259259259259,0.0,0.0,0.010752688172043012
133,20,core_first,1,mf_latent,0.1259259259259259,1.0,1.0,1.0
133,20,core_first,1,mf_impute,0.1259259259259259,1.0,1.0,1.0
133,20,core_first,2,random,0.05432098765432099,0.0,0.1,0.1111111111111111
133,20,core_first,2,popular_group,0.05432098765432099,0.0,0.0,0.01
133,20,core_first,2,raw_distance,0.05432098765432099,1.0,1.0,1.0
133,20,core_first,2,raw_correlation,0.05432098765432099,0.0,0.0,0.010309278350515464
133,20,core_first,2,mf_latent,0.05432098765432099,1.0,1.0,1.0
133,20,core_first,2,mf_impute,0.05432098765432099,1.0,1.0,1.0
140,20,core_first,1,random,0.1259259259259259,0.2,0.1,0.5
140,20,core_first,1,popular_group,0.1259259259259259,0.0,0.0,0.00641025641025641
140,20,core_first,1,raw_distance,0.1259259259259259,1.0,1.0,1.0
140,20,core_first,1,raw_correlation,0.1259259259259259,0.0,0.0,0.010752688172043012
140,20,core_first,1,mf_latent,0.1259259259259259,1.0,1.0,1.0
140,20,core_first,1,mf_impute,0.1259259259259259,1.0,1.0,1.0
140,20,core_first,2,random,0.05432098765432099,0.2,0.1,0.5
140,20,core_first,2,popular_group,0.05432098765432099,0.0,0.0,0.01
140,20,core_first,2,raw_distance,0.05432098765432099,1.0,1.0,1.0
140,20,core_first,2,raw_correlation,0.05432098765432099,0.0,0.0,0.010309278350515464
140,20,core_first,2,mf_latent,0.05432098765432099,1.0,1.0,1.0
140,20,core_first,2,mf_impute,0.05432098765432099,1.0,1.0,1.0
143,20,core_first,1,random,0.1259259259259259,0.0,0.0,0.08333333333333333
143,20,core_first,1,popular_group,0.1259259259259259,0.0,0.0,0.00641025641025641
143,20,core_first,1,raw_distance,0.1259259259259259,1.0,1.0,1.0
143,20,core_first,1,raw_correlation,0.1259259259259259,0.0,0.0,0.010752688172043012
143,20,core_first,1,mf_latent,0.1259259259259259,1.0,1.0,1.0
143,20,core_first,1,mf_impute,0.1259259259259259,1.0,1.0,1.0
143,20,core_first,2,random,0.05432098765432099,0.0,0.0,0.02857142857142857
143,20,core_first,2,popular_group,0.05432098765432099,0.0,0.0,0.01
143,20,core_first,2,raw_distance,0.05432098765432099,1.0,1.0,1.0
143,20,core_first,2,raw_correlation,0.05432098765432099,0.0,0.0,0.010309278350515464
143,20,core_first,2,mf_latent,0.05432098765432099,1.0,1.0,1.0
143,20,core_first,2,mf_impute,0.05432098765432099,1.0,0.7,1.0
152,20,core_first,1,random,0.1259259259259259,0.0,0.0,0.09090909090909091
152,20,core_first,1,popular_group,0.1259259259259259,0.0,0.0,0.00641025641025641
152,20,core_first,1,raw_distance,0.1259259259259259,1.0,1.0,1.0
152,20,core_first,1,raw_correlation,0.1259259259259259,0.0,0.0,0.010752688172043012
152,20,core_first,1,mf_latent,0.1259259259259259,1.0,1.0,1.0
152,20,core_first,1,mf_impute,0.1259259259259259,1.0,1.0,1.0
152,20,core_first,2,random,0.05432098765432099,0.0,0.0,0.09090909090909091
152,20,core_first,2,popular_group,0.05432098765432099,0.0,0.0,0.01
152,20,core_first,2,raw_distance,0.05432098765432099,1.0,1.0,1.0
152,20,core_first,2,raw_correlation,0.05432098765432099,0.0,0.0,0.010309278350515464
152,20,core_first,2,mf_latent,0.05432098765432099,1.0,0.9,1.0
152,20,core_first,2,mf_impute,0.05432098765432099,0.4,0.5,0.25
165,20,core_first,1,random,0.1259259259259259,0.4,0.3,0.25
165,20,core_first,1,popular_group,0.1259259259259259,0.0,0.0,0.00641025641025641
165,20,core_first,1,raw_distance,0.1259259259259259,0.4,0.4,1.0
165,20,core_first,1,raw_correlation,0.1259259259259259,0.6,0.3,1.0
165,20,core_first,1,mf_latent,0.1259259259259259,0.2,0.1,0.5
165,20,core_first,1,mf_impute,0.1259259259259259,0.0,0.0,0.09090909090909091
165,20,core_first,2,random,0.06666666666666667,0.4,0.3,0.25
165,20,core_first,2,popular_group,0.06666666666666667,0.0,0.0,0.007575757575757576
165,20,core_first,2,raw_distance,0.06666666666666667,0.4,0.2,1.0
165,20,core_first,2,raw_correlation,0.06666666666666667,0.6,0.3,1.0
165,20,core_first,2,mf_latent,0.06666666666666667,0.0,0.0,0.047619047619047616
165,20,core_first,2,mf_impute,0.06666666666666667,0.0,0.0,0.047619047619047616
167,20,core_first,1,random,0.1259259259259259,0.2,0.2,0.5
167,20,core_first,1,popular_group,0.1259259259259259,0.0,0.0,0.00641025641025641
167,20,core_first,1,raw_distance,0.1259259259259259,0.0,0.0,0.03125
167,20,core_first,1,raw_correlation,0.1259259259259259,0.0,0.0,0.08333333333333333
167,20,core_first,1,mf_latent,0.1259259259259259,0.0,0.0,0.012048192771084338
167,20,core_first,1,mf_impute,0.1259259259259259,0.0,0.0,0.008695652173913044
167,20,core_first,2,random,0.06666666666666667,0.0,0.0,0.043478260869565216
167,20,core_first,2,popular_group,0.06666666666666667,0.0,0.0,0.007575757575757576
167,20,core_first,2,raw_distance,0.06666666666666667,0.0,0.0,0.014492753623188406
167,20,core_first,2,raw_correlation,0.06666666666666667,0.0,0.0,0.08333333333333333
167,20,core_first,2,mf_latent,0.06666666666666667,0.0,0.0,0.012048192771084338
167,20,core_first,2,mf_impute,0.06666666666666667,0.0,0.0,0.008695652173913044
191,20,core_first,1,random,0.1259259259259259,0.0,0.2,0.14285714285714285
191,20,core_first,1,popular_group,0.1259259259259259,0.0,0.0,0.00641025641025641
191,20,core_first,1,raw_distance,0.1259259259259259,0.6,0.6,0.3333333333333333
191,20,core_first,1,raw_correlation,0.1259259259259259,0.0,0.0,0.04
191,20,core_first,1,mf_latent,0.1259259259259259,0.6,0.6,1.0
191,20,core_first,1,mf_impute,0.1259259259259259,0.2,0.2,1.0
191,20,core_first,2,random,0.06666666666666667,0.0,0.0,0.05555555555555555
191,20,core_first,2,popular_group,0.06666666666666667,0.0,0.0,0.007575757575757576
191,20,core_first,2,raw_distance,0.06666666666666667,0.4,0.4,0.25
191,20,core_first,2,raw_correlation,0.06666666666666667,0.0,0.0,0.04
191,20,core_first,2,mf_latent,0.06666666666666667,0.4,0.4,1.0
191,20,core_first,2,mf_impute,0.06666666666666667,0.2,0.2,1.0
201,20,core_first,1,random,0.1259259259259259,0.0,0.0,0.07142857142857142
201,20,core_first,1,popular_group,0.1259259259259259,0.0,0.0,0.00641025641025641
201,20,core_first,1,raw_distance,0.1259259259259259,1.0,1.0,1.0
201,20,core_first,1,raw_correlation,0.1259259259259259,0.0,0.0,0.010752688172043012
201,20,core_first,1,mf_latent,0.1259259259259259,1.0,1.0,1.0
201,20,core_first,1,mf_impute,0.1259259259259259,0.8,0.6,1.0
201,20,core_first,2,random,0.06666666666666667,0.0,0.0,0.07142857142857142
201,20,core_first,2,popular_group,0.06666666666666667,0.0,0.0,0.007575757575757576
201,20,core_first,2,raw_distance,0.06666666666666667,1.0,0.6,1.0
201,20,core_first,2,raw_correlation,0.06666666666666667,0.0,0.0,0.0070921985815602835
201,20,core_first,2,mf_latent,0.06666666666666667,0.2,0.4,1.0
201,20,core_first,2,mf_impute,0.06666666666666667,0.8,0.6,1.0
234,20,core_first,1,random,0.12345679012345678,0.4,0.3,0.5
234,20,core_first,1,popular_group,0.12345679012345678,0.0,0.0,0.004901960784313725
234,20,core_first,1,raw_distance,0.12345679012345678,1.0,1.0,1.0
234,20,core_first,1,raw_correlation,0.12345679012345678,0.0,0.0,0.005128205128205128
234,20,core_first,1,mf_latent,0.12345679012345678,1.0,1.0,1.0
234,20,core_first,1,mf_impute,0.12345679012345678,1.0,1.0,1.0
234,20,core_first,2,random,0.0654320987654321,0.2,0.2,0.5
234,20,core_first,2,popular_group,0.0654320987654321,0.0,0.0,0.00510204081632653
234,20,core_first,2,raw_distance,0.0654320987654321,1.0,1.0,1.0
234,20,core_first,2,raw_correlation,0.0654320987654321,0.0,0.0,0.00510204081632653
234,20,core_first,2,mf_latent,0.0654320987654321,1.0,1.0,1.0
234,20,core_first,2,mf_impute,0.0654320987654321,1.0,0.8,1.0
280,20,core_first,1,random,0.12345679012345678,0.0,0.1,0.125
280,20,core_first,1,popular_group,0.12345679012345678,0.0,0.0,0.004901960784313725
280,20,core_first,1,raw_distance,0.12345679012345678,0.8,0.8,1.0
280,20,core_first,1,raw_correlation,0.12345679012345678,0.2,0.3,1.0
280,20,core_first,1,mf_latent,0.12345679012345678,0.8,0.8,1.0
280,20,core_first,1,mf_impute,0.12345679012345678,1.0,0.9,1.0
280,20,core_first,2,random,0.043209876543209874,0.0,0.1,0.125
280,20,core_first,2,popular_group,0.043209876543209874,0.0,0.0,0.004098360655737705
280,20,core_first,2,raw_distance,0.043209876543209874,0.4,0.3,1.0
280,20,core_first,2,raw_correlation,0.043209876543209874,0.2,0.3,1.0
280,20,core_first,2,mf_latent,0.043209876543209874,0.8,0.6,1.0
280,20,core_first,2,mf_impute,0.043209876543209874,1.0,0.9,1.0
285,20,core_first,1,random,0.12345679012345678,0.2,0.1,0.2
285,20,core_first,1,popular_group,0.12345679012345678,0.0,0.0,0.004901960784313725
285,20,core_first,1,raw_distance,0.12345679012345678,1.0,1.0,1.0
285,20,core_first,1,raw_correlation,0.12345679012345678,1.0,1.0,1.0
285,20,core_first,1,mf_latent,0.12345679012345678,1.0,1.0,1.0
285,20,core_first,1,mf_impute,0.12345679012345678,1.0,1.0,1.0
285,20,core_first,2,random,0.043209876543209874,0.0,0.0,0.09090909090909091
285,20,core_first,2,popular_group,0.043209876543209874,0.0,0.0,0.004098360655737705
285,20,core_first,2,raw_distance,0.043209876543209874,1.0,0.9,1.0
285,20,core_first,2,raw_correlation,0.043209876543209874,1.0,1.0,1.0
285,20,core_first,2,mf_latent,0.043209876543209874,1.0,0.9,1.0
285,20,core_first,2,mf_impute,0.043209876543209874,1.0,1.0,1.0
292,20,core_first,1,random,0.12345679012345678,0.4,0.2,0.5
292,20,core_first,1,popular_group,0.12345679012345678,0.0,0.0,0.004901960784313725
292,20,core_first,1,raw_distance,0.12345679012345678,0.6,0.7,0.5
292,20,core_first,1,raw_correlation,0.12345679012345678,0.6,0.4,1.0
292,20,core_first,1,mf_latent,0.12345679012345678,1.0,1.0,1.0
292,20,core_first,1,mf_impute,0.12345679012345678,1.0,1.0,1.0
292,20,core_first,2,random,0.043209876543209874,0.0,0.0,0.0625
292,20,core_first,2,popular_group,0.043209876543209874,0.0,0.0,0.004098360655737705
292,20,core_first,2,raw_distance,0.043209876543209874,0.6,0.6,0.5
292,20,core_first,2,raw_correlation,0.043209876543209874,0.4,0.3,0.25
292,20,core_first,2,mf_latent,0.043209876543209874,1.0,1.0,1.0
292,20,core_first,2,mf_impute,0.043209876543209874,0.4,0.4,1.0
302,20,core_first,1,random,0.12345679012345678,0.0,0.0,0.05555555555555555
302,20,core_first,1,popular_group,0.12345679012345678,0.0,0.0,0.004901960784313725
302,20,core_first,1,raw_distance,0.12345679012345678,1.0,1.0,1.0
302,20,core_first,1,raw_correlation,0.12345679012345678,1.0,0.8,1.0
302,20,core_first,1,mf_latent,0.12345679012345678,1.0,1.0,1.0
302,20,core_first,1,mf_impute,0.12345679012345678,1.0,1.0,1.0
302,20,core_first,2,random,0.043209876543209874,0.0,0.0,0.04
302,20,core_first,2,popular_group,0.043209876543209874,0.0,0.0,0.004098360655737705
302,20,core_first,2,raw_distance,0.043209876543209874,1.0,0.8,1.0
302,20,core_first,2,raw_correlation,0.043209876543209874,1.0,0.8,1.0
302,20,core_first,2,mf_latent,0.043209876543209874,0.0,0.2,0.16666666666666666
302,20,core_first,2,mf_impute,0.043209876543209874,0.6,0.4,1.0
308,20,core_first,1,random,0.12345679012345678,0.0,0.2,0.14285714285714285
308,20,core_first,1,popular_group,0.12345679012345678,0.0,0.0,0.004901960784313725
308,20,core_first,1,raw_distance,0.12345679012345678,0.8,0.9,1.0
308,20,core_first,1,raw_correlation,0.12345679012345678,1.0,1.0,1.0
308,20,core_first,1,mf_latent,0.12345679012345678,1.0,1.0,1.0
308,20,core_first,1,mf_impute,0.12345679012345678,1.0,1.0,1.0
308,20,core_first,2,random,0.013580246913580247,0.0,0.1,0.125
308,20,core_first,2,popular_group,0.013580246913580247,0.0,0.0,0.0036231884057971015
308,20,core_first,2,raw_distance,0.013580246913580247,0.0,0.0,0.05555555555555555
308,20,core_first,2,raw_correlation,0.013580246913580247,0.0,0.1,0.1
308,20,core_first,2,mf_latent,0.013580246913580247,0.0,0.0,0.022222222222222223
308,20,core_first,2,mf_impute,0.013580246913580247,0.0,0.0,0.021739130434782608
314,20,core_first,1,random,0.12345679012345678,0.0,0.0,0.07692307692307693
314,20,core_first,1,popular_group,0.12345679012345678,0.0,0.0,0.004901960784313725
314,20,core_first,1,raw_distance,0.12345679012345678,1.0,1.0,1.0
314,20,core_first,1,raw_correlation,0.12345679012345678,1.0,1.0,1.0
314,20,core_first,1,mf_latent,0.12345679012345678,1.0,1.0,1.0
314,20,core_first,1,mf_impute,0.12345679012345678,1.0,1.0,1.0
314,20,core_first,2,random,0.013580246913580247,0.0,0.0,0.007042253521126761
314,20,core_first,2,popular_group,0.013580246913580247,0.0,0.0,0.0036231884057971015
314,20,core_first,2,raw_distance,0.013580246913580247,0.0,0.0,0.05
314,20,core_first,2,raw_correlation,0.013580246913580247,0.0,0.1,0.16666666666666666
314,20,core_first,2,mf_latent,0.013580246913580247,0.0,0.0,0.09090909090909091
314,20,core_first,2,mf_impute,0.013580246913580247,0.0,0.0,0.09090909090909091
320,20,core_first,1,random,0.1,0.2,0.1,1.0
320,20,core_first,1,popular_group,0.1,0.0,0.0,0.0033333333333333335
320,20,core_first,1,raw_distance,0.1,0.0,0.3,0.125
320,20,core_first,1,raw_correlation,0.1,0.0,0.0,0.003389830508474576
320,20,core_first,1,mf_latent,0.1,0.4,0.4,0.5
320,20,core_first,1,mf_impute,0.1,0.4,0.3,1.0
320,20,core_first,2,random,0.013580246913580247,0.0,0.0,0.013513513513513514
320,20,core_first,2,popular_group,0.013580246913580247,0.0,0.0,0.003424657534246575
320,20,core_first,2,raw_distance,0.013580246913580247,0.0,0.3,0.125
320,20,core_first,2,raw_correlation,0.013580246913580247,0.0,0.0,0.003389830508474576
320,20,core_first,2,mf_latent,0.013580246913580247,0.4,0.4,0.5
320,20,core_first,2,mf_impute,0.013580246913580247,0.4,0.3,1.0
325,20,core_first,1,random,0.1,0.4,0.3,1.0
325,20,core_first,1,popular_group,0.1,0.0,0.0,0.0033333333333333335
325,20,core_first,1,raw_distance,0.1,0.2,0.3,0.5
325,20,core_first,1,raw_correlation,0.1,0.0,0.0,0.003389830508474576
325,20,core_first,1,mf_latent,0.1,0.6,0.4,1.0
325,20,core_first,1,mf_impute,0.1,0.6,0.6,0.5
325,20,core_first,2,random,0.013580246913580247,0.2,0.1,1.0
325,20,core_first,2,popular_group,0.013580246913580247,0.0,0.0,0.003424657534246575
325,20,core_first,2,raw_distance,0.013580246913580247,0.2,0.3,0.5
325,20,core_first,2,raw_correlation,0.013580246913580247,0.0,0.0,0.003389830508474576
325,20,core_first,2,mf_latent,0.013580246913580247,0.6,0.4,1.0
325,20,core_first,2,mf_impute,0.013580246913580247,0.6,0.6,0.5
336,20,core_first,1,random,0.1,0.0,0.1,0.1111111111111111
336,20,core_first,1,popular_group,0.1,0.0,0.0,0.0033333333333333335
336,20,core_first,1,raw_distance,0.1,0.2,0.4,0.5
336,20,core_first,1,raw_correlation,0.1,0.0,0.0,0.016666666666666666
336,20,core_first,1,mf_latent,0.1,0.2,0.1,0.25
336,20,core_first,1,mf_impute,0.1,0.0,0.2,0.16666666666666666
336,20,core_first,2,random,0.04814814814814815,0.0,0.0,0.03225806451612903
336,20,core_first,2,popular_group,0.04814814814814815,0.0,0.0,0.003246753246753247
336,20,core_first,2,raw_distance,0.04814814814814815,0.0,0.2,0.14285714285714285
336,20,core_first,2,raw_correlation,0.04814814814814815,0.0,0.0,0.0049504950495049506
336,20,core_first,2,mf_latent,0.04814814814814815,0.2,0.1,0.25
336,20,core_first,2,mf_impute,0.04814814814814815,0.0,0.2,0.16666666666666666
352,20,core_first,1,random,0.1,0.2,0.1,0.3333333333333333
352,20,core_first,1,popular_group,0.1,0.0,0.0,0.0033333333333333335
352,20,core_first,1,raw_distance,0.1,0.0,0.1,0.125
352,20,core_first,1,raw_correlation,0.1,0.2,0.3,0.3333333333333333
352,20,core_first,1,mf_latent,0.1,0.2,0.2,0.2
352,20,core_first,1,mf_impute,0.1,0.0,0.1,0.1111111111111111
352,20,core_first,2,random,0.04814814814814815,0.0,0.0,0.041666666666666664
352,20,core_first,2,popular_group,0.04814814814814815,0.0,0.0,0.003246753246753247
352,20,core_first,2,raw_distance,0.04814814814814815,0.0,0.1,0.125
352,20,core_first,2,raw_correlation,0.04814814814814815,0.2,0.3,0.3333333333333333
352,20,core_first,2,mf_latent,0.04814814814814815,0.0,0.0,0.08333333333333333
352,20,core_first,2,mf_impute,0.04814814814814815,0.0,0.0,0.05263157894736842
357,20,core_first,1,random,0.1,0.2,0.3,1.0
357,20,core_first,1,popular_group,0.1,0.0,0.0,0.0033333333333333335
357,20,core_first,1,raw_distance,0.1,1.0,0.8,1.0
357,20,core_first,1,raw_correlation,0.1,1.0,0.7,1.0
357,20,core_first,1,mf_latent,0.1,0.8,0.9,1.0
357,20,core_first,1,mf_impute,0.1,0.6,0.5,1.0
357,20,core_first,2,random,0.04814814814814815,0.0,0.2,0.16666666666666666
357,20,core_first,2,popular_group,0.04814814814814815,0.0,0.0,0.003246753246753247
357,20,core_first,2,raw_distance,0.04814814814814815,1.0,0.8,1.0
357,20,core_first,2,raw_correlation,0.04814814814814815,1.0,0.7,1.0
357,20,core_first,2,mf_latent,0.04814814814814815,0.8,0.9,1.0
357,20,core_first,2,mf_impute,0.04814814814814815,0.6,0.5,1.0
359,20,core_first,1,random,0.1,0.2,0.2,1.0
359,20,core_first,1,popular_group,0.1,0.0,0.0,0.0033333333333333335
359,20,core_first,1,raw_distance,0.1,0.8,0.7,1.0
359,20,core_first,1,raw_correlation,0.1,0.2,0.1,0.3333333333333333
359,20,core_first,1,mf_latent,0.1,0.8,0.7,1.0
359,20,core_first,1,mf_impute,0.1,0.2,0.5,1.0
359,20,core_first,2,random,0.04814814814814815,0.2,0.1,1.0
359,20,core_first,2,popular_group,0.04814814814814815,0.0,0.0,0.003246753246753247
359,20,core_first,2,raw_distance,0.04814814814814815,0.4,0.2,0.3333333333333333
359,20,core_first,2,raw_correlation,0.04814814814814815,0.2,0.1,0.3333333333333333
359,20,core_first,2,mf_latent,0.04814814814814815,0.2,0.1,0.25
359,20,core_first,2,mf_impute,0.04814814814814815,0.0,0.1,0.14285714285714285
372,20,core_first,1,random,0.1,0.0,0.1,0.125
372,20,core_first,1,popular_group,0.1,0.0,0.0,0.0033333333333333335
372,20,core_first,1,raw_distance,0.1,0.4,0.2,0.5
372,20,core_first,1,raw_correlation,0.1,0.0,0.0,0.003389830508474576
372,20,core_first,1,mf_latent,0.1,0.4,0.6,1.0
372,20,core_first,1,mf_impute,0.1,0.2,0.4,0.3333333333333333
372,20,core_first,2,random,0.04814814814814815,0.0,0.0,0.05555555555555555
372,20,core_first,2,popular_group,0.04814814814814815,0.0,0.0,0.003246753246753247
372,20,core_first,2,raw_distance,0.04814814814814815,0.4,0.2,0.5
372,20,core_first,2,raw_correlation,0.04814814814814815,0.0,0.0,0.0032679738562091504
372,20,core_first,2,mf_latent,0.04814814814814815,0.4,0.6,1.0
372,20,core_first,2,mf_impute,0.04814814814814815,0.2,0.4,0.3333333333333333
373,20,core_first,1,random,0.1,0.0,0.0,0.05
373,20,core_first,1,popular_group,0.1,0.0,0.0,0.0033333333333333335
373,20,core_first,1,raw_distance,0.1,0.4,0.4,1.0
373,20,core_first,1,raw_correlation,0.1,0.0,0.0,0.003389830508474576
373,20,core_first,1,mf_latent,0.1,0.6,0.4,1.0
373,20,core_first,1,mf_impute,0.1,0.2,0.1,0.25
373,20,core_first,2,random,0.04814814814814815,0.0,0.0,0.05
373,20,core_first,2,popular_group,0.04814814814814815,0.0,0.0,0.003246753246753247
373,20,core_first,2,raw_distance,0.04814814814814815,0.4,0.4,1.0
373,20,core_first,2,raw_correlation,0.04814814814814815,0.0,0.0,0.0032679738562091504
373,20,core_first,2,mf_latent,0.04814814814814815,0.6,0.4,1.0
373,20,core_first,2,mf_impute,0.04814814814814815,0.2,0.1,0.25
378,20,core_first,1,random,0.1,0.0,0.2,0.1111111111111111
378,20,core_first,1,popular_group,0.1,0.0,0.0,0.0033333333333333335
378,20,core_first,1,raw_distance,0.1,0.8,0.5,1.0
378,20,core_first,1,raw_correlation,0.1,0.4,0.4,1.0
378,20,core_first,1,mf_latent,0.1,0.6,0.5,1.0
378,20,core_first,1,mf_impute,0.1,0.8,0.6,0.5
378,20,core_first,2,random,0.012345679012345678,0.0,0.1,0.1111111111111111
378,20,core_first,2,popular_group,0.012345679012345678,0.0,0.0,0.0029411764705882353
378,20,core_first,2,raw_distance,0.012345679012345678,0.2,0.1,0.25
378,20,core_first,2,raw_correlation,0.012345679012345678,0.2,0.1,0.5
378,20,core_first,2,mf_latent,0.012345679012345678,0.2,0.1,0.5
378,20,core_first,2,mf_impute,0.012345679012345678,0.2,0.1,0.5
381,20,core_first,1,random,0.1,0.0,0.0,0.07692307692307693
381,20,core_first,1,popular_group,0.1,0.0,0.0,0.0033333333333333335
381,20,core_first,1,raw_distance,0.1,0.6,0.5,1.0
381,20,core_first,1,raw_correlation,0.1,0.0,0.0,0.003389830508474576
381,20,core_first,1,mf_latent,0.1,0.6,0.5,0.5
381,20,core_first,1,mf_impute,0.1,0.6,0.5,1.0
381,20,core_first,2,random,0.012345679012345678,0.0,0.0,0.011764705882352941
381,20,core_first,2,popular_group,0.012345679012345678,0.0,0.0,0.0029411764705882353
381,20,core_first,2,raw_distance,0.012345679012345678,0.0,0.1,0.1
381,20,core_first,2,raw_correlation,0.012345679012345678,0.0,0.0,0.002898550724637681
381,20,core_first,2,mf_latent,0.012345679012345678,0.0,0.0,0.01282051282051282
381,20,core_first,2,mf_impute,0.012345679012345678,0.0,0.0,0.01282051282051282
389,20,core_first,1,random,0.1,0.0,0.2,0.125
389,20,core_first,1,popular_group,0.1,0.0,0.0,0.0033333333333333335
389,20,core_first,1,raw_distance,0.1,0.6,0.3,1.0
389,20,core_first,1,raw_correlation,0.1,0.6,0.4,1.0
389,20,core_first,1,mf_latent,0.1,0.6,0.5,0.5
389,20,core_first,1,mf_impute,0.1,0.2,0.4,0.2
389,20,core_first,2,random,0.012345679012345678,0.0,0.1,0.1111111111111111
389,20,core_first,2,popular_group,0.012345679012345678,0.0,0.0,0.0029411764705882353
389,20,core_first,2,raw_distance,0.012345679012345678,0.4,0.2,0.3333333333333333
389,20,core_first,2,raw_correlation,0.012345679012345678,0.2,0.2,0.3333333333333333
389,20,core_first,2,mf_latent,0.012345679012345678,0.0,0.1,0.1
389,20,core_first,2,mf_impute,0.012345679012345678,0.0,0.0,0.05555555555555555
403,20,core_first,1,random,0.1,0.0,0.1,0.125
403,20,core_first,1,popular_group,0.1,0.0,0.0,0.0033333333333333335
403,20,core_first,1,raw_distance,0.1,0.2,0.1,1.0
403,20,core_first,1,raw_correlation,0.1,0.2,0.1,0.3333333333333333
403,20,core_first,1,mf_latent,0.1,0.0,0.0,0.06666666666666667
403,20,core_first,1,mf_impute,0.1,0.0,0.0,0.008
403,20,core_first,2,random,0.020987654320987655,0.0,0.0,0.004464285714285714
403,20,core_first,2,popular_group,0.020987654320987655,0.0,0.0,0.0028089887640449437
403,20,core_first,2,raw_distance,0.020987654320987655,0.2,0.1,1.0
403,20,core_first,2,raw_correlation,0.020987654320987655,0.2,0.1,0.3333333333333333
403,20,core_first,2,mf_latent,0.020987654320987655,0.0,0.0,0.006211180124223602
403,20,core_first,2,mf_impute,0.020987654320987655,0.0,0.0,0.008
408,20,core_first,1,random,0.1,0.2,0.1,0.25
408,20,core_first,1,popular_group,0.1,0.0,0.0,0.0033333333333333335
408,20,core_first,1,raw_distance,0.1,1.0,0.6,1.0
408,20,core_first,1,raw_correlation,0.1,0.4,0.3,1.0
408,20,core_first,1,mf_latent,0.1,0.6,0.4,0.5
408,20,core_first,1,mf_impute,0.1,0.4,0.5,0.25
408,20,core_first,2,random,0.003703703703703704,0.0,0.0,0.004366812227074236
408,20,core_first,2,popular_group,0.003703703703703704,0.0,0.0,0.002617801047120419
408,20,core_first,2,raw_distance,0.003703703703703704,0.2,0.1,1.0
408,20,core_first,2,raw_correlation,0.003703703703703704,0.2,0.1,1.0
408,20,core_first,2,mf_latent,0.003703703703703704,0.4,0.2,0.5
408,20,core_first,2,mf_impute,0.003703703703703704,0.0,0.1,0.1111111111111111
413,20,core_first,1,random,0.1,0.0,0.1,0.1111111111111111
413,20,core_first,1,popular_group,0.1,0.0,0.0,0.0033333333333333335
413,20,core_first,1,raw_distance,0.1,0.0,0.0,0.01818181818181818
413,20,core_first,1,raw_correlation,0.1,0.2,0.2,0.3333333333333333
413,20,core_first,1,mf_latent,0.1,0.0,0.1,0.16666666666666666
413,20,core_first,1,mf_impute,0.1,0.2,0.4,0.5
413,20,core_first,2,random,0.0012345679012345679,0.0,0.0,0.0022271714922048997
413,20,core_first,2,popular_group,0.0012345679012345679,0.0,0.0,0.0026246719160104987
413,20,core_first,2,raw_distance,0.0012345679012345679,0.0,0.0,0.014492753623188406
413,20,core_first,2,raw_correlation,0.0012345679012345679,0.0,0.0,0.013333333333333334
413,20,core_first,2,mf_latent,0.0012345679012345679,0.0,0.0,0.03571428571428571
413,20,core_first,2,mf_impute,0.0012345679012345679,0.0,0.0,0.006944444444444444
415,20,core_first,1,random,0.10123456790123457,0.2,0.1,1.0
415,20,core_first,1,popular_group,0.10123456790123457,0.0,0.0,0.002631578947368421
415,20,core_first,1,raw_distance,0.10123456790123457,0.0,0.0,0.024390243902439025
415,20,core_first,1,raw_correlation,0.10123456790123457,0.0,0.0,0.0026595744680851063
415,20,core_first,1,mf_latent,0.10123456790123457,0.0,0.0,0.05
415,20,core_first,1,mf_impute,0.10123456790123457,0.0,0.0,0.02702702702702703
415,20,core_first,2,random,0.0024691358024691358,0.0,0.0,0.0045662100456621
415,20,core_first,2,popular_group,0.0024691358024691358,0.0,0.0,0.002638522427440633
415,20,core_first,2,raw_distance,0.0024691358024691358,0.0,0.0,0.024390243902439025
415,20,core_first,2,raw_correlation,0.0024691358024691358,0.0,0.0,0.0026595744680851063
415,20,core_first,2,mf_latent,0.0024691358024691358,0.0,0.0,0.05
415,20,core_first,2,mf_impute,0.0024691358024691358,0.0,0.0,0.02702702702702703
421,20,core_first,1,random,0.10123456790123457,0.2,0.2,1.0
421,20,core_first,1,popular_group,0.10123456790123457,0.0,0.0,0.002631578947368421
421,20,core_first,1,raw_distance,0.10123456790123457,0.0,0.0,0.007874015748031496
421,20,core_first,1,raw_correlation,0.10123456790123457,0.4,0.4,0.5
421,20,core_first,1,mf_latent,0.10123456790123457,0.0,0.0,0.037037037037037035
421,20,core_first,1,mf_impute,0.10123456790123457,0.0,0.0,0.019230769230769232
421,20,core_first,2,random,0.028395061728395062,0.0,0.0,0.030303030303030304
421,20,core_first,2,popular_group,0.028395061728395062,0.0,0.0,0.002688172043010753
421,20,core_first,2,raw_distance,0.028395061728395062,0.0,0.0,0.007874015748031496
421,20,core_first,2,raw_correlation,0.028395061728395062,0.4,0.3,0.5
421,20,core_first,2,mf_latent,0.028395061728395062,0.0,0.0,0.037037037037037035
421,20,core_first,2,mf_impute,0.028395061728395062,0.0,0.0,0.019230769230769232
424,20,core_first,1,random,0.10123456790123457,0.0,0.0,0.08333333333333333
424,20,core_first,1,popular_group,0.10123456790123457,0.0,0.0,0.002631578947368421
424,20,core_first,1,raw_distance,0.10123456790123457,0.4,0.4,0.3333333333333333
424,20,core_first,1,raw_correlation,0.10123456790123457,1.0,0.9,1.0
424,20,core_first,1,mf_latent,0.10123456790123457,0.6,0.5,1.0
424,20,core_first,1,mf_impute,0.10123456790123457,0.0,0.0,0.020833333333333332
424,20,core_first,2,random,0.028395061728395062,0.0,0.0,0.01639344262295082
424,20,core_first,2,popular_group,0.028395061728395062,0.0,0.0,0.002688172043010753
424,20,core_first,2,raw_distance,0.028395061728395062,0.2,0.2,0.3333333333333333
424,20,core_first,2,raw_correlation,0.028395061728395062,0.4,0.3,0.5
424,20,core_first,2,mf_latent,0.028395061728395062,0.6,0.3,1.0
424,20,core_first,2,mf_impute,0.028395061728395062,0.0,0.0,0.020833333333333332
430,20,core_first,1,random,0.10123456790123457,0.2,0.1,0.2
430,20,core_first,1,popular_group,0.10123456790123457,0.0,0.0,0.002631578947368421
430,20,core_first,1,raw_distance,0.10123456790123457,0.0,0.0,0.02040816326530612
430,20,core_first,1,raw_correlation,0.10123456790123457,0.2,0.5,1.0
430,20,core_first,1,mf_latent,0.10123456790123457,0.0,0.0,0.03225806451612903
430,20,core_first,1,mf_impute,0.10123456790123457,0.0,0.0,0.02631578947368421
430,20,core_first,2,random,0.028395061728395062,0.0,0.0,0.038461538461538464
430,20,core_first,2,popular_group,0.028395061728395062,0.0,0.0,0.002688172043010753
430,20,core_first,2,raw_distance,0.028395061728395062,0.0,0.0,0.02040816326530612
430,20,core_first,2,raw_correlation,0.028395061728395062,0.2,0.4,1.0
430,20,core_first,2,mf_latent,0.028395061728395062,0.0,0.0,0.03225806451612903
430,20,core_first,2,mf_impute,0.028395061728395062,0.0,0.0,0.02631578947368421
432,20,core_first,1,random,0.10123456790123457,0.2,0.2,0.5
432,20,core_first,1,popular_group,0.10123456790123457,0.0,0.0,0.002631578947368421
432,20,core_first,1,raw_distance,0.10123456790123457,0.6,0.3,1.0
432,20,core_first,1,raw_correlation,0.10123456790123457,0.6,0.7,1.0
432,20,core_first,1,mf_latent,0.10123456790123457,0.8,0.7,1.0
432,20,core_first,1,mf_impute,0.10123456790123457,0.8,0.5,1.0
432,20,core_first,2,random,0.028395061728395062,0.2,0.2,0.5
432,20,core_first,2,popular_group,0.028395061728395062,0.0,0.0,0.002688172043010753
432,20,core_first,2,raw_distance,0.028395061728395062,0.6,0.3,1.0
432,20,core_first,2,raw_correlation,0.028395061728395062,0.6,0.4,1.0
432,20,core_first,2,mf_latent,0.028395061728395062,0.4,0.3,1.0
432,20,core_first,2,mf_impute,0.028395061728395062,0.4,0.2,1.0
457,20,core_first,1,random,0.10123456790123457,0.0,0.1,0.1
457,20,core_first,1,popular_group,0.10123456790123457,0.0,0.0,0.002631578947368421
457,20,core_first,1,raw_distance,0.10123456790123457,0.2,0.1,0.3333333333333333
457,20,core_first,1,raw_correlation,0.10123456790123457,0.2,0.1,1.0
457,20,core_first,1,mf_latent,0.10123456790123457,0.2,0.2,0.3333333333333333
457,20,core_first,1,mf_impute,0.10123456790123457,0.0,0.1,0.14285714285714285
457,20,core_first,2,random,0.019753086419753086,0.0,0.0,0.015873015873015872
457,20,core_first,2,popular_group,0.019753086419753086,0.0,0.0,0.0024752475247524753
457,20,core_first,2,raw_distance,0.019753086419753086,0.0,0.0,0.041666666666666664
457,20,core_first,2,raw_correlation,0.019753086419753086,0.0,0.0,0.05263157894736842
457,20,core_first,2,mf_latent,0.019753086419753086,0.0,0.1,0.125
457,20,core_first,2,mf_impute,0.019753086419753086,0.0,0.0,0.030303030303030304
468,20,core_first,1,random,0.10123456790123457,0.2,0.2,0.3333333333333333
468,20,core_first,1,popular_group,0.10123456790123457,0.0,0.0,0.002631578947368421
468,20,core_first,1,raw_distance,0.10123456790123457,0.4,0.2,0.5
468,20,core_first,1,raw_correlation,0.10123456790123457,0.0,0.0,0.04
468,20,core_first,1,mf_latent,0.10123456790123457,0.0,0.0,0.045454545454545456
468,20,core_first,1,mf_impute,0.10123456790123457,0.0,0.0,0.09090909090909091
468,20,core_first,2,random,0.044444444444444446,0.2,0.2,0.3333333333333333
468,20,core_first,2,popular_group,0.044444444444444446,0.0,0.0,0.002380952380952381
468,20,core_first,2,raw_distance,0.044444444444444446,0.2,0.1,0.2
468,20,core_first,2,raw_correlation,0.044444444444444446,0.0,0.0,0.00909090909090909
468,20,core_first,2,mf_latent,0.044444444444444446,0.0,0.0,0.023809523809523808
468,20,core_first,2,mf_impute,0.044444444444444446,0.0,0.0,0.010869565217391304
473,20,core_first,1,random,0.10123456790123457,0.0,0.1,0.125
473,20,core_first,1,popular_group,0.10123456790123457,0.0,0.0,0.002631578947368421
473,20,core_first,1,raw_distance,0.10123456790123457,0.0,0.1,0.1
473,20,core_first,1,raw_correlation,0.10123456790123457,0.0,0.0,0.09090909090909091
473,20,core_first,1,mf_latent,0.10123456790123457,0.0,0.0,0.038461538461538464
473,20,core_first,1,mf_impute,0.10123456790123457,0.0,0.1,0.16666666666666666
473,20,core_first,2,random,0.044444444444444446,0.0,0.0,0.043478260869565216
473,20,core_first,2,popular_group,0.044444444444444446,0.0,0.0,0.002380952380952381
473,20,core_first,2,raw_distance,0.044444444444444446,0.0,0.0,0.023255813953488372
473,20,core_first,2,raw_correlation,0.044444444444444446,0.0,0.0,0.09090909090909091
473,20,core_first,2,mf_latent,0.044444444444444446,0.0,0.0,0.006896551724137931
473,20,core_first,2,mf_impute,0.044444444444444446,0.0,0.0,0.009174311926605505
501,20,core_first,1,random,0.10123456790123457,0.0,0.1,0.1111111111111111
501,20,core_first,1,popular_group,0.10123456790123457,0.0,0.0,0.002631578947368421
501,20,core_first,1,raw_distance,0.10123456790123457,0.4,0.5,1.0
501,20,core_first,1,raw_correlation,0.10123456790123457,0.2,0.3,0.25
501,20,core_first,1,mf_latent,0.10123456790123457,1.0,0.9,1.0
501,20,core_first,1,mf_impute,0.10123456790123457,1.0,0.8,1.0
501,20,core_first,2,random,0.003703703703703704,0.0,0.0,0.011111111111111112
501,20,core_first,2,popular_group,0.003703703703703704,0.0,0.0,0.002178649237472767
501,20,core_first,2,raw_distance,0.003703703703703704,0.2,0.1,0.3333333333333333
501,20,core_first,2,raw_correlation,0.003703703703703704,0.0,0.1,0.1
501,20,core_first,2,mf_latent,0.003703703703703704,0.2,0.1,1.0
501,20,core_first,2,mf_impute,0.003703703703703704,0.2,0.1,1.0
532,20,core_first,1,random,0.12098765432098765,0.2,0.1,1.0
532,20,core_first,1,popular_group,0.12098765432098765,0.0,0.0,0.002173913043478261
532,20,core_first,1,raw_distance,0.12098765432098765,0.0,0.1,0.14285714285714285
532,20,core_first,1,raw_correlation,0.12098765432098765,0.4,0.4,1.0
532,20,core_first,1,mf_latent,0.12098765432098765,0.2,0.2,0.5
532,20,core_first,1,mf_impute,0.12098765432098765,0.8,0.7,1.0
532,20,core_first,2,random,0.018518518518518517,0.0,0.0,0.03571428571428571
532,20,core_first,2,popular_group,0.018518518518518517,0.0,0.0,0.002136752136752137
532,20,core_first,2,raw_distance,0.018518518518518517,0.0,0.1,0.14285714285714285
532,20,core_first,2,raw_correlation,0.018518518518518517,0.0,0.0,0.058823529411764705
532,20,core_first,2,mf_latent,0.018518518518518517,0.2,0.2,0.5
532,20,core_first,2,mf_impute,0.018518518518518517,0.8,0.4,1.0
536,20,core_first,1,random,0.12098765432098765,0.0,0.0,0.05555555555555555
536,20,core_first,1,popular_group,0.12098765432098765,0.0,0.0,0.002173913043478261
536,20,core_first,1,raw_distance,0.12098765432098765,1.0,0.6,1.0
536,20,core_first,1,raw_correlation,0.12098765432098765,0.6,0.5,1.0
536,20,core_first,1,mf_latent,0.12098765432098765,1.0,0.8,1.0
536,20,core_first,1,mf_impute,0.12098765432098765,1.0,0.8,1.0
536,20,core_first,2,random,0.018518518518518517,0.0,0.0,0.03225806451612903
536,20,core_first,2,popular_group,0.018518518518518517,0.0,0.0,0.002136752136752137
536,20,core_first,2,raw_distance,0.018518518518518517,0.8,0.4,1.0
536,20,core_first,2,raw_correlation,0.018518518518518517,0.4,0.2,1.0
536,20,core_first,2,mf_latent,0.018518518518518517,1.0,0.6,1.0
536,20,core_first,2,mf_impute,0.018518518518518517,0.0,0.3,0.16666666666666666
538,20,core_first,1,random,0.12098765432098765,0.0,0.3,0.125
538,20,core_first,1,popular_group,0.12098765432098765,0.0,0.0,0.002173913043478261
538,20,core_first,1,raw_distance,0.12098765432098765,0.4,0.5,1.0
538,20,core_first,1,raw_correlation,0.12098765432098765,1.0,0.7,1.0
538,20,core_first,1,mf_latent,0.12098765432098765,0.8,0.8,1.0
538,20,core_first,1,mf_impute,0.12098765432098765,0.0,0.1,0.1111111111111111
538,20,core_first,2,random,0.018518518518518517,0.0,0.1,0.125
538,20,core_first,2,popular_group,0.018518518518518517,0.0,0.0,0.002136752136752137
538,20,core_first,2,raw_distance,0.018518518518518517,0.4,0.4,1.0
538,20,core_first,2,raw_correlation,0.018518518518518517,0.4,0.3,1.0
538,20,core_first,2,mf_latent,0.018518518518518517,0.8,0.5,1.0
538,20,core_first,2,mf_impute,0.018518518518518517,0.0,0.0,0.05263157894736842
563,20,core_first,1,random,0.12098765432098765,0.0,0.2,0.125
563,20,core_first,1,popular_group,0.12098765432098765,0.0,0.0,0.002173913043478261
563,20,core_first,1,raw_distance,0.12098765432098765,0.6,0.5,1.0
563,20,core_first,1,raw_correlation,0.12098765432098765,0.2,0.3,1.0
563,20,core_first,1,mf_latent,0.12098765432098765,0.6,0.6,1.0
563,20,core_first,1,mf_impute,0.12098765432098765,0.4,0.5,0.25
563,20,core_first,2,random,0.03827160493827161,0.0,0.0,0.05263157894736842
563,20,core_first,2,popular_group,0.03827160493827161,0.0,0.0,0.002066115702479339
563,20,core_first,2,raw_distance,0.03827160493827161,0.4,0.2,1.0
563,20,core_first,2,raw_correlation,0.03827160493827161,0.2,0.2,1.0
563,20,core_first,2,mf_latent,0.03827160493827161,0.0,0.0,0.06666666666666667
563,20,core_first,2,mf_impute,0.03827160493827161,0.0,0.1,0.125
570,20,core_first,1,random,0.12098765432098765,0.0,0.0,0.07142857142857142
570,20,core_first,1,popular_group,0.12098765432098765,0.0,0.0,0.002173913043478261
570,20,core_first,1,raw_distance,0.12098765432098765,0.8,0.8,0.5
570,20,core_first,1,raw_correlation,0.12098765432098765,0.6,0.6,0.3333333333333333
570,20,core_first,1,mf_latent,0.12098765432098765,0.8,0.7,1.0
570,20,core_first,1,mf_impute,0.12098765432098765,0.6,0.3,0.5
570,20,core_first,2,random,0.03827160493827161,0.0,0.0,0.023255813953488372
570,20,core_first,2,popular_group,0.03827160493827161,0.0,0.0,0.002066115702479339
570,20,core_first,2,raw_distance,0.03827160493827161,0.0,0.3,0.14285714285714285
570,20,core_first,2,raw_correlation,0.03827160493827161,0.2,0.2,0.3333333333333333
570,20,core_first,2,mf_latent,0.03827160493827161,0.4,0.3,1.0
570,20,core_first,2,mf_impute,0.03827160493827161,0.0,0.0,0.0196078431372549
582,20,core_first,1,random,0.12098765432098765,0.0,0.1,0.125
582,20,core_first,1,popular_group,0.12098765432098765,0.0,0.0,0.002173913043478261
582,20,core_first,1,raw_distance,0.12098765432098765,0.4,0.5,1.0
582,20,core_first,1,raw_correlation,0.12098765432098765,0.6,0.7,1.0
582,20,core_first,1,mf_latent,0.12098765432098765,0.4,0.3,0.25
582,20,core_first,1,mf_impute,0.12098765432098765,0.6,0.6,0.3333333333333333
582,20,core_first,2,random,0.037037037037037035,0.0,0.1,0.125
582,20,core_first,2,popular_group,0.037037037037037035,0.0,0.0,0.001937984496124031
582,20,core_first,2,raw_distance,0.037037037037037035,0.2,0.1,1.0
582,20,core_first,2,raw_correlation,0.037037037037037035,0.4,0.3,1.0
582,20,core_first,2,mf_latent,0.037037037037037035,0.2,0.1,0.25
582,20,core_first,2,mf_impute,0.037037037037037035,0.2,0.1,0.3333333333333333
591,20,core_first,1,random,0.12098765432098765,0.0,0.0,0.058823529411764705
591,20,core_first,1,popular_group,0.12098765432098765,0.0,0.0,0.002173913043478261
591,20,core_first,1,raw_distance,0.12098765432098765,0.4,0.2,1.0
591,20,core_first,1,raw_correlation,0.12098765432098765,0.8,0.5,1.0
591,20,core_first,1,mf_latent,0.12098765432098765,0.6,0.4,0.5
591,20,core_first,1,mf_impute,0.12098765432098765,0.6,0.3,1.0
591,20,core_first,2,random,0.037037037037037035,0.0,0.0,0.047619047619047616
591,20,core_first,2,popular_group,0.037037037037037035,0.0,0.0,0.001937984496124031
591,20,core_first,2,raw_distance,0.037037037037037035,0.4,0.2,1.0
591,20,core_first,2,raw_correlation,0.037037037037037035,0.6,0.3,0.5
591,20,core_first,2,mf_latent,0.037037037037037035,0.6,0.4,0.5
591,20,core_first,2,mf_impute,0.037037037037037035,0.6,0.3,1.0
594,20,core_first,1,random,0.12098765432098765,0.0,0.0,0.05263157894736842
594,20,core_first,1,popular_group,0.12098765432098765,0.0,0.0,0.002173913043478261
594,20,core_first,1,raw_distance,0.12098765432098765,0.2,0.2,1.0
594,20,core_first,1,raw_correlation,0.12098765432098765,0.2,0.2,0.5
594,20,core_first,1,mf_latent,0.12098765432098765,0.0,0.1,0.16666666666666666
594,20,core_first,1,mf_impute,0.12098765432098765,0.4,0.3,0.25
594,20,core_first,2,random,0.037037037037037035,0.0,0.0,0.013333333333333334
594,20,core_first,2,popular_group,0.037037037037037035,0.0,0.0,0.001937984496124031
594,20,core_first,2,raw_distance,0.037037037037037035,0.0,0.1,0.125
594,20,core_first,2,raw_correlation,0.037037037037037035,0.0,0.0,0.07142857142857142
594,20,core_first,2,mf_latent,0.037037037037037035,0.0,0.1,0.16666666666666666
594,20,core_first,2,mf_impute,0.037037037037037035,0.4,0.3,0.25
596,20,core_first,1,random,0.12098765432098765,0.0,0.2,0.16666666666666666
596,20,core_first,1,popular_group,0.12098765432098765,0.0,0.0,0.002173913043478261
596,20,core_first,1,raw_distance,0.12098765432098765,0.4,0.6,0.25
596,20,core_first,1,raw_correlation,0.12098765432098765,0.6,0.7,1.0
596,20,core_first,1,mf_latent,0.12098765432098765,0.6,0.5,0.3333333333333333
596,20,core_first,1,mf_impute,0.12098765432098765,0.2,0.2,1.0
596,20,core_first,2,random,0.037037037037037035,0.0,0.1,0.16666666666666666
596,20,core_first,2,popular_group,0.037037037037037035,0.0,0.0,0.001937984496124031
596,20,core_first,2,raw_distance,0.037037037037037035,0.0,0.1,0.16666666666666666
596,20,core_first,2,raw_correlation,0.037037037037037035,0.4,0.3,1.0
596,20,core_first,2,mf_latent,0.037037037037037035,0.2,0.3,0.25
596,20,core_first,2,mf_impute,0.037037037037037035,0.0,0.0,0.018867924528301886
597,20,core_first,1,random,0.12098765432098765,0.0,0.2,0.14285714285714285
597,20,core_first,1,popular_group,0.12098765432098765,0.0,0.0,0.002173913043478261
597,20,core_first,1,raw_distance,0.12098765432098765,0.4,0.4,1.0
597,20,core_first,1,raw_correlation,0.12098765432098765,0.8,0.7,1.0
597,20,core_first,1,mf_latent,0.12098765432098765,0.2,0.5,0.3333333333333333
597,20,core_first,1,mf_impute,0.12098765432098765,0.0,0.0,0.05555555555555555
597,20,core_first,2,random,0.037037037037037035,0.0,0.1,0.14285714285714285
597,20,core_first,2,popular_group,0.037037037037037035,0.0,0.0,0.001937984496124031
597,20,core_first,2,raw_distance,0.037037037037037035,0.4,0.4,1.0
597,20,core_first,2,raw_correlation,0.037037037037037035,0.6,0.3,1.0
597,20,core_first,2,mf_latent,0.037037037037037035,0.2,0.5,0.3333333333333333
597,20,core_first,2,mf_impute,0.037037037037037035,0.0,0.0,0.05555555555555555
605,20,core_first,1,random,0.12098765432098765,0.2,0.3,0.3333333333333333
605,20,core_first,1,popular_group,0.12098765432098765,0.0,0.0,0.002173913043478261
605,20,core_first,1,raw_distance,0.12098765432098765,0.0,0.0,0.019230769230769232
605,20,core_first,1,raw_correlation,0.12098765432098765,0.4,0.5,0.3333333333333333
605,20,core_first,1,mf_latent,0.12098765432098765,0.2,0.2,1.0
605,20,core_first,1,mf_impute,0.12098765432098765,0.0,0.0,0.027777777777777776
605,20,core_first,2,random,0.037037037037037035,0.2,0.3,0.3333333333333333
605,20,core_first,2,popular_group,0.037037037037037035,0.0,0.0,0.001937984496124031
605,20,core_first,2,raw_distance,0.037037037037037035,0.0,0.0,0.008695652173913044
605,20,core_first,2,raw_correlation,0.037037037037037035,0.0,0.2,0.14285714285714285
605,20,core_first,2,mf_latent,0.037037037037037035,0.2,0.1,1.0
605,20,core_first,2,mf_impute,0.037037037037037035,0.0,0.0,0.027777777777777776
607,20,core_first,1,random,0.12098765432098765,0.0,0.1,0.125
607,20,core_first,1,popular_group,0.12098765432098765,0.0,0.0,0.002173913043478261
607,20,core_first,1,raw_distance,0.12098765432098765,0.6,0.5,0.5
607,20,core_first,1,raw_correlation,0.12098765432098765,0.4,0.5,1.0
607,20,core_first,1,mf_latent,0.12098765432098765,0.0,0.3,0.16666666666666666
607,20,core_first,1,mf_impute,0.12098765432098765,0.2,0.2,0.5
607,20,core_first,2,random,0.037037037037037035,0.0,0.0,0.008695652173913044
607,20,core_first,2,popular_group,0.037037037037037035,0.0,0.0,0.001937984496124031
607,20,core_first,2,raw_distance,0.037037037037037035,0.4,0.4,0.5
607,20,core_first,2,raw_correlation,0.037037037037037035,0.4,0.4,1.0
607,20,core_first,2,mf_latent,0.037037037037037035,0.0,0.2,0.16666666666666666
607,20,core_first,2,mf_impute,0.037037037037037035,0.2,0.2,0.5
627,20,core_first,1,random,0.15185185185185185,0.0,0.0,0.06666666666666667
627,20,core_first,1,popular_group,0.15185185185185185,1.0,1.0,1.0
627,20,core_first,1,raw_distance,0.15185185185185185,0.4,0.3,0.3333333333333333
627,20,core_first,1,raw_correlation,0.15185185185185185,0.8,0.4,1.0
627,20,core_first,1,mf_latent,0.15185185185185185,1.0,0.6,1.0
627,20,core_first,1,mf_impute,0.15185185185185185,1.0,0.6,1.0
627,20,core_first,2,random,0.08271604938271605,0.0,0.0,0.058823529411764705
627,20,core_first,2,popular_group,0.08271604938271605,1.0,1.0,1.0
627,20,core_first,2,raw_distance,0.08271604938271605,0.2,0.2,0.3333333333333333
627,20,core_first,2,raw_correlation,0.08271604938271605,0.2,0.1,1.0
627,20,core_first,2,mf_latent,0.08271604938271605,1.0,0.5,1.0
627,20,core_first,2,mf_impute,0.08271604938271605,1.0,0.6,1.0
628,20,core_first,1,random,0.15185185185185185,0.4,0.2,0.3333333333333333
628,20,core_first,1,popular_group,0.15185185185185185,1.0,1.0,1.0
628,20,core_first,1,raw_distance,0.15185185185185185,1.0,0.6,1.0
628,20,core_first,1,raw_correlation,0.15185185185185185,0.0,0.0,0.08333333333333333
628,20,core_first,1,mf_latent,0.15185185185185185,0.0,0.0,0.09090909090909091
628,20,core_first,1,mf_impute,0.15185185185185185,0.0,0.3,0.16666666666666666
628,20,core_first,2,random,0.08271604938271605,0.0,0.0,0.047619047619047616
628,20,core_first,2,popular_group,0.08271604938271605,1.0,1.0,1.0
628,20,core_first,2,raw_distance,0.08271604938271605,1.0,0.6,1.0
628,20,core_first,2,raw_correlation,0.08271604938271605,0.0,0.0,0.08333333333333333
628,20,core_first,2,mf_latent,0.08271604938271605,0.0,0.0,0.09090909090909091
628,20,core_first,2,mf_impute,0.08271604938271605,0.0,0.3,0.16666666666666666
645,20,core_first,1,random,0.15185185185185185,0.2,0.2,0.25
645,20,core_first,1,popular_group,0.15185185185185185,1.0,1.0,1.0
645,20,core_first,1,raw_distance,0.15185185185185185,0.4,0.5,0.5
645,20,core_first,1,raw_correlation,0.15185185185185185,0.0,0.4,0.16666666666666666
645,20,core_first,1,mf_latent,0.15185185185185185,0.6,0.6,0.5
645,20,core_first,1,mf_impute,0.15185185185185185,0.4,0.3,0.5
645,20,core_first,2,random,0.08271604938271605,0.0,0.0,0.0625
645,20,core_first,2,popular_group,0.08271604938271605,1.0,1.0,1.0
645,20,core_first,2,raw_distance,0.08271604938271605,0.4,0.5,0.5
645,20,core_first,2,raw_correlation,0.08271604938271605,0.0,0.4,0.16666666666666666
645,20,core_first,2,mf_latent,0.08271604938271605,0.6,0.6,0.5
645,20,core_first,2,mf_impute,0.08271604938271605,0.4,0.3,0.5
649,20,core_first,1,random,0.15185185185185185,0.0,0.1,0.125
649,20,core_first,1,popular_group,0.15185185185185185,1.0,1.0,1.0
649,20,core_first,1,raw_distance,0.15185185185185185,1.0,1.0,1.0
649,20,core_first,1,raw_correlation,0.15185185185185185,0.6,0.6,1.0
649,20,core_first,1,mf_latent,0.15185185185185185,0.8,0.7,1.0
649,20,core_first,1,mf_impute,0.15185185185185185,0.2,0.2,1.0
649,20,core_first,2,random,0.08271604938271605,0.0,0.0,0.07692307692307693
649,20,core_first,2,popular_group,0.08271604938271605,1.0,1.0,1.0
649,20,core_first,2,raw_distance,0.08271604938271605,1.0,1.0,1.0
649,20,core_first,2,raw_correlation,0.08271604938271605,0.6,0.5,1.0
649,20,core_first,2,mf_latent,0.08271604938271605,0.8,0.7,1.0
649,20,core_first,2,mf_impute,0.08271604938271605,0.2,0.2,1.0
652,20,core_first,1,random,0.15185185185185185,0.4,0.2,0.5
652,20,core_first,1,popular_group,0.15185185185185185,1.0,1.0,1.0
652,20,core_first,1,raw_distance,0.15185185185185185,1.0,0.9,1.0
652,20,core_first,1,raw_correlation,0.15185185185185185,0.8,0.6,1.0
652,20,core_first,1,mf_latent,0.15185185185185185,0.8,0.9,0.5
652,20,core_first,1,mf_impute,0.15185185185185185,1.0,0.9,1.0
652,20,core_first,2,random,0.08271604938271605,0.0,0.0,0.05
652,20,core_first,2,popular_group,0.08271604938271605,1.0,1.0,1.0
652,20,core_first,2,raw_distance,0.08271604938271605,1.0,0.9,1.0
652,20,core_first,2,raw_correlation,0.08271604938271605,0.8,0.6,1.0
652,20,core_first,2,mf_latent,0.08271604938271605,0.6,0.8,0.5
652,20,core_first,2,mf_impute,0.08271604938271605,1.0,0.8,1.0
654,20,core_first,1,random,0.15185185185185185,0.2,0.1,1.0
654,20,core_first,1,popular_group,0.15185185185185185,1.0,1.0,1.0
654,20,core_first,1,raw_distance,0.15185185185185185,1.0,0.9,1.0
654,20,core_first,1,raw_correlation,0.15185185185185185,0.8,0.6,1.0
654,20,core_first,1,mf_latent,0.15185185185185185,1.0,1.0,1.0
654,20,core_first,1,mf_impute,0.15185185185185185,1.0,1.0,1.0
654,20,core_first,2,random,0.08271604938271605,0.0,0.0,0.04
654,20,core_first,2,popular_group,0.08271604938271605,1.0,1.0,1.0
654,20,core_first,2,raw_distance,0.08271604938271605,1.0,0.9,1.0
654,20,core_first,2,raw_correlation,0.08271604938271605,0.2,0.2,1.0
654,20,core_first,2,mf_latent,0.08271604938271605,1.0,0.9,1.0
654,20,core_first,2,mf_impute,0.08271604938271605,1.0,1.0,1.0
669,20,core_first,1,random,0.15185185185185185,0.0,0.0,0.047619047619047616
669,20,core_first,1,popular_group,0.15185185185185185,1.0,1.0,1.0
669,20,core_first,1,raw_distance,0.15185185185185185,1.0,0.9,1.0
669,20,core_first,1,raw_correlation,0.15185185185185185,1.0,0.9,1.0
669,20,core_first,1,mf_latent,0.15185185185185185,1.0,1.0,1.0
669,20,core_first,1,mf_impute,0.15185185185185185,1.0,1.0,1.0
669,20,core_first,2,random,0.08271604938271605,0.0,0.0,0.047619047619047616
669,20,core_first,2,popular_group,0.08271604938271605,1.0,1.0,1.0
669,20,core_first,2,raw_distance,0.08271604938271605,1.0,0.9,1.0
669,20,core_first,2,raw_correlation,0.08271604938271605,1.0,0.9,1.0
669,20,core_first,2,mf_latent,0.08271604938271605,1.0,0.9,1.0
669,20,core_first,2,mf_impute,0.08271604938271605,1.0,1.0,1.0
689,20,core_first,1,random,0.15185185185185185,0.4,0.4,1.0
689,20,core_first,1,popular_group,0.15185185185185185,1.0,1.0,1.0
689,20,core_first,1,raw_distance,0.15185185185185185,0.6,0.5,1.0
689,20,core_first,1,raw_correlation,0.15185185185185185,1.0,0.7,1.0
689,20,core_first,1,mf_latent,0.15185185185185185,0.6,0.6,1.0
689,20,core_first,1,mf_impute,0.15185185185185185,0.4,0.5,1.0
689,20,core_first,2,random,0.08271604938271605,0.0,0.1,0.1111111111111111
689,20,core_first,2,popular_group,0.08271604938271605,1.0,1.0,1.0
689,20,core_first,2,raw_distance,0.08271604938271605,0.6,0.3,1.0
689,20,core_first,2,raw_correlation,0.08271604938271605,0.6,0.3,1.0
689,20,core_first,2,mf_latent,0.08271604938271605,0.4,0.4,0.3333333333333333
689,20,core_first,2,mf_impute,0.08271604938271605,0.4,0.4,1.0
690,20,core_first,1,random,0.15185185185185185,0.2,0.1,0.25
690,20,core_first,1,popular_group,0.15185185185185185,1.0,1.0,1.0
690,20,core_first,1,raw_distance,0.15185185185185185,0.8,0.7,1.0
690,20,core_first,1,raw_correlation,0.15185185185185185,0.6,0.7,0.3333333333333333
690,20,core_first,1,mf_latent,0.15185185185185185,1.0,1.0,1.0
690,20,core_first,1,mf_impute,0.15185185185185185,1.0,0.7,1.0
690,20,core_first,2,random,0.08271604938271605,0.2,0.1,0.25
690,20,core_first,2,popular_group,0.08271604938271605,1.0,1.0,1.0
690,20,core_first,2,raw_distance,0.08271604938271605,0.8,0.7,1.0
690,20,core_first,2,raw_correlation,0.08271604938271605,0.4,0.5,0.3333333333333333
690,20,core_first,2,mf_latent,0.08271604938271605,1.0,1.0,1.0
690,20,core_first,2,mf_impute,0.08271604938271605,1.0,0.7,1.0
696,20,core_first,1,random,0.15185185185185185,0.4,0.2,0.3333333333333333
696,20,core_first,1,popular_group,0.15185185185185185,1.0,1.0,1.0
696,20,core_first,1,raw_distance,0.15185185185185185,0.8,0.8,1.0
696,20,core_first,1,raw_correlation,0.15185185185185185,0.6,0.6,1.0
696,20,core_first,1,mf_latent,0.15185185185185185,1.0,0.9,1.0
696,20,core_first,1,mf_impute,0.15185185185185185,1.0,1.0,1.0
696,20,core_first,2,random,0.08271604938271605,0.2,0.1,0.25
696,20,core_first,2,popular_group,0.08271604938271605,1.0,1.0,1.0
696,20,core_first,2,raw_distance,0.08271604938271605,0.6,0.6,1.0
696,20,core_first,2,raw_correlation,0.08271604938271605,0.4,0.3,1.0
696,20,core_first,2,mf_latent,0.08271604938271605,1.0,0.6,1.0
696,20,core_first,2,mf_impute,0.08271604938271605,0.8,0.8,1.0
700,20,core_first,1,random,0.15185185185185185,0.0,0.2,0.14285714285714285
700,20,core_first,1,popular_group,0.15185185185185185,1.0,1.0,1.0
700,20,core_first,1,raw_distance,0.15185185185185185,1.0,1.0,1.0
700,20,core_first,1,raw_correlation,0.15185185185185185,1.0,0.8,1.0
700,20,core_first,1,mf_latent,0.15185185185185185,0.8,0.6,0.5
700,20,core_first,1,mf_impute,0.15185185185185185,1.0,0.9,1.0
700,20,core_first,2,random,0.030864197530864196,0.0,0.1,0.1111111111111111
700,20,core_first,2,popular_group,0.030864197530864196,0.0,0.0,0.0015873015873015873
700,20,core_first,2,raw_distance,0.030864197530864196,0.6,0.6,0.5
700,20,core_first,2,raw_correlation,0.030864197530864196,0.4,0.4,0.3333333333333333
700,20,core_first,2,mf_latent,0.030864197530864196,0.4,0.3,0.3333333333333333
700,20,core_first,2,mf_impute,0.030864197530864196,0.8,0.7,0.5
701,20,core_first,1,random,0.15185185185185185,0.2,0.3,0.5
701,20,core_first,1,popular_group,0.15185185185185185,1.0,1.0,1.0
701,20,core_first,1,raw_distance,0.15185185185185185,0.6,0.6,1.0
701,20,core_first,1,raw_correlation,0.15185185185185185,0.6,0.5,1.0
701,20,core_first,1,mf_latent,0.15185185185185185,0.2,0.2,0.25
701,20,core_first,1,mf_impute,0.15185185185185185,0.4,0.5,1.0
701,20,core_first,2,random,0.030864197530864196,0.0,0.1,0.16666666666666666
701,20,core_first,2,popular_group,0.030864197530864196,0.0,0.0,0.0015873015873015873
701,20,core_first,2,raw_distance,0.030864197530864196,0.6,0.4,1.0
701,20,core_first,2,raw_correlation,0.030864197530864196,0.2,0.1,1.0
701,20,core_first,2,mf_latent,0.030864197530864196,0.0,0.0,0.07692307692307693
701,20,core_first,2,mf_impute,0.030864197530864196,0.2,0.2,1.0
726,20,core_first,1,random,0.15185185185185185,0.2,0.3,0.2
726,20,core_first,1,popular_group,0.15185185185185185,1.0,1.0,1.0
726,20,core_first,1,raw_distance,0.15185185185185185,0.2,0.1,0.2
726,20,core_first,1,raw_correlation,0.15185185185185185,0.0,0.1,0.14285714285714285
726,20,core_first,1,mf_latent,0.15185185185185185,0.0,0.0,0.06666666666666667
726,20,core_first,1,mf_impute,0.15185185185185185,0.0,0.1,0.14285714285714285
726,20,core_first,2,random,0.014814814814814815,0.0,0.0,0.034482758620689655
726,20,core_first,2,popular_group,0.014814814814814815,0.0,0.0,0.0015600624024961
726,20,core_first,2,raw_distance,0.014814814814814815,0.0,0.0,0.09090909090909091
726,20,core_first,2,raw_correlation,0.014814814814814815,0.0,0.1,0.14285714285714285
726,20,core_first,2,mf_latent,0.014814814814814815,0.0,0.0,0.024390243902439025
726,20,core_first,2,mf_impute,0.014814814814814815,0.0,0.0,0.06666666666666667
744,20,core_first,1,random,0.15185185185185185,0.4,0.2,1.0
744,20,core_first,1,popular_group,0.15185185185185185,1.0,1.0,1.0
744,20,core_first,1,raw_distance,0.15185185185185185,0.8,0.7,1.0
744,20,core_first,1,raw_correlation,0.15185185185185185,0.8,0.7,1.0
744,20,core_first,1,mf_latent,0.15185185185185185,1.0,0.9,1.0
744,20,core_first,1,mf_impute,0.15185185185185185,0.8,0.9,1.0
744,20,core_first,2,random,0.014814814814814815,0.0,0.0,0.05263157894736842
744,20,core_first,2,popular_group,0.014814814814814815,0.0,0.0,0.0015220700152207
744,20,core_first,2,raw_distance,0.014814814814814815,0.2,0.2,1.0
744,20,core_first,2,raw_correlation,0.014814814814814815,0.2,0.1,1.0
744,20,core_first,2,mf_latent,0.014814814814814815,0.4,0.3,1.0
744,20,core_first,2,mf_impute,0.014814814814814815,0.2,0.2,0.5
749,20,core_first,1,random,0.15185185185185185,0.4,0.2,0.5
749,20,core_first,1,popular_group,0.15185185185185185,1.0,1.0,1.0
749,20,core_first,1,raw_distance,0.15185185185185185,0.4,0.4,0.5
749,20,core_first,1,raw_correlation,0.15185185185185185,0.0,0.0,0.05555555555555555
749,20,core_first,1,mf_latent,0.15185185185185185,0.4,0.6,0.5
749,20,core_first,1,mf_impute,0.15185185185185185,0.2,0.1,0.5
749,20,core_first,2,random,0.014814814814814815,0.2,0.1,0.2
749,20,core_first,2,popular_group,0.014814814814814815,0.0,0.0,0.0015220700152207
749,20,core_first,2,raw_distance,0.014814814814814815,0.0,0.0,0.0625
749,20,core_first,2,raw_correlation,0.014814814814814815,0.0,0.0,0.0018975332068311196
749,20,core_first,2,mf_latent,0.014814814814814815,0.0,0.2,0.14285714285714285
749,20,core_first,2,mf_impute,0.014814814814814815,0.0,0.0,0.0049504950495049506
750,20,core_first,1,random,0.15185185185185185,0.0,0.2,0.14285714285714285
750,20,core_first,1,popular_group,0.15185185185185185,1.0,1.0,1.0
750,20,core_first,1,raw_distance,0.15185185185185185,0.4,0.4,1.0
750,20,core_first,1,raw_correlation,0.15185185185185185,0.4,0.5,1.0
750,20,core_first,1,mf_latent,0.15185185185185185,0.8,0.6,1.0
750,20,core_first,1,mf_impute,0.15185185185185185,0.8,0.7,1.0
750,20,core_first,2,random,0.014814814814814815,0.0,0.1,0.14285714285714285
750,20,core_first,2,popular_group,0.014814814814814815,0.0,0.0,0.0015220700152207
750,20,core_first,2,raw_distance,0.014814814814814815,0.2,0.1,1.0
750,20,core_first,2,raw_correlation,0.014814814814814815,0.2,0.3,1.0
750,20,core_first,2,mf_latent,0.014814814814814815,0.0,0.1,0.16666666666666666
750,20,core_first,2,mf_impute,0.014814814814814815,0.0,0.0,0.014925373134328358
766,20,core_first,1,random,0.03827160493827161,0.0,0.0,0.019230769230769232
766,20,core_first,1,popular_group,0.03827160493827161,0.0,0.0,0.0014727540500736377
766,20,core_first,1,raw_distance,0.03827160493827161,0.8,0.4,1.0
766,20,core_first,1,raw_correlation,0.03827160493827161,0.4,0.3,1.0
766,20,core_first,1,mf_latent,0.03827160493827161,0.6,0.4,1.0
766,20,core_first,1,mf_impute,0.03827160493827161,0.4,0.2,1.0
766,20,core_first,2,random,0.006172839506172839,0.0,0.0,0.00819672131147541
766,20,core_first,2,popular_group,0.006172839506172839,0.0,0.0,0.0014285714285714286
766,20,core_first,2,raw_distance,0.006172839506172839,0.4,0.2,1.0
766,20,core_first,2,raw_correlation,0.006172839506172839,0.2,0.1,1.0
766,20,core_first,2,mf_latent,0.006172839506172839,0.4,0.2,1.0
766,20,core_first,2,mf_impute,0.006172839506172839,0.2,0.1,0.5
772,20,core_first,1,random,0.03827160493827161,0.0,0.0,0.016129032258064516
772,20,core_first,1,popular_group,0.03827160493827161,0.0,0.0,0.0014727540500736377
772,20,core_first,1,raw_distance,0.03827160493827161,0.8,0.4,1.0
772,20,core_first,1,raw_correlation,0.03827160493827161,0.4,0.3,1.0
772,20,core_first,1,mf_latent,0.03827160493827161,0.8,0.4,1.0
772,20,core_first,1,mf_impute,0.03827160493827161,0.4,0.2,1.0
772,20,core_first,2,random,0.008641975308641974,0.0,0.0,0.012658227848101266
772,20,core_first,2,popular_group,0.008641975308641974,0.0,0.0,0.001443001443001443
772,20,core_first,2,raw_distance,0.008641975308641974,0.4,0.2,0.5
772,20,core_first,2,raw_correlation,0.008641975308641974,0.2,0.2,0.5
772,20,core_first,2,mf_latent,0.008641975308641974,0.4,0.2,0.5
772,20,core_first,2,mf_impute,0.008641975308641974,0.2,0.1,1.0
794,20,core_first,1,random,0.12469135802469136,0.2,0.2,0.25
794,20,core_first,1,popular_group,0.12469135802469136,0.0,0.0,0.008064516129032258
794,20,core_first,1,raw_distance,0.12469135802469136,0.4,0.6,0.3333333333333333
794,20,core_first,1,raw_correlation,0.12469135802469136,1.0,0.8,1.0
794,20,core_first,1,mf_latent,0.12469135802469136,1.0,0.7,1.0
794,20,core_first,1,mf_impute,0.12469135802469136,1.0,0.7,1.0
794,20,core_first,2,random,0.014814814814814815,0.0,0.0,0.04
794,20,core_first,2,popular_group,0.014814814814814815,0.0,0.0,0.0014184397163120568
794,20,core_first,2,raw_distance,0.014814814814814815,0.4,0.6,0.3333333333333333
794,20,core_first,2,raw_correlation,0.014814814814814815,1.0,0.8,1.0
794,20,core_first,2,mf_latent,0.014814814814814815,1.0,0.7,1.0
794,20,core_first,2,mf_impute,0.014814814814814815,1.0,0.7,1.0
801,20,core_first,1,random,0.12469135802469136,0.0,0.1,0.16666666666666666
801,20,core_first,1,popular_group,0.12469135802469136,0.0,0.0,0.008064516129032258
801,20,core_first,1,raw_distance,0.12469135802469136,1.0,0.8,1.0
801,20,core_first,1,raw_correlation,0.12469135802469136,1.0,0.9,1.0
801,20,core_first,1,mf_latent,0.12469135802469136,1.0,0.9,1.0
801,20,core_first,1,mf_impute,0.12469135802469136,0.0,0.3,0.14285714285714285
801,20,core_first,2,random,0.014814814814814815,0.0,0.0,0.022727272727272728
801,20,core_first,2,popular_group,0.014814814814814815,0.0,0.0,0.0014184397163120568
801,20,core_first,2,raw_distance,0.014814814814814815,1.0,0.8,1.0
801,20,core_first,2,raw_correlation,0.014814814814814815,1.0,0.7,1.0
801,20,core_first,2,mf_latent,0.014814814814814815,1.0,0.7,1.0
801,20,core_first,2,mf_impute,0.014814814814814815,0.0,0.3,0.14285714285714285
803,20,core_first,1,random,0.12469135802469136,0.0,0.1,0.14285714285714285
803,20,core_first,1,popular_group,0.12469135802469136,0.0,0.0,0.008064516129032258
803,20,core_first,1,raw_distance,0.12469135802469136,1.0,0.8,1.0
803,20,core_first,1,raw_correlation,0.12469135802469136,1.0,0.9,1.0
803,20,core_first,1,mf_latent,0.12469135802469136,1.0,0.9,1.0
803,20,core_first,1,mf_impute,0.12469135802469136,0.0,0.3,0.14285714285714285
803,20,core_first,2,random,0.014814814814814815,0.0,0.0,0.004366812227074236
803,20,core_first,2,popular_group,0.014814814814814815,0.0,0.0,0.0014184397163120568
803,20,core_first,2,raw_distance,0.014814814814814815,1.0,0.8,1.0
803,20,core_first,2,raw_correlation,0.014814814814814815,1.0,0.7,1.0
803,20,core_first,2,mf_latent,0.014814814814814815,1.0,0.7,1.0
803,20,core_first,2,mf_impute,0.014814814814814815,0.0,0.3,0.14285714285714285
830,20,core_first,1,random,0.12469135802469136,0.2,0.2,0.2
830,20,core_first,1,popular_group,0.12469135802469136,0.0,0.0,0.008064516129032258
830,20,core_first,1,raw_distance,0.12469135802469136,1.0,1.0,1.0
830,20,core_first,1,raw_correlation,0.12469135802469136,1.0,0.8,1.0
830,20,core_first,1,mf_latent,0.12469135802469136,1.0,0.9,1.0
830,20,core_first,1,mf_impute,0.12469135802469136,1.0,1.0,1.0
830,20,core_first,2,random,0.08271604938271605,0.0,0.1,0.16666666666666666
830,20,core_first,2,popular_group,0.08271604938271605,0.0,0.0,0.014492753623188406
830,20,core_first,2,raw_distance,0.08271604938271605,1.0,0.9,1.0
830,20,core_first,2,raw_correlation,0.08271604938271605,0.6,0.6,1.0
830,20,core_first,2,mf_latent,0.08271604938271605,1.0,0.8,1.0
830,20,core_first,2,mf_impute,0.08271604938271605,1.0,1.0,1.0
837,20,core_first,1,random,0.12469135802469136,0.2,0.1,0.2
837,20,core_first,1,popular_group,0.12469135802469136,0.0,0.0,0.008064516129032258
837,20,core_first,1,raw_distance,0.12469135802469136,1.0,1.0,1.0
837,20,core_first,1,raw_correlation,0.12469135802469136,0.6,0.6,1.0
837,20,core_first,1,mf_latent,0.12469135802469136,1.0,0.9,1.0
837,20,core_first,1,mf_impute,0.12469135802469136,0.6,0.8,1.0
837,20,core_first,2,random,0.08271604938271605,0.0,0.0,0.05
837,20,core_first,2,popular_group,0.08271604938271605,0.0,0.0,0.014492753623188406
837,20,core_first,2,raw_distance,0.08271604938271605,1.0,1.0,1.0
837,20,core_first,2,raw_correlation,0.08271604938271605,0.6,0.6,1.0
837,20,core_first,2,mf_latent,0.08271604938271605,1.0,0.8,1.0
837,20,core_first,2,mf_impute,0.08271604938271605,0.2,0.6,1.0
842,20,core_first,1,random,0.12469135802469136,0.4,0.2,0.5
842,20,core_first,1,popular_group,0.12469135802469136,0.0,0.0,0.008064516129032258
842,20,core_first,1,raw_distance,0.12469135802469136,1.0,1.0,1.0
842,20,core_first,1,raw_correlation,0.12469135802469136,0.8,0.7,1.0
842,20,core_first,1,mf_latent,0.12469135802469136,0.8,0.8,1.0
842,20,core_first,1,mf_impute,0.12469135802469136,0.8,0.8,1.0
842,20,core_first,2,random,0.08271604938271605,0.4,0.2,0.5
842,20,core_first,2,popular_group,0.08271604938271605,0.0,0.0,0.014492753623188406
842,20,core_first,2,raw_distance,0.08271604938271605,1.0,1.0,1.0
842,20,core_first,2,raw_correlation,0.08271604938271605,0.8,0.7,1.0
842,20,core_first,2,mf_latent,0.08271604938271605,0.8,0.8,1.0
842,20,core_first,2,mf_impute,0.08271604938271605,0.8,0.8,1.0
845,20,core_first,1,random,0.12469135802469136,0.0,0.0,0.03571428571428571
845,20,core_first,1,popular_group,0.12469135802469136,0.0,0.0,0.008064516129032258
845,20,core_first,1,raw_distance,0.12469135802469136,1.0,0.9,1.0
845,20,core_first,1,raw_correlation,0.12469135802469136,1.0,0.9,1.0
845,20,core_first,1,mf_latent,0.12469135802469136,1.0,1.0,1.0
845,20,core_first,1,mf_impute,0.12469135802469136,1.0,1.0,1.0
845,20,core_first,2,random,0.08271604938271605,0.0,0.0,0.015151515151515152
845,20,core_first,2,popular_group,0.08271604938271605,0.0,0.0,0.014492753623188406
845,20,core_first,2,raw_distance,0.08271604938271605,1.0,0.9,1.0
845,20,core_first,2,raw_correlation,0.08271604938271605,1.0,0.9,1.0
845,20,core_first,2,mf_latent,0.08271604938271605,1.0,1.0,1.0
845,20,core_first,2,mf_impute,0.08271604938271605,1.0,1.0,1.0
868,20,core_first,1,random,0.12469135802469136,0.2,0.2,1.0
868,20,core_first,1,popular_group,0.12469135802469136,0.0,0.0,0.008064516129032258
868,20,core_first,1,raw_distance,0.12469135802469136,0.6,0.5,1.0
868,20,core_first,1,raw_correlation,0.12469135802469136,0.0,0.0,0.09090909090909091
868,20,core_first,1,mf_latent,0.12469135802469136,0.4,0.4,1.0
868,20,core_first,1,mf_impute,0.12469135802469136,0.2,0.4,0.3333333333333333
868,20,core_first,2,random,0.08271604938271605,0.0,0.0,0.07692307692307693
868,20,core_first,2,popular_group,0.08271604938271605,0.0,0.0,0.014492753623188406
868,20,core_first,2,raw_distance,0.08271604938271605,0.4,0.3,1.0
868,20,core_first,2,raw_correlation,0.08271604938271605,0.0,0.0,0.08333333333333333
868,20,core_first,2,mf_latent,0.08271604938271605,0.0,0.2,0.1111111111111111
868,20,core_first,2,mf_impute,0.08271604938271605,0.2,0.2,0.3333333333333333
871,20,core_first,1,random,0.12469135802469136,0.0,0.0,0.0625
871,20,core_first,1,popular_group,0.12469135802469136,0.0,0.0,0.008064516129032258
871,20,core_first,1,raw_distance,0.12469135802469136,0.6,0.4,1.0
871,20,core_first,1,raw_correlation,0.12469135802469136,0.6,0.6,1.0
871,20,core_first,1,mf_latent,0.12469135802469136,0.4,0.7,0.5
871,20,core_first,1,mf_impute,0.12469135802469136,0.6,0.6,0.5
871,20,core_first,2,random,0.08271604938271605,0.0,0.0,0.0625
871,20,core_first,2,popular_group,0.08271604938271605,0.0,0.0,0.014492753623188406
871,20,core_first,2,raw_distance,0.08271604938271605,0.4,0.3,1.0
871,20,core_first,2,raw_correlation,0.08271604938271605,0.6,0.5,1.0
871,20,core_first,2,mf_latent,0.08271604938271605,0.4,0.5,0.5
871,20,core_first,2,mf_impute,0.08271604938271605,0.6,0.6,0.5
880,20,core_first,1,random,0.12469135802469136,0.0,0.1,0.16666666666666666
880,20,core_first,1,popular_group,0.12469135802469136,0.0,0.0,0.008064516129032258
880,20,core_first,1,raw_distance,0.12469135802469136,0.4,0.4,1.0
880,20,core_first,1,raw_correlation,0.12469135802469136,0.0,0.0,0.034482758620689655
880,20,core_first,1,mf_latent,0.12469135802469136,0.6,0.6,1.0
880,20,core_first,1,mf_impute,0.12469135802469136,0.6,0.5,1.0
880,20,core_first,2,random,0.08271604938271605,0.0,0.1,0.16666666666666666
880,20,core_first,2,popular_group,0.08271604938271605,0.0,0.0,0.014492753623188406
880,20,core_first,2,raw_distance,0.08271604938271605,0.4,0.3,1.0
880,20,core_first,2,raw_correlation,0.08271604938271605,0.0,0.0,0.034482758620689655
880,20,core_first,2,mf_latent,0.08271604938271605,0.6,0.3,1.0
880,20,core_first,2,mf_impute,0.08271604938271605,0.2,0.3,1.0
881,20,core_first,1,random,0.12469135802469136,0.0,0.1,0.125
881,20,core_first,1,popular_group,0.12469135802469136,0.0,0.0,0.008064516129032258
881,20,core_first,1,raw_distance,0.12469135802469136,0.4,0.4,1.0
881,20,core_first,1,raw_correlation,0.12469135802469136,0.4,0.4,1.0
881,20,core_first,1,mf_latent,0.12469135802469136,0.8,0.6,1.0
881,20,core_first,1,mf_impute,0.12469135802469136,1.0,0.9,1.0
881,20,core_first,2,random,0.08271604938271605,0.0,0.1,0.125
881,20,core_first,2,popular_group,0.08271604938271605,0.0,0.0,0.014492753623188406
881,20,core_first,2,raw_distance,0.08271604938271605,0.4,0.4,1.0
881,20,core_first,2,raw_correlation,0.08271604938271605,0.4,0.4,1.0
881,20,core_first,2,mf_latent,0.08271604938271605,0.8,0.5,1.0
881,20,core_first,2,mf_impute,0.08271604938271605,1.0,0.8,1.0
895,20,core_first,1,random,0.12469135802469136,0.0,0.1,0.16666666666666666
895,20,core_first,1,popular_group,0.12469135802469136,0.0,0.0,0.008064516129032258
895,20,core_first,1,raw_distance,0.12469135802469136,0.4,0.3,1.0
895,20,core_first,1,raw_correlation,0.12469135802469136,0.4,0.2,1.0
895,20,core_first,1,mf_latent,0.12469135802469136,0.6,0.5,1.0
895,20,core_first,1,mf_impute,0.12469135802469136,0.0,0.2,0.125
895,20,core_first,2,random,0.013580246913580247,0.0,0.1,0.16666666666666666
895,20,core_first,2,popular_group,0.013580246913580247,0.0,0.0,0.014705882352941176
895,20,core_first,2,raw_distance,0.013580246913580247,0.4,0.2,1.0
895,20,core_first,2,raw_correlation,0.013580246913580247,0.4,0.2,1.0
895,20,core_first,2,mf_latent,0.013580246913580247,0.2,0.2,0.2
895,20,core_first,2,mf_impute,0.013580246913580247,0.0,0.0,0.027777777777777776
37,40,core_first,1,random,0.10617283950617284,0.0,0.1,0.1
37,40,core_first,1,popular_group,0.10617283950617284,0.0,0.0,0.007142857142857143
37,40,core_first,1,raw_distance,0.10617283950617284,0.6,0.3,1.0
37,40,core_first,1,raw_correlation,0.10617283950617284,0.6,0.3,1.0
37,40,core_first,1,mf_latent,0.10617283950617284,0.2,0.2,0.25
37,40,core_first,1,mf_impute,0.10617283950617284,0.2,0.1,0.2
37,40,core_first,2,random,0.02345679012345679,0.0,0.0,0.016666666666666666
37,40,core_first,2,popular_group,0.02345679012345679,0.0,0.0,0.0016501650165016502
37,40,core_first,2,raw_distance,0.02345679012345679,0.6,0.3,1.0
37,40,core_first,2,raw_correlation,0.02345679012345679,0.6,0.3,1.0
37,40,core_first,2,mf_latent,0.02345679012345679,0.2,0.2,0.25
37,40,core_first,2,mf_impute,0.02345679012345679,0.2,0.1,0.2
53,40,core_first,1,random,0.10617283950617284,0.4,0.2,0.3333333333333333
53,40,core_first,1,popular_group,0.10617283950617284,0.0,0.0,0.007142857142857143
53,40,core_first,1,raw_distance,0.10617283950617284,0.2,0.2,1.0
53,40,core_first,1,raw_correlation,0.10617283950617284,0.4,0.2,1.0
53,40,core_first,1,mf_latent,0.10617283950617284,0.8,0.8,1.0
53,40,core_first,1,mf_impute,0.10617283950617284,0.8,0.6,1.0
53,40,core_first,2,random,0.02345679012345679,0.2,0.1,0.25
53,40,core_first,2,popular_group,0.02345679012345679,0.0,0.0,0.0016501650165016502
53,40,core_first,2,raw_distance,0.02345679012345679,0.2,0.2,1.0
53,40,core_first,2,raw_correlation,0.02345679012345679,0.2,0.1,1.0
53,40,core_first,2,mf_latent,0.02345679012345679,0.4,0.2,0.25
53,40,core_first,2,mf_impute,0.02345679012345679,0.4,0.2,0.5
58,40,core_first,1,random,0.10617283950617284,0.0,0.0,0.08333333333333333
58,40,core_first,1,popular_group,0.10617283950617284,0.0,0.0,0.007142857142857143
58,40,core_first,1,raw_distance,0.10617283950617284,0.2,0.1,0.3333333333333333
58,40,core_first,1,raw_correlation,0.10617283950617284,0.0,0.1,0.125
58,40,core_first,1,mf_latent,0.10617283950617284,0.2,0.3,0.25
58,40,core_first,1,mf_impute,0.10617283950617284,0.0,0.0,0.03125
58,40,core_first,2,random,0.02345679012345679,0.0,0.0,0.016129032258064516
58,40,core_first,2,popular_group,0.02345679012345679,0.0,0.0,0.0016501650165016502
58,40,core_first,2,raw_distance,0.02345679012345679,0.2,0.1,0.3333333333333333
58,40,core_first,2,raw_correlation,0.02345679012345679,0.0,0.1,0.125
58,40,core_first,2,mf_latent,0.02345679012345679,0.0,0.1,0.16666666666666666
58,40,core_first,2,mf_impute,0.02345679012345679,0.0,0.0,0.025
67,40,core_first,1,random,0.10617283950617284,0.6,0.4,0.3333333333333333
67,40,core_first,1,popular_group,0.10617283950617284,0.0,0.0,0.007142857142857143
67,40,core_first,1,raw_distance,0.10617283950617284,0.6,0.6,1.0
67,40,core_first,1,raw_correlation,0.10617283950617284,0.4,0.2,1.0
67,40,core_first,1,mf_latent,0.10617283950617284,0.0,0.1,0.16666666666666666
67,40,core_first,1,mf_impute,0.10617283950617284,0.0,0.1,0.16666666666666666
67,40,core_first,2,random,0.011111111111111112,0.0,0.0,0.014285714285714285
67,40,core_first,2,popular_group,0.011111111111111112,0.0,0.0,0.0016750418760469012
67,40,core_first,2,raw_distance,0.011111111111111112,0.2,0.1,1.0
67,40,core_first,2,raw_correlation,0.011111111111111112,0.2,0.1,1.0
67,40,core_first,2,mf_latent,0.011111111111111112,0.0,0.0,0.0625
67,40,core_first,2,mf_impute,0.011111111111111112,0.0,0.0,0.05263157894736842
70,40,core_first,1,random,0.10617283950617284,0.0,0.1,0.14285714285714285
70,40,core_first,1,popular_group,0.10617283950617284,0.0,0.0,0.007142857142857143
70,40,core_first,1,raw_distance,0.10617283950617284,0.2,0.3,0.2
70,40,core_first,1,raw_correlation,0.10617283950617284,0.2,0.2,1.0
70,40,core_first,1,mf_latent,0.10617283950617284,1.0,1.0,1.0
70,40,core_first,1,mf_impute,0.10617283950617284,0.4,0.4,1.0
70,40,core_first,2,random,0.03333333333333333,0.0,0.1,0.14285714285714285
70,40,core_first,2,popular_group,0.03333333333333333,0.0,0.0,0.0017605633802816902
70,40,core_first,2,raw_distance,0.03333333333333333,0.0,0.2,0.16666666666666666
70,40,core_first,2,raw_correlation,0.03333333333333333,0.2,0.2,1.0
70,40,core_first,2,mf_latent,0.03333333333333333,0.6,0.7,1.0
70,40,core_first,2,mf_impute,0.03333333333333333,0.4,0.4,1.0
72,40,core_first,1,random,0.10617283950617284,0.2,0.1,0.3333333333333333
72,40,core_first,1,popular_group,0.10617283950617284,0.0,0.0,0.007142857142857143
72,40,core_first,1,raw_distance,0.10617283950617284,0.8,0.7,1.0
72,40,core_first,1,raw_correlation,0.10617283950617284,0.6,0.4,1.0
72,40,core_first,1,mf_latent,0.10617283950617284,1.0,1.0,1.0
72,40,core_first,1,mf_impute,0.10617283950617284,1.0,0.9,1.0
72,40,core_first,2,random,0.03333333333333333,0.0,0.0,0.024390243902439025
72,40,core_first,2,popular_group,0.03333333333333333,0.0,0.0,0.0017605633802816902
72,40,core_first,2,raw_distance,0.03333333333333333,0.8,0.5,1.0
72,40,core_first,2,raw_correlation,0.03333333333333333,0.6,0.4,1.0
72,40,core_first,2,mf_latent,0.03333333333333333,0.6,0.4,1.0
72,40,core_first,2,mf_impute,0.03333333333333333,0.8,0.6,1.0
77,40,core_first,1,random,0.10617283950617284,0.0,0.1,0.16666666666666666
77,40,core_first,1,popular_group,0.10617283950617284,0.0,0.0,0.007142857142857143
77,40,core_first,1,raw_distance,0.10617283950617284,0.8,0.6,0.5
77,40,core_first,1,raw_correlation,0.10617283950617284,0.8,0.6,0.5
77,40,core_first,1,mf_latent,0.10617283950617284,0.8,0.7,1.0
77,40,core_first,1,mf_impute,0.10617283950617284,0.2,0.2,0.2
77,40,core_first,2,random,0.03333333333333333,0.0,0.1,0.16666666666666666
77,40,core_first,2,popular_group,0.03333333333333333,0.0,0.0,0.0017605633802816902
77,40,core_first,2,raw_distance,0.03333333333333333,0.4,0.3,0.25
77,40,core_first,2,raw_correlation,0.03333333333333333,0.2,0.3,0.5
77,40,core_first,2,mf_latent,0.03333333333333333,0.2,0.2,0.5
77,40,core_first,2,mf_impute,0.03333333333333333,0.0,0.0,0.08333333333333333
87,40,core_first,1,random,0.10617283950617284,0.0,0.2,0.16666666666666666
87,40,core_first,1,popular_group,0.10617283950617284,0.0,0.0,0.007142857142857143
87,40,core_first,1,raw_distance,0.10617283950617284,0.4,0.2,1.0
87,40,core_first,1,raw_correlation,0.10617283950617284,0.4,0.3,0.5
87,40,core_first,1,mf_latent,0.10617283950617284,0.2,0.1,0.2
87,40,core_first,1,mf_impute,0.10617283950617284,0.0,0.0,0.029411764705882353
87,40,core_first,2,random,0.03333333333333333,0.0,0.0,0.05555555555555555
87,40,core_first,2,popular_group,0.03333333333333333,0.0,0.0,0.0017605633802816902
87,40,core_first,2,raw_distance,0.03333333333333333,0.4,0.2,1.0
87,40,core_first,2,raw_correlation,0.03333333333333333,0.4,0.3,0.5
87,40,core_first,2,mf_latent,0.03333333333333333,0.2,0.1,0.2
87,40,core_first,2,mf_impute,0.03333333333333333,0.0,0.0,0.029411764705882353
106,40,core_first,1,random,0.1259259259259259,0.0,0.1,0.16666666666666666
106,40,core_first,1,popular_group,0.1259259259259259,0.0,0.0,0.00641025641025641
106,40,core_first,1,raw_distance,0.1259259259259259,1.0,1.0,1.0
106,40,core_first,1,raw_correlation,0.1259259259259259,1.0,1.0,1.0
106,40,core_first,1,mf_latent,0.1259259259259259,1.0,1.0,1.0
106,40,core_first,1,mf_impute,0.1259259259259259,1.0,1.0,1.0
106,40,core_first,2,random,0.05432098765432099,0.0,0.0,0.06666666666666667
106,40,core_first,2,popular_group,0.05432098765432099,0.0,0.0,0.01
106,40,core_first,2,raw_distance,0.05432098765432099,1.0,1.0,1.0
106,40,core_first,2,raw_correlation,0.05432098765432099,1.0,1.0,1.0
106,40,core_first,2,mf_latent,0.05432098765432099,1.0,0.8,1.0
106,40,core_first,2,mf_impute,0.05432098765432099,0.8,0.7,1.0
114,40,core_first,1,random,0.1259259259259259,0.2,0.2,0.25
114,40,core_first,1,popular_group,0.1259259259259259,0.0,0.0,0.00641025641025641
114,40,core_first,1,raw_distance,0.1259259259259259,1.0,0.7,1.0
114,40,core_first,1,raw_correlation,0.1259259259259259,0.6,0.5,1.0
114,40,core_first,1,mf_latent,0.1259259259259259,1.0,0.9,1.0
114,40,core_first,1,mf_impute,0.1259259259259259,0.6,0.5,1.0
114,40,core_first,2,random,0.05432098765432099,0.2,0.2,0.25
114,40,core_first,2,popular_group,0.05432098765432099,0.0,0.0,0.01
114,40,core_first,2,raw_distance,0.05432098765432099,1.0,0.7,1.0
114,40,core_first,2,raw_correlation,0.05432098765432099,0.6,0.5,1.0
114,40,core_first,2,mf_latent,0.05432098765432099,1.0,0.9,1.0
114,40,core_first,2,mf_impute,0.05432098765432099,0.6,0.5,1.0
133,40,core_first,1,random,0.1259259259259259,0.0,0.1,0.1111111111111111
133,40,core_first,1,popular_group,0.1259259259259259,0.0,0.0,0.00641025641025641
133,40,core_first,1,raw_distance,0.1259259259259259,1.0,1.0,1.0
133,40,core_first,1,raw_correlation,0.1259259259259259,1.0,1.0,1.0
133,40,core_first,1,mf_latent,0.1259259259259259,1.0,1.0,1.0
133,40,core_first,1,mf_impute,0.1259259259259259,1.0,1.0,1.0
133,40,core_first,2,random,0.05432098765432099,0.0,0.1,0.1111111111111111
133,40,core_first,2,popular_group,0.05432098765432099,0.0,0.0,0.01
133,40,core_first,2,raw_distance,0.05432098765432099,1.0,1.0,1.0
133,40,core_first,2,raw_correlation,0.05432098765432099,1.0,1.0,1.0
133,40,core_first,2,mf_latent,0.05432098765432099,1.0,1.0,1.0
133,40,core_first,2,mf_impute,0.05432098765432099,1.0,1.0,1.0
140,40,core_first,1,random,0.1259259259259259,0.2,0.1,0.5
140,40,core_first,1,popular_group,0.1259259259259259,0.0,0.0,0.00641025641025641
140,40,core_first,1,raw_distance,0.1259259259259259,1.0,1.0,1.0
140,40,core_first,1,raw_correlation,0.1259259259259259,1.0,1.0,1.0
140,40,core_first,1,mf_latent,0.1259259259259259,1.0,1.0,1.0
140,40,core_first,1,mf_impute,0.1259259259259259,1.0,1.0,1.0
140,40,core_first,2,random,0.05432098765432099,0.2,0.1,0.5
140,40,core_first,2,popular_group,0.05432098765432099,0.0,0.0,0.01
140,40,core_first,2,raw_distance,0.05432098765432099,1.0,1.0,1.0
140,40,core_first,2,raw_correlation,0.05432098765432099,1.0,1.0,1.0
140,40,core_first,2,mf_latent,0.05432098765432099,1.0,0.6,1.0
140,40,core_first,2,mf_impute,0.05432098765432099,1.0,0.9,1.0
143,40,core_first,1,random,0.1259259259259259,0.0,0.0,0.08333333333333333
143,40,core_first,1,popular_group,0.1259259259259259,0.0,0.0,0.00641025641025641
143,40,core_first,1,raw_distance,0.1259259259259259,1.0,1.0,1.0
143,40,core_first,1,raw_correlation,0.1259259259259259,1.0,1.0,1.0
143,40,core_first,1,mf_latent,0.1259259259259259,1.0,1.0,1.0
143,40,core_first,1,mf_impute,0.1259259259259259,1.0,1.0,1.0
143,40,core_first,2,random,0.05432098765432099,0.0,0.0,0.02857142857142857
143,40,core_first,2,popular_group,0.05432098765432099,0.0,0.0,0.01
143,40,core_first,2,raw_distance,0.05432098765432099,1.0,1.0,1.0
143,40,core_first,2,raw_correlation,0.05432098765432099,1.0,1.0,1.0
143,40,core_first,2,mf_latent,0.05432098765432099,1.0,1.0,1.0
143,40,core_first,2,mf_impute,0.05432098765432099,1.0,1.0,1.0
152,40,core_first,1,random,0.1259259259259259,0.0,0.0,0.09090909090909091
152,40,core_first,1,popular_group,0.1259259259259259,0.0,0.0,0.00641025641025641
152,40,core_first,1,raw_distance,0.1259259259259259,1.0,1.0,1.0
152,40,core_first,1,raw_correlation,0.1259259259259259,1.0,1.0,1.0
152,40,core_first,1,mf_latent,0.1259259259259259,1.0,1.0,1.0
152,40,core_first,1,mf_impute,0.1259259259259259,1.0,1.0,1.0
152,40,core_first,2,random,0.05432098765432099,0.0,0.0,0.09090909090909091
152,40,core_first,2,popular_group,0.05432098765432099,0.0,0.0,0.01
152,40,core_first,2,raw_distance,0.05432098765432099,1.0,1.0,1.0
152,40,core_first,2,raw_correlation,0.05432098765432099,1.0,1.0,1.0
152,40,core_first,2,mf_latent,0.05432098765432099,0.8,0.9,1.0
152,40,core_first,2,mf_impute,0.05432098765432099,1.0,1.0,1.0
165,40,core_first,1,random,0.1259259259259259,0.4,0.3,0.25
165,40,core_first,1,popular_group,0.1259259259259259,0.0,0.0,0.00641025641025641
165,40,core_first,1,raw_distance,0.1259259259259259,0.2,0.4,1.0
165,40,core_first,1,raw_correlation,0.1259259259259259,0.4,0.3,1.0
165,40,core_first,1,mf_latent,0.1259259259259259,0.0,0.0,0.02857142857142857
165,40,core_first,1,mf_impute,0.1259259259259259,0.4,0.2,0.5
165,40,core_first,2,random,0.06666666666666667,0.4,0.3,0.25
165,40,core_first,2,popular_group,0.06666666666666667,0.0,0.0,0.007575757575757576
165,40,core_first,2,raw_distance,0.06666666666666667,0.2,0.3,1.0
165,40,core_first,2,raw_correlation,0.06666666666666667,0.4,0.3,1.0
165,40,core_first,2,mf_latent,0.06666666666666667,0.0,0.0,0.02857142857142857
165,40,core_first,2,mf_impute,0.06666666666666667,0.4,0.2,0.5
167,40,core_first,1,random,0.1259259259259259,0.2,0.2,0.5
167,40,core_first,1,popular_group,0.1259259259259259,0.0,0.0,0.00641025641025641
167,40,core_first,1,raw_distance,0.1259259259259259,0.0,0.0,0.011904761904761904
167,40,core_first,1,raw_correlation,0.1259259259259259,0.0,0.0,0.011494252873563218
167,40,core_first,1,mf_latent,0.1259259259259259,0.0,0.0,0.007142857142857143
167,40,core_first,1,mf_impute,0.1259259259259259,0.0,0.0,0.005952380952380952
167,40,core_first,2,random,0.06666666666666667,0.0,0.0,0.043478260869565216
167,40,core_first,2,popular_group,0.06666666666666667,0.0,0.0,0.007575757575757576
167,40,core_first,2,raw_distance,0.06666666666666667,0.0,0.0,0.011904761904761904
167,40,core_first,2,raw_correlation,0.06666666666666667,0.0,0.0,0.011494252873563218
167,40,core_first,2,mf_latent,0.06666666666666667,0.0,0.0,0.007142857142857143
167,40,core_first,2,mf_impute,0.06666666666666667,0.0,0.0,0.005952380952380952
191,40,core_first,1,random,0.1259259259259259,0.0,0.2,0.14285714285714285
191,40,core_first,1,popular_group,0.1259259259259259,0.0,0.0,0.00641025641025641
191,40,core_first,1,raw_distance,0.1259259259259259,0.0,0.2,0.16666666666666666
191,40,core_first,1,raw_correlation,0.1259259259259259,0.6,0.5,1.0
191,40,core_first,1,mf_latent,0.1259259259259259,0.6,0.6,0.5
191,40,core_first,1,mf_impute,0.1259259259259259,0.6,0.3,1.0
191,40,core_first,2,random,0.06666666666666667,0.0,0.0,0.05555555555555555
191,40,core_first,2,popular_group,0.06666666666666667,0.0,0.0,0.007575757575757576
191,40,core_first,2,raw_distance,0.06666666666666667,0.0,0.2,0.16666666666666666
191,40,core_first,2,raw_correlation,0.06666666666666667,0.6,0.4,1.0
191,40,core_first,2,mf_latent,0.06666666666666667,0.6,0.6,0.5
191,40,core_first,2,mf_impute,0.06666666666666667,0.6,0.3,1.0
201,40,core_first,1,random,0.1259259259259259,0.0,0.0,0.07142857142857142
201,40,core_first,1,popular_group,0.1259259259259259,0.0,0.0,0.00641025641025641
201,40,core_first,1,raw_distance,0.1259259259259259,1.0,0.8,1.0
201,40,core_first,1,raw_correlation,0.1259259259259259,1.0,1.0,1.0
201,40,core_first,1,mf_latent,0.1259259259259259,1.0,1.0,1.0
201,40,core_first,1,mf_impute,0.1259259259259259,1.0,1.0,1.0
201,40,core_first,2,random,0.06666666666666667,0.0,0.0,0.07142857142857142
201,40,core_first,2,popular_group,0.06666666666666667,0.0,0.0,0.007575757575757576
201,40,core_first,2,raw_distance,0.06666666666666667,1.0,0.7,1.0
201,40,core_first,2,raw_correlation,0.06666666666666667,0.6,0.4,1.0
201,40,core_first,2,mf_latent,0.06666666666666667,0.4,0.3,1.0
201,40,core_first,2,mf_impute,0.06666666666666667,0.8,0.6,1.0
234,40,core_first,1,random,0.12345679012345678,0.4,0.3,0.5
234,40,core_first,1,popular_group,0.12345679012345678,0.0,0.0,0.004901960784313725
234,40,core_first,1,raw_distance,0.12345679012345678,1.0,1.0,1.0
234,40,core_first,1,raw_correlation,0.12345679012345678,0.6,0.5,1.0
234,40,core_first,1,mf_latent,0.12345679012345678,1.0,0.9,1.0
234,40,core_first,1,mf_impute,0.12345679012345678,1.0,1.0,1.0
234,40,core_first,2,random,0.0654320987654321,0.2,0.2,0.5
234,40,core_first,2,popular_group,0.0654320987654321,0.0,0.0,0.00510204081632653
234,40,core_first,2,raw_distance,0.0654320987654321,1.0,1.0,1.0
234,40,core_first,2,raw_correlation,0.0654320987654321,0.6,0.4,1.0
234,40,core_first,2,mf_latent,0.0654320987654321,1.0,0.7,1.0
234,40,core_first,2,mf_impute,0.0654320987654321,1.0,0.9,1.0
280,40,core_first,1,random,0.12345679012345678,0.0,0.1,0.125
280,40,core_first,1,popular_group,0.12345679012345678,0.0,0.0,0.004901960784313725
280,40,core_first,1,raw_distance,0.12345679012345678,0.4,0.3,1.0
280,40,core_first,1,raw_correlation,0.12345679012345678,0.4,0.2,1.0
280,40,core_first,1,mf_latent,0.12345679012345678,0.8,0.7,1.0
280,40,core_first,1,mf_impute,0.12345679012345678,0.8,0.7,1.0
280,40,core_first,2,random,0.043209876543209874,0.0,0.1,0.125
280,40,core_first,2,popular_group,0.043209876543209874,0.0,0.0,0.004098360655737705
280,40,core_first,2,raw_distance,0.043209876543209874,0.4,0.2,1.0
280,40,core_first,2,raw_correlation,0.043209876543209874,0.2,0.1,1.0
280,40,core_first,2,mf_latent,0.043209876543209874,0.8,0.6,1.0
280,40,core_first,2,mf_impute,0.043209876543209874,0.8,0.7,1.0
285,40,core_first,1,random,0.12345679012345678,0.2,0.1,0.2
285,40,core_first,1,popular_group,0.12345679012345678,0.0,0.0,0.004901960784313725
285,40,core_first,1,raw_distance,0.12345679012345678,1.0,1.0,1.0
285,40,core_first,1,raw_correlation,0.12345679012345678,1.0,1.0,1.0
285,40,core_first,1,mf_latent,0.12345679012345678,1.0,1.0,1.0
285,40,core_first,1,mf_impute,0.12345679012345678,1.0,1.0,1.0
285,40,core_first,2,random,0.043209876543209874,0.0,0.0,0.09090909090909091
285,40,core_first,2,popular_group,0.043209876543209874,0.0,0.0,0.004098360655737705
285,40,core_first,2,raw_distance,0.043209876543209874,1.0,1.0,1.0
285,40,core_first,2,raw_correlation,0.043209876543209874,1.0,0.9,1.0
285,40,core_first,2,mf_latent,0.043209876543209874,1.0,1.0,1.0
285,40,core_first,2,mf_impute,0.043209876543209874,1.0,1.0,1.0
292,40,core_first,1,random,0.12345679012345678,0.4,0.2,0.5
292,40,core_first,1,popular_group,0.12345679012345678,0.0,0.0,0.004901960784313725
292,40,core_first,1,raw_distance,0.12345679012345678,0.8,0.7,1.0
292,40,core_first,1,raw_correlation,0.12345679012345678,0.8,0.6,1.0
292,40,core_first,1,mf_latent,0.12345679012345678,1.0,1.0,1.0
292,40,core_first,1,mf_impute,0.12345679012345678,1.0,1.0,1.0
292,40,core_first,2,random,0.043209876543209874,0.0,0.0,0.0625
292,40,core_first,2,popular_group,0.043209876543209874,0.0,0.0,0.004098360655737705
292,40,core_first,2,raw_distance,0.043209876543209874,0.8,0.7,1.0
292,40,core_first,2,raw_correlation,0.043209876543209874,0.4,0.3,0.5
292,40,core_first,2,mf_latent,0.043209876543209874,1.0,0.9,1.0
292,40,core_first,2,mf_impute,0.043209876543209874,0.6,0.4,1.0
302,40,core_first,1,random,0.12345679012345678,0.0,0.0,0.05555555555555555
302,40,core_first,1,popular_group,0.12345679012345678,0.0,0.0,0.004901960784313725
302,40,core_first,1,raw_distance,0.12345679012345678,1.0,1.0,1.0
302,40,core_first,1,raw_correlation,0.12345679012345678,1.0,0.9,1.0
302,40,core_first,1,mf_latent,0.12345679012345678,1.0,1.0,1.0
302,40,core_first,1,mf_impute,0.12345679012345678,1.0,1.0,1.0
302,40,core_first,2,random,0.043209876543209874,0.0,0.0,0.04
302,40,core_first,2,popular_group,0.043209876543209874,0.0,0.0,0.004098360655737705
302,40,core_first,2,raw_distance,0.043209876543209874,1.0,0.9,1.0
302,40,core_first,2,raw_correlation,0.043209876543209874,1.0,0.8,1.0
302,40,core_first,2,mf_latent,0.043209876543209874,0.4,0.3,1.0
302,40,core_first,2,mf_impute,0.043209876543209874,0.4,0.5,0.5
308,40,core_first,1,random,0.12345679012345678,0.0,0.2,0.14285714285714285
308,40,core_first,1,popular_group,0.12345679012345678,0.0,0.0,0.004901960784313725
308,40,core_first,1,raw_distance,0.12345679012345678,1.0,0.9,1.0
308,40,core_first,1,raw_correlation,0.12345679012345678,1.0,0.8,1.0
308,40,core_first,1,mf_latent,0.12345679012345678,1.0,1.0,1.0
308,40,core_first,1,mf_impute,0.12345679012345678,1.0,1.0,1.0
308,40,core_first,2,random,0.013580246913580247,0.0,0.1,0.125
308,40,core_first,2,popular_group,0.013580246913580247,0.0,0.0,0.0036231884057971015
308,40,core_first,2,raw_distance,0.013580246913580247,0.0,0.0,0.06666666666666667
308,40,core_first,2,raw_correlation,0.013580246913580247,0.4,0.2,0.5
308,40,core_first,2,mf_latent,0.013580246913580247,0.0,0.0,0.07142857142857142
308,40,core_first,2,mf_impute,0.013580246913580247,0.0,0.0,0.03225806451612903
314,40,core_first,1,random,0.12345679012345678,0.0,0.0,0.07692307692307693
314,40,core_first,1,popular_group,0.12345679012345678,0.0,0.0,0.004901960784313725
314,40,core_first,1,raw_distance,0.12345679012345678,1.0,1.0,1.0
314,40,core_first,1,raw_correlation,0.12345679012345678,1.0,1.0,1.0
314,40,core_first,1,mf_latent,0.12345679012345678,1.0,1.0,1.0
314,40,core_first,1,mf_impute,0.12345679012345678,1.0,1.0,1.0
314,40,core_first,2,random,0.013580246913580247,0.0,0.0,0.007042253521126761
314,40,core_first,2,popular_group,0.013580246913580247,0.0,0.0,0.0036231884057971015
314,40,core_first,2,raw_distance,0.013580246913580247,0.0,0.0,0.05555555555555555
314,40,core_first,2,raw_correlation,0.013580246913580247,0.0,0.2,0.14285714285714285
314,40,core_first,2,mf_latent,0.013580246913580247,0.0,0.1,0.1
314,40,core_first,2,mf_impute,0.013580246913580247,0.0,0.0,0.06666666666666667
320,40,core_first,1,random,0.1,0.2,0.1,1.0
320,40,core_first,1,popular_group,0.1,0.0,0.0,0.0033333333333333335
320,40,core_first,1,raw_distance,0.1,0.4,0.2,1.0
320,40,core_first,1,raw_correlation,0.1,0.4,0.3,1.0
320,40,core_first,1,mf_latent,0.1,0.2,0.3,1.0
320,40,core_first,1,mf_impute,0.1,0.8,0.4,1.0
320,40,core_first,2,random,0.013580246913580247,0.0,0.0,0.013513513513513514
320,40,core_first,2,popular_group,0.013580246913580247,0.0,0.0,0.003424657534246575
320,40,core_first,2,raw_distance,0.013580246913580247,0.4,0.2,1.0
320,40,core_first,2,raw_correlation,0.013580246913580247,0.4,0.3,1.0
320,40,core_first,2,mf_latent,0.013580246913580247,0.2,0.3,1.0
320,40,core_first,2,mf_impute,0.013580246913580247,0.8,0.4,1.0
325,40,core_first,1,random,0.1,0.4,0.3,1.0
325,40,core_first,1,popular_group,0.1,0.0,0.0,0.0033333333333333335
325,40,core_first,1,raw_distance,0.1,0.6,0.7,1.0
325,40,core_first,1,raw_correlation,0.1,0.8,0.4,1.0
325,40,core_first,1,mf_latent,0.1,0.6,0.4,1.0
325,40,core_first,1,mf_impute,0.1,0.8,0.6,1.0
325,40,core_first,2,random,0.013580246913580247,0.2,0.1,1.0
325,40,core_first,2,popular_group,0.013580246913580247,0.0,0.0,0.003424657534246575
325,40,core_first,2,raw_distance,0.013580246913580247,0.6,0.7,1.0
325,40,core_first,2,raw_correlation,0.013580246913580247,0.8,0.4,1.0
325,40,core_first,2,mf_latent,0.013580246913580247,0.6,0.4,1.0
325,40,core_first,2,mf_impute,0.013580246913580247,0.8,0.6,1.0
336,40,core_first,1,random,0.1,0.0,0.1,0.1111111111111111
336,40,core_first,1,popular_group,0.1,0.0,0.0,0.0033333333333333335
336,40,core_first,1,raw_distance,0.1,0.2,0.3,0.2
336,40,core_first,1,raw_correlation,0.1,0.4,0.5,0.25
336,40,core_first,1,mf_latent,0.1,0.2,0.4,0.2
336,40,core_first,1,mf_impute,0.1,0.6,0.4,0.5
336,40,core_first,2,random,0.04814814814814815,0.0,0.0,0.03225806451612903
336,40,core_first,2,popular_group,0.04814814814814815,0.0,0.0,0.003246753246753247
336,40,core_first,2,raw_distance,0.04814814814814815,0.2,0.2,0.2
336,40,core_first,2,raw_correlation,0.04814814814814815,0.4,0.5,0.25
336,40,core_first,2,mf_latent,0.04814814814814815,0.2,0.4,0.2
336,40,core_first,2,mf_impute,0.04814814814814815,0.6,0.4,0.5
352,40,core_first,1,random,0.1,0.2,0.1,0.3333333333333333
352,40,core_first,1,popular_group,0.1,0.0,0.0,0.0033333333333333335
352,40,core_first,1,raw_distance,0.1,0.0,0.0,0.0625
352,40,core_first,1,raw_correlation,0.1,0.0,0.0,0.08333333333333333
352,40,core_first,1,mf_latent,0.1,0.0,0.0,0.05555555555555555
352,40,core_first,1,mf_impute,0.1,0.0,0.0,0.013513513513513514
352,40,core_first,2,random,0.04814814814814815,0.0,0.0,0.041666666666666664
352,40,core_first,2,popular_group,0.04814814814814815,0.0,0.0,0.003246753246753247
352,40,core_first,2,raw_distance,0.04814814814814815,0.0,0.0,0.0625
352,40,core_first,2,raw_correlation,0.04814814814814815,0.0,0.0,0.024390243902439025
352,40,core_first,2,mf_latent,0.04814814814814815,0.0,0.0,0.05555555555555555
352,40,core_first,2,mf_impute,0.04814814814814815,0.0,0.0,0.013513513513513514
357,40,core_first,1,random,0.1,0.2,0.3,1.0
357,40,core_first,1,popular_group,0.1,0.0,0.0,0.0033333333333333335
357,40,core_first,1,raw_distance,0.1,1.0,0.9,1.0
357,40,core_first,1,raw_correlation,0.1,0.8,0.7,1.0
357,40,core_first,1,mf_latent,0.1,0.8,0.9,1.0
357,40,core_first,1,mf_impute,0.1,0.6,0.6,1.0
357,40,core_first,2,random,0.04814814814814815,0.0,0.2,0.16666666666666666
357,40,core_first,2,popular_group,0.04814814814814815,0.0,0.0,0.003246753246753247
357,40,core_first,2,raw_distance,0.04814814814814815,1.0,0.7,1.0
357,40,core_first,2,raw_correlation,0.04814814814814815,0.8,0.7,1.0
357,40,core_first,2,mf_latent,0.04814814814814815,0.8,0.9,1.0
357,40,core_first,2,mf_impute,0.04814814814814815,0.6,0.6,1.0
359,40,core_first,1,random,0.1,0.2,0.2,1.0
359,40,core_first,1,popular_group,0.1,0.0,0.0,0.0033333333333333335
359,40,core_first,1,raw_distance,0.1,0.6,0.5,1.0
359,40,core_first,1,raw_correlation,0.1,0.0,0.1,0.14285714285714285
359,40,core_first,1,mf_latent,0.1,0.6,0.6,1.0
359,40,core_first,1,mf_impute,0.1,0.6,0.4,0.5
359,40,core_first,2,random,0.04814814814814815,0.2,0.1,1.0
359,40,core_first,2,popular_group,0.04814814814814815,0.0,0.0,0.003246753246753247
359,40,core_first,2,raw_distance,0.04814814814814815,0.0,0.0,0.043478260869565216
359,40,core_first,2,raw_correlation,0.04814814814814815,0.0,0.1,0.14285714285714285
359,40,core_first,2,mf_latent,0.04814814814814815,0.0,0.0,0.024390243902439025
359,40,core_first,2,mf_impute,0.04814814814814815,0.0,0.1,0.1111111111111111
372,40,core_first,1,random,0.1,0.0,0.1,0.125
372,40,core_first,1,popular_group,0.1,0.0,0.0,0.0033333333333333335
372,40,core_first,1,raw_distance,0.1,0.8,0.6,1.0
372,40,core_first,1,raw_correlation,0.1,1.0,0.8,1.0
372,40,core_first,1,mf_latent,0.1,1.0,0.8,1.0
372,40,core_first,1,mf_impute,0.1,0.6,0.8,1.0
372,40,core_first,2,random,0.04814814814814815,0.0,0.0,0.05555555555555555
372,40,core_first,2,popular_group,0.04814814814814815,0.0,0.0,0.003246753246753247
372,40,core_first,2,raw_distance,0.04814814814814815,0.8,0.6,1.0
372,40,core_first,2,raw_correlation,0.04814814814814815,1.0,0.8,1.0
372,40,core_first,2,mf_latent,0.04814814814814815,1.0,0.8,1.0
372,40,core_first,2,mf_impute,0.04814814814814815,0.6,0.8,1.0
373,40,core_first,1,random,0.1,0.0,0.0,0.05
373,40,core_first,1,popular_group,0.1,0.0,0.0,0.0033333333333333335
373,40,core_first,1,raw_distance,0.1,1.0,0.7,1.0
373,40,core_first,1,raw_correlation,0.1,1.0,0.8,1.0
373,40,core_first,1,mf_latent,0.1,1.0,0.8,1.0
373,40,core_first,1,mf_impute,0.1,1.0,1.0,1.0
373,40,core_first,2,random,0.04814814814814815,0.0,0.0,0.05
373,40,core_first,2,popular_group,0.04814814814814815,0.0,0.0,0.003246753246753247
373,40,core_first,2,raw_distance,0.04814814814814815,1.0,0.7,1.0
373,40,core_first,2,raw_correlation,0.04814814814814815,1.0,0.8,1.0
373,40,core_first,2,mf_latent,0.04814814814814815,1.0,0.8,1.0
373,40,core_first,2,mf_impute,0.04814814814814815,1.0,1.0,1.0
378,40,core_first,1,random,0.1,0.0,0.2,0.1111111111111111
378,40,core_first,1,popular_group,0.1,0.0,0.0,0.0033333333333333335
378,40,core_first,1,raw_distance,0.1,0.6,0.6,0.5
378,40,core_first,1,raw_correlation,0.1,0.6,0.3,1.0
378,40,core_first,1,mf_latent,0.1,0.4,0.5,0.5
378,40,core_first,1,mf_impute,0.1,0.6,0.5,0.5
378,40,core_first,2,random,0.012345679012345678,0.0,0.1,0.1111111111111111
378,40,core_first,2,popular_group,0.012345679012345678,0.0,0.0,0.0029411764705882353
378,40,core_first,2,raw_distance,0.012345679012345678,0.2,0.1,0.3333333333333333
378,40,core_first,2,raw_correlation,0.012345679012345678,0.2,0.1,0.5
378,40,core_first,2,mf_latent,0.012345679012345678,0.2,0.1,0.5
378,40,core_first,2,mf_impute,0.012345679012345678,0.2,0.1,0.5
381,40,core_first,1,random,0.1,0.0,0.0,0.07692307692307693
381,40,core_first,1,popular_group,0.1,0.0,0.0,0.0033333333333333335
381,40,core_first,1,raw_distance,0.1,0.6,0.5,1.0
381,40,core_first,1,raw_correlation,0.1,0.8,0.5,1.0
381,40,core_first,1,mf_latent,0.1,0.6,0.7,1.0
381,40,core_first,1,mf_impute,0.1,1.0,0.8,1.0
381,40,core_first,2,random,0.012345679012345678,0.0,0.0,0.011764705882352941
381,40,core_first,2,popular_group,0.012345679012345678,0.0,0.0,0.0029411764705882353
381,40,core_first,2,raw_distance,0.012345679012345678,0.4,0.2,1.0
381,40,core_first,2,raw_correlation,0.012345679012345678,0.6,0.3,1.0
381,40,core_first,2,mf_latent,0.012345679012345678,0.2,0.4,0.25
381,40,core_first,2,mf_impute,0.012345679012345678,0.8,0.4,0.5
389,40,core_first,1,random,0.1,0.0,0.2,0.125
389,40,core_first,1,popular_group,0.1,0.0,0.0,0.0033333333333333335
389,40,core_first,1,raw_distance,0.1,0.0,0.1,0.125
389,40,core_first,1,raw_correlation,0.1,0.4,0.2,1.0
389,40,core_first,1,mf_latent,0.1,0.6,0.5,1.0
389,40,core_first,1,mf_impute,0.1,0.0,0.1,0.1111111111111111
389,40,core_first,2,random,0.012345679012345678,0.0,0.1,0.1111111111111111
389,40,core_first,2,popular_group,0.012345679012345678,0.0,0.0,0.0029411764705882353
389,40,core_first,2,raw_distance,0.012345679012345678,0.0,0.1,0.125
389,40,core_first,2,raw_correlation,0.012345679012345678,0.4,0.2,1.0
389,40,core_first,2,mf_latent,0.012345679012345678,0.0,0.1,0.14285714285714285
389,40,core_first,2,mf_impute,0.012345679012345678,0.0,0.0,0.05
403,40,core_first,1,random,0.1,0.0,0.1,0.125
403,40,core_first,1,popular_group,0.1,0.0,0.0,0.0033333333333333335
403,40,core_first,1,raw_distance,0.1,0.2,0.1,1.0
403,40,core_first,1,raw_correlation,0.1,0.2,0.1,1.0
403,40,core_first,1,mf_latent,0.1,0.0,0.0,0.047619047619047616
403,40,core_first,1,mf_impute,0.1,0.0,0.0,0.01639344262295082
403,40,core_first,2,random,0.020987654320987655,0.0,0.0,0.004464285714285714
403,40,core_first,2,popular_group,0.020987654320987655,0.0,0.0,0.0028089887640449437
403,40,core_first,2,raw_distance,0.020987654320987655,0.2,0.1,1.0
403,40,core_first,2,raw_correlation,0.020987654320987655,0.2,0.1,1.0
403,40,core_first,2,mf_latent,0.020987654320987655,0.0,0.0,0.021739130434782608
403,40,core_first,2,mf_impute,0.020987654320987655,0.0,0.0,0.01639344262295082
408,40,core_first,1,random,0.1,0.2,0.1,0.25
408,40,core_first,1,popular_group,0.1,0.0,0.0,0.0033333333333333335
408,40,core_first,1,raw_distance,0.1,0.2,0.2,1.0
408,40,core_first,1,raw_correlation,0.1,0.6,0.3,1.0
408,40,core_first,1,mf_latent,0.1,0.4,0.5,1.0
408,40,core_first,1,mf_impute,0.1,0.4,0.5,0.5
408,40,core_first,2,random,0.003703703703703704,0.0,0.0,0.004366812227074236
408,40,core_first,2,popular_group,0.003703703703703704,0.0,0.0,0.002617801047120419
408,40,core_first,2,raw_distance,0.003703703703703704,0.2,0.1,1.0
408,40,core_first,2,raw_correlation,0.003703703703703704,0.4,0.2,1.0
408,40,core_first,2,mf_latent,0.003703703703703704,0.2,0.2,1.0
408,40,core_first,2,mf_impute,0.003703703703703704,0.0,0.1,0.125
413,40,core_first,1,random,0.1,0.0,0.1,0.1111111111111111
413,40,core_first,1,popular_group,0.1,0.0,0.0,0.0033333333333333335
413,40,core_first,1,raw_distance,0.1,0.2,0.1,1.0
413,40,core_first,1,raw_correlation,0.1,0.0,0.0,0.07692307692307693
413,40,core_first,1,mf_latent,0.1,0.0,0.1,0.16666666666666666
413,40,core_first,1,mf_impute,0.1,0.0,0.1,0.16666666666666666
413,40,core_first,2,random,0.0012345679012345679,0.0,0.0,0.0022271714922048997
413,40,core_first,2,popular_group,0.0012345679012345679,0.0,0.0,0.0026246719160104987
413,40,core_first,2,raw_distance,0.0012345679012345679,0.2,0.1,1.0
413,40,core_first,2,raw_correlation,0.0012345679012345679,0.0,0.0,0.010101010101010102
413,40,core_first,2,mf_latent,0.0012345679012345679,0.0,0.0,0.07692307692307693
413,40,core_first,2,mf_impute,0.0012345679012345679,0.0,0.0,0.0045045045045045045
415,40,core_first,1,random,0.10123456790123457,0.2,0.1,1.0
415,40,core_first,1,popular_group,0.10123456790123457,0.0,0.0,0.002631578947368421
415,40,core_first,1,raw_distance,0.10123456790123457,0.0,0.0,0.020833333333333332
415,40,core_first,1,raw_correlation,0.10123456790123457,0.0,0.0,0.047619047619047616
415,40,core_first,1,mf_latent,0.10123456790123457,0.2,0.2,0.2
415,40,core_first,1,mf_impute,0.10123456790123457,0.0,0.0,0.05555555555555555
415,40,core_first,2,random,0.0024691358024691358,0.0,0.0,0.0045662100456621
415,40,core_first,2,popular_group,0.0024691358024691358,0.0,0.0,0.002638522427440633
415,40,core_first,2,raw_distance,0.0024691358024691358,0.0,0.0,0.020833333333333332
415,40,core_first,2,raw_correlation,0.0024691358024691358,0.0,0.0,0.047619047619047616
415,40,core_first,2,mf_latent,0.0024691358024691358,0.2,0.2,0.2
415,40,core_first,2,mf_impute,0.0024691358024691358,0.0,0.0,0.05555555555555555
421,40,core_first,1,random,0.10123456790123457,0.2,0.2,1.0
421,40,core_first,1,popular_group,0.10123456790123457,0.0,0.0,0.002631578947368421
421,40,core_first,1,raw_distance,0.10123456790123457,0.0,0.0,0.02631578947368421
421,40,core_first,1,raw_correlation,0.10123456790123457,0.6,0.4,1.0
421,40,core_first,1,mf_latent,0.10123456790123457,0.8,0.6,1.0
421,40,core_first,1,mf_impute,0.10123456790123457,0.6,0.4,1.0
421,40,core_first,2,random,0.028395061728395062,0.0,0.0,0.030303030303030304
421,40,core_first,2,popular_group,0.028395061728395062,0.0,0.0,0.002688172043010753
421,40,core_first,2,raw_distance,0.028395061728395062,0.0,0.0,0.02631578947368421
421,40,core_first,2,raw_correlation,0.028395061728395062,0.6,0.4,1.0
421,40,core_first,2,mf_latent,0.028395061728395062,0.8,0.6,1.0
421,40,core_first,2,mf_impute,0.028395061728395062,0.6,0.4,1.0
424,40,core_first,1,random,0.10123456790123457,0.0,0.0,0.08333333333333333
424,40,core_first,1,popular_group,0.10123456790123457,0.0,0.0,0.002631578947368421
424,40,core_first,1,raw_distance,0.10123456790123457,0.8,0.8,0.5
424,40,core_first,1,raw_correlation,0.10123456790123457,1.0,1.0,1.0
424,40,core_first,1,mf_latent,0.10123456790123457,1.0,0.9,1.0
424,40,core_first,1,mf_impute,0.10123456790123457,0.8,0.7,1.0
424,40,core_first,2,random,0.028395061728395062,0.0,0.0,0.01639344262295082
424,40,core_first,2,popular_group,0.028395061728395062,0.0,0.0,0.002688172043010753
424,40,core_first,2,raw_distance,0.028395061728395062,0.4,0.3,0.3333333333333333
424,40,core_first,2,raw_correlation,0.028395061728395062,0.6,0.4,0.5
424,40,core_first,2,mf_latent,0.028395061728395062,0.2,0.3,0.2
424,40,core_first,2,mf_impute,0.028395061728395062,0.2,0.2,0.3333333333333333
430,40,core_first,1,random,0.10123456790123457,0.2,0.1,0.2
430,40,core_first,1,popular_group,0.10123456790123457,0.0,0.0,0.002631578947368421
430,40,core_first,1,raw_distance,0.10123456790123457,0.0,0.0,0.043478260869565216
430,40,core_first,1,raw_correlation,0.10123456790123457,0.4,0.3,1.0
430,40,core_first,1,mf_latent,0.10123456790123457,0.4,0.5,0.25
430,40,core_first,1,mf_impute,0.10123456790123457,0.0,0.0,0.047619047619047616
430,40,core_first,2,random,0.028395061728395062,0.0,0.0,0.038461538461538464
430,40,core_first,2,popular_group,0.028395061728395062,0.0,0.0,0.002688172043010753
430,40,core_first,2,raw_distance,0.028395061728395062,0.0,0.0,0.043478260869565216
430,40,core_first,2,raw_correlation,0.028395061728395062,0.4,0.3,1.0
430,40,core_first,2,mf_latent,0.028395061728395062,0.2,0.3,0.25
430,40,core_first,2,mf_impute,0.028395061728395062,0.0,0.0,0.03125
432,40,core_first,1,random,0.10123456790123457,0.2,0.2,0.5
432,40,core_first,1,popular_group,0.10123456790123457,0.0,0.0,0.002631578947368421
432,40,core_first,1,raw_distance,0.10123456790123457,0.6,0.3,1.0
432,40,core_first,1,raw_correlation,0.10123456790123457,1.0,0.9,1.0
432,40,core_first,1,mf_latent,0.10123456790123457,0.8,0.7,1.0
432,40,core_first,1,mf_impute,0.10123456790123457,0.8,0.6,1.0
432,40,core_first,2,random,0.028395061728395062,0.2,0.2,0.5
432,40,core_first,2,popular_group,0.028395061728395062,0.0,0.0,0.002688172043010753
432,40,core_first,2,raw_distance,0.028395061728395062,0.6,0.3,1.0
432,40,core_first,2,raw_correlation,0.028395061728395062,0.4,0.3,0.5
432,40,core_first,2,mf_latent,0.028395061728395062,0.4,0.2,1.0
432,40,core_first,2,mf_impute,0.028395061728395062,0.4,0.2,0.5
457,40,core_first,1,random,0.10123456790123457,0.0,0.1,0.1
457,40,core_first,1,popular_group,0.10123456790123457,0.0,0.0,0.002631578947368421
457,40,core_first,1,raw_distance,0.10123456790123457,0.4,0.2,1.0
457,40,core_first,1,raw_correlation,0.10123456790123457,0.6,0.5,1.0
457,40,core_first,1,mf_latent,0.10123456790123457,0.6,0.7,1.0
457,40,core_first,1,mf_impute,0.10123456790123457,0.8,0.7,1.0
457,40,core_first,2,random,0.019753086419753086,0.0,0.0,0.015873015873015872
457,40,core_first,2,popular_group,0.019753086419753086,0.0,0.0,0.0024752475247524753
457,40,core_first,2,raw_distance,0.019753086419753086,0.0,0.0,0.06666666666666667
457,40,core_first,2,raw_correlation,0.019753086419753086,0.2,0.1,0.3333333333333333
457,40,core_first,2,mf_latent,0.019753086419753086,0.2,0.2,0.3333333333333333
457,40,core_first,2,mf_impute,0.019753086419753086,0.0,0.2,0.16666666666666666
468,40,core_first,1,random,0.10123456790123457,0.2,0.2,0.3333333333333333
468,40,core_first,1,popular_group,0.10123456790123457,0.0,0.0,0.002631578947368421
468,40,core_first,1,raw_distance,0.10123456790123457,0.0,0.1,0.16666666666666666
468,40,core_first,1,raw_correlation,0.10123456790123457,0.2,0.1,0.2
468,40,core_first,1,mf_latent,0.10123456790123457,0.2,0.1,0.25
468,40,core_first,1,mf_impute,0.10123456790123457,0.0,0.1,0.125
468,40,core_first,2,random,0.044444444444444446,0.2,0.2,0.3333333333333333
468,40,core_first,2,popular_group,0.044444444444444446,0.0,0.0,0.002380952380952381
468,40,core_first,2,raw_distance,0.044444444444444446,0.0,0.1,0.16666666666666666
468,40,core_first,2,raw_correlation,0.044444444444444446,0.2,0.1,0.2
468,40,core_first,2,mf_latent,0.044444444444444446,0.2,0.1,0.25
468,40,core_first,2,mf_impute,0.044444444444444446,0.0,0.0,0.015151515151515152
473,40,core_first,1,random,0.10123456790123457,0.0,0.1,0.125
473,40,core_first,1,popular_group,0.10123456790123457,0.0,0.0,0.002631578947368421
473,40,core_first,1,raw_distance,0.10123456790123457,0.0,0.0,0.058823529411764705
473,40,core_first,1,raw_correlation,0.10123456790123457,0.0,0.0,0.05555555555555555
473,40,core_first,1,mf_latent,0.10123456790123457,0.0,0.1,0.125
473,40,core_first,1,mf_impute,0.10123456790123457,0.0,0.0,0.016666666666666666
473,40,core_first,2,random,0.044444444444444446,0.0,0.0,0.043478260869565216
473,40,core_first,2,popular_group,0.044444444444444446,0.0,0.0,0.002380952380952381
473,40,core_first,2,raw_distance,0.044444444444444446,0.0,0.0,0.05555555555555555
473,40,core_first,2,raw_correlation,0.044444444444444446,0.0,0.0,0.05555555555555555
473,40,core_first,2,mf_latent,0.044444444444444446,0.0,0.1,0.125
473,40,core_first,2,mf_impute,0.044444444444444446,0.0,0.0,0.016666666666666666
501,40,core_first,1,random,0.10123456790123457,0.0,0.1,0.1111111111111111
501,40,core_first,1,popular_group,0.10123456790123457,0.0,0.0,0.002631578947368421
501,40,core_first,1,raw_distance,0.10123456790123457,0.0,0.3,0.125
501,40,core_first,1,raw_correlation,0.10123456790123457,0.4,0.2,0.5
501,40,core_first,1,mf_latent,0.10123456790123457,1.0,0.8,1.0
501,40,core_first,1,mf_impute,0.10123456790123457,1.0,0.7,1.0
501,40,core_first,2,random,0.003703703703703704,0.0,0.0,0.011111111111111112
501,40,core_first,2,popular_group,0.003703703703703704,0.0,0.0,0.002178649237472767
501,40,core_first,2,raw_distance,0.003703703703703704,0.0,0.1,0.1111111111111111
501,40,core_first,2,raw_correlation,0.003703703703703704,0.0,0.0,0.07692307692307693
501,40,core_first,2,mf_latent,0.003703703703703704,0.2,0.1,1.0
501,40,core_first,2,mf_impute,0.003703703703703704,0.2,0.1,0.3333333333333333
532,40,core_first,1,random,0.12098765432098765,0.2,0.1,1.0
532,40,core_first,1,popular_group,0.12098765432098765,0.0,0.0,0.002173913043478261
532,40,core_first,1,raw_distance,0.12098765432098765,0.6,0.4,1.0
532,40,core_first,1,raw_correlation,0.12098765432098765,0.4,0.3,1.0
532,40,core_first,1,mf_latent,0.12098765432098765,0.4,0.4,1.0
532,40,core_first,1,mf_impute,0.12098765432098765,1.0,0.8,1.0
532,40,core_first,2,random,0.018518518518518517,0.0,0.0,0.03571428571428571
532,40,core_first,2,popular_group,0.018518518518518517,0.0,0.0,0.002136752136752137
532,40,core_first,2,raw_distance,0.018518518518518517,0.6,0.4,1.0
532,40,core_first,2,raw_correlation,0.018518518518518517,0.4,0.3,1.0
532,40,core_first,2,mf_latent,0.018518518518518517,0.4,0.4,1.0
532,40,core_first,2,mf_impute,0.018518518518518517,0.8,0.5,1.0
536,40,core_first,1,random,0.12098765432098765,0.0,0.0,0.05555555555555555
536,40,core_first,1,popular_group,0.12098765432098765,0.0,0.0,0.002173913043478261
536,40,core_first,1,raw_distance,0.12098765432098765,0.8,0.8,1.0
536,40,core_first,1,raw_correlation,0.12098765432098765,0.8,0.9,1.0
536,40,core_first,1,mf_latent,0.12098765432098765,1.0,0.8,1.0
536,40,core_first,1,mf_impute,0.12098765432098765,1.0,1.0,1.0
536,40,core_first,2,random,0.018518518518518517,0.0,0.0,0.03225806451612903
536,40,core_first,2,popular_group,0.018518518518518517,0.0,0.0,0.002136752136752137
536,40,core_first,2,raw_distance,0.018518518518518517,0.8,0.7,1.0
536,40,core_first,2,raw_correlation,0.018518518518518517,0.8,0.7,1.0
536,40,core_first,2,mf_latent,0.018518518518518517,1.0,0.7,1.0
536,40,core_first,2,mf_impute,0.018518518518518517,0.8,0.7,1.0
538,40,core_first,1,random,0.12098765432098765,0.0,0.3,0.125
538,40,core_first,1,popular_group,0.12098765432098765,0.0,0.0,0.002173913043478261
538,40,core_first,1,raw_distance,0.12098765432098765,1.0,0.6,1.0
538,40,core_first,1,raw_correlation,0.12098765432098765,1.0,0.7,1.0
538,40,core_first,1,mf_latent,0.12098765432098765,1.0,1.0,1.0
538,40,core_first,1,mf_impute,0.12098765432098765,1.0,0.7,1.0
538,40,core_first,2,random,0.018518518518518517,0.0,0.1,0.125
538,40,core_first,2,popular_group,0.018518518518518517,0.0,0.0,0.002136752136752137
538,40,core_first,2,raw_distance,0.018518518518518517,1.0,0.6,1.0
538,40,core_first,2,raw_correlation,0.018518518518518517,0.8,0.4,1.0
538,40,core_first,2,mf_latent,0.018518518518518517,1.0,0.8,1.0
538,40,core_first,2,mf_impute,0.018518518518518517,0.6,0.4,0.5
563,40,core_first,1,random,0.12098765432098765,0.0,0.2,0.125
563,40,core_first,1,popular_group,0.12098765432098765,0.0,0.0,0.002173913043478261
563,40,core_first,1,raw_distance,0.12098765432098765,0.8,0.8,1.0
563,40,core_first,1,raw_correlation,0.12098765432098765,0.8,0.7,1.0
563,40,core_first,1,mf_latent,0.12098765432098765,0.8,0.8,1.0
563,40,core_first,1,mf_impute,0.12098765432098765,0.2,0.1,1.0
563,40,core_first,2,random,0.03827160493827161,0.0,0.0,0.05263157894736842
563,40,core_first,2,popular_group,0.03827160493827161,0.0,0.0,0.002066115702479339
563,40,core_first,2,raw_distance,0.03827160493827161,0.6,0.5,1.0
563,40,core_first,2,raw_correlation,0.03827160493827161,0.8,0.6,1.0
563,40,core_first,2,mf_latent,0.03827160493827161,0.8,0.6,1.0
563,40,core_first,2,mf_impute,0.03827160493827161,0.2,0.1,1.0
570,40,core_first,1,random,0.12098765432098765,0.0,0.0,0.07142857142857142
570,40,core_first,1,popular_group,0.12098765432098765,0.0,0.0,0.002173913043478261
570,40,core_first,1,raw_distance,0.12098765432098765,1.0,0.9,1.0
570,40,core_first,1,raw_correlation,0.12098765432098765,0.6,0.8,0.5
570,40,core_first,1,mf_latent,0.12098765432098765,1.0,1.0,1.0
570,40,core_first,1,mf_impute,0.12098765432098765,1.0,0.6,1.0
570,40,core_first,2,random,0.03827160493827161,0.0,0.0,0.023255813953488372
570,40,core_first,2,popular_group,0.03827160493827161,0.0,0.0,0.002066115702479339
570,40,core_first,2,raw_distance,0.03827160493827161,0.6,0.4,1.0
570,40,core_first,2,raw_correlation,0.03827160493827161,0.2,0.5,0.5
570,40,core_first,2,mf_latent,0.03827160493827161,0.8,0.6,1.0
570,40,core_first,2,mf_impute,0.03827160493827161,0.4,0.3,0.3333333333333333
582,40,core_first,1,random,0.12098765432098765,0.0,0.1,0.125
582,40,core_first,1,popular_group,0.12098765432098765,0.0,0.0,0.002173913043478261
582,40,core_first,1,raw_distance,0.12098765432098765,0.8,0.6,1.0
582,40,core_first,1,raw_correlation,0.12098765432098765,1.0,1.0,1.0
582,40,core_first,1,mf_latent,0.12098765432098765,1.0,0.8,1.0
582,40,core_first,1,mf_impute,0.12098765432098765,1.0,0.8,1.0
582,40,core_first,2,random,0.037037037037037035,0.0,0.1,0.125
582,40,core_first,2,popular_group,0.037037037037037035,0.0,0.0,0.001937984496124031
582,40,core_first,2,raw_distance,0.037037037037037035,0.2,0.1,1.0
582,40,core_first,2,raw_correlation,0.037037037037037035,0.4,0.4,1.0
582,40,core_first,2,mf_latent,0.037037037037037035,0.4,0.3,0.5
582,40,core_first,2,mf_impute,0.037037037037037035,0.2,0.1,1.0
591,40,core_first,1,random,0.12098765432098765,0.0,0.0,0.058823529411764705
591,40,core_first,1,popular_group,0.12098765432098765,0.0,0.0,0.002173913043478261
591,40,core_first,1,raw_distance,0.12098765432098765,0.6,0.5,1.0
591,40,core_first,1,raw_correlation,0.12098765432098765,0.6,0.8,1.0
591,40,core_first,1,mf_latent,0.12098765432098765,0.6,0.5,0.5
591,40,core_first,1,mf_impute,0.12098765432098765,0.6,0.6,1.0
591,40,core_first,2,random,0.037037037037037035,0.0,0.0,0.047619047619047616
591,40,core_first,2,popular_group,0.037037037037037035,0.0,0.0,0.001937984496124031
591,40,core_first,2,raw_distance,0.037037037037037035,0.6,0.3,1.0
591,40,core_first,2,raw_correlation,0.037037037037037035,0.4,0.4,0.3333333333333333
591,40,core_first,2,mf_latent,0.037037037037037035,0.4,0.3,0.5
591,40,core_first,2,mf_impute,0.037037037037037035,0.2,0.3,0.2
594,40,core_first,1,random,0.12098765432098765,0.0,0.0,0.05263157894736842
594,40,core_first,1,popular_group,0.12098765432098765,0.0,0.0,0.002173913043478261
594,40,core_first,1,raw_distance,0.12098765432098765,0.4,0.4,1.0
594,40,core_first,1,raw_correlation,0.12098765432098765,0.8,0.4,1.0
594,40,core_first,1,mf_latent,0.12098765432098765,0.4,0.4,1.0
594,40,core_first,1,mf_impute,0.12098765432098765,0.6,0.4,1.0
594,40,core_first,2,random,0.037037037037037035,0.0,0.0,0.013333333333333334
594,40,core_first,2,popular_group,0.037037037037037035,0.0,0.0,0.001937984496124031
594,40,core_first,2,raw_distance,0.037037037037037035,0.2,0.2,1.0
594,40,core_first,2,raw_correlation,0.037037037037037035,0.4,0.2,0.5
594,40,core_first,2,mf_latent,0.037037037037037035,0.4,0.2,1.0
594,40,core_first,2,mf_impute,0.037037037037037035,0.4,0.2,0.3333333333333333
596,40,core_first,1,random,0.12098765432098765,0.0,0.2,0.16666666666666666
596,40,core_first,1,popular_group,0.12098765432098765,0.0,0.0,0.002173913043478261
596,40,core_first,1,raw_distance,0.12098765432098765,0.4,0.7,0.5
596,40,core_first,1,raw_correlation,0.12098765432098765,0.8,0.9,1.0
596,40,core_first,1,mf_latent,0.12098765432098765,0.4,0.7,0.25
596,40,core_first,1,mf_impute,0.12098765432098765,0.0,0.0,0.09090909090909091
596,40,core_first,2,random,0.037037037037037035,0.0,0.1,0.16666666666666666
596,40,core_first,2,popular_group,0.037037037037037035,0.0,0.0,0.001937984496124031
596,40,core_first,2,raw_distance,0.037037037037037035,0.0,0.0,0.07692307692307693
596,40,core_first,2,raw_correlation,0.037037037037037035,0.2,0.2,1.0
596,40,core_first,2,mf_latent,0.037037037037037035,0.4,0.3,0.25
596,40,core_first,2,mf_impute,0.037037037037037035,0.0,0.0,0.012195121951219513
597,40,core_first,1,random,0.12098765432098765,0.0,0.2,0.14285714285714285
597,40,core_first,1,popular_group,0.12098765432098765,0.0,0.0,0.002173913043478261
597,40,core_first,1,raw_distance,0.12098765432098765,0.6,0.7,1.0
597,40,core_first,1,raw_correlation,0.12098765432098765,0.8,0.8,1.0
597,40,core_first,1,mf_latent,0.12098765432098765,0.8,0.8,1.0
597,40,core_first,1,mf_impute,0.12098765432098765,0.4,0.7,0.25
597,40,core_first,2,random,0.037037037037037035,0.0,0.1,0.14285714285714285
597,40,core_first,2,popular_group,0.037037037037037035,0.0,0.0,0.001937984496124031
597,40,core_first,2,raw_distance,0.037037037037037035,0.6,0.7,1.0
597,40,core_first,2,raw_correlation,0.037037037037037035,0.8,0.8,1.0
597,40,core_first,2,mf_latent,0.037037037037037035,0.8,0.8,1.0
597,40,core_first,2,mf_impute,0.037037037037037035,0.4,0.7,0.25
605,40,core_first,1,random,0.12098765432098765,0.2,0.3,0.3333333333333333
605,40,core_first,1,popular_group,0.12098765432098765,0.0,0.0,0.002173913043478261
605,40,core_first,1,raw_distance,0.12098765432098765,0.2,0.1,0.3333333333333333
605,40,core_first,1,raw_correlation,0.12098765432098765,0.6,0.7,1.0
605,40,core_first,1,mf_latent,0.12098765432098765,0.8,0.7,0.5
605,40,core_first,1,mf_impute,0.12098765432098765,0.2,0.4,0.2
605,40,core_first,2,random,0.037037037037037035,0.2,0.3,0.3333333333333333
605,40,core_first,2,popular_group,0.037037037037037035,0.0,0.0,0.001937984496124031
605,40,core_first,2,raw_distance,0.037037037037037035,0.0,0.0,0.029411764705882353
605,40,core_first,2,raw_correlation,0.037037037037037035,0.2,0.2,0.3333333333333333
605,40,core_first,2,mf_latent,0.037037037037037035,0.2,0.3,0.2
605,40,core_first,2,mf_impute,0.037037037037037035,0.0,0.1,0.1
607,40,core_first,1,random,0.12098765432098765,0.0,0.1,0.125
607,40,core_first,1,popular_group,0.12098765432098765,0.0,0.0,0.002173913043478261
607,40,core_first,1,raw_distance,0.12098765432098765,0.2,0.4,0.2
607,40,core_first,1,raw_correlation,0.12098765432098765,0.6,0.5,1.0
607,40,core_first,1,mf_latent,0.12098765432098765,0.4,0.3,0.5
607,40,core_first,1,mf_impute,0.12098765432098765,0.6,0.4,1.0
607,40,core_first,2,random,0.037037037037037035,0.0,0.0,0.008695652173913044
607,40,core_first,2,popular_group,0.037037037037037035,0.0,0.0,0.001937984496124031
607,40,core_first,2,raw_distance,0.037037037037037035,0.0,0.2,0.1111111111111111
607,40,core_first,2,raw_correlation,0.037037037037037035,0.4,0.3,1.0
607,40,core_first,2,mf_latent,0.037037037037037035,0.0,0.1,0.125
607,40,core_first,2,mf_impute,0.037037037037037035,0.0,0.1,0.125
627,40,core_first,1,random,0.15185185185185185,0.0,0.0,0.06666666666666667
627,40,core_first,1,popular_group,0.15185185185185185,1.0,1.0,1.0
627,40,core_first,1,raw_distance,0.15185185185185185,0.8,0.5,1.0
627,40,core_first,1,raw_correlation,0.15185185185185185,0.6,0.5,1.0
627,40,core_first,1,mf_latent,0.15185185185185185,1.0,0.7,1.0
627,40,core_first,1,mf_impute,0.15185185185185185,1.0,0.6,1.0
627,40,core_first,2,random,0.08271604938271605,0.0,0.0,0.058823529411764705
627,40,core_first,2,popular_group,0.08271604938271605,1.0,1.0,1.0
627,40,core_first,2,raw_distance,0.08271604938271605,0.8,0.5,1.0
627,40,core_first,2,raw_correlation,0.08271604938271605,0.6,0.5,1.0
627,40,core_first,2,mf_latent,0.08271604938271605,0.8,0.6,1.0
627,40,core_first,2,mf_impute,0.08271604938271605,1.0,0.6,1.0
628,40,core_first,1,random,0.15185185185185185,0.4,0.2,0.3333333333333333
628,40,core_first,1,popular_group,0.15185185185185185,1.0,1.0,1.0
628,40,core_first,1,raw_distance,0.15185185185185185,1.0,0.6,1.0
628,40,core_first,1,raw_correlation,0.15185185185185185,0.8,0.7,1.0
628,40,core_first,1,mf_latent,0.15185185185185185,0.2,0.1,0.3333333333333333
628,40,core_first,1,mf_impute,0.15185185185185185,0.2,0.3,0.3333333333333333
628,40,core_first,2,random,0.08271604938271605,0.0,0.0,0.047619047619047616
628,40,core_first,2,popular_group,0.08271604938271605,1.0,1.0,1.0
628,40,core_first,2,raw_distance,0.08271604938271605,1.0,0.6,1.0
628,40,core_first,2,raw_correlation,0.08271604938271605,0.8,0.7,1.0
628,40,core_first,2,mf_latent,0.08271604938271605,0.2,0.1,0.3333333333333333
628,40,core_first,2,mf_impute,0.08271604938271605,0.2,0.3,0.3333333333333333
645,40,core_first,1,random,0.15185185185185185,0.2,0.2,0.25
645,40,core_first,1,popular_group,0.15185185185185185,1.0,1.0,1.0
645,40,core_first,1,raw_distance,0.15185185185185185,0.6,0.6,0.5
645,40,core_first,1,raw_correlation,0.15185185185185185,0.4,0.5,1.0
645,40,core_first,1,mf_latent,0.15185185185185185,0.8,0.6,0.5
645,40,core_first,1,mf_impute,0.15185185185185185,0.6,0.7,1.0
645,40,core_first,2,random,0.08271604938271605,0.0,0.0,0.0625
645,40,core_first,2,popular_group,0.08271604938271605,1.0,1.0,1.0
645,40,core_first,2,raw_distance,0.08271604938271605,0.6,0.6,0.5
645,40,core_first,2,raw_correlation,0.08271604938271605,0.4,0.5,1.0
645,40,core_first,2,mf_latent,0.08271604938271605,0.6,0.5,0.3333333333333333
645,40,core_first,2,mf_impute,0.08271604938271605,0.4,0.6,0.5
649,40,core_first,1,random,0.15185185185185185,0.0,0.1,0.125
649,40,core_first,1,popular_group,0.15185185185185185,1.0,1.0,1.0
649,40,core_first,1,raw_distance,0.15185185185185185,1.0,0.9,1.0
649,40,core_first,1,raw_correlation,0.15185185185185185,0.8,0.9,1.0
649,40,core_first,1,mf_latent,0.15185185185185185,1.0,1.0,1.0
649,40,core_first,1,mf_impute,0.15185185185185185,0.8,0.9,1.0
649,40,core_first,2,random,0.08271604938271605,0.0,0.0,0.07692307692307693
649,40,core_first,2,popular_group,0.08271604938271605,1.0,1.0,1.0
649,40,core_first,2,raw_distance,0.08271604938271605,1.0,0.9,1.0
649,40,core_first,2,raw_correlation,0.08271604938271605,0.8,0.9,1.0
649,40,core_first,2,mf_latent,0.08271604938271605,1.0,0.9,1.0
649,40,core_first,2,mf_impute,0.08271604938271605,0.8,0.8,1.0
652,40,core_first,1,random,0.15185185185185185,0.4,0.2,0.5
652,40,core_first,1,popular_group,0.15185185185185185,1.0,1.0,1.0
652,40,core_first,1,raw_distance,0.15185185185185185,0.8,0.8,1.0
652,40,core_first,1,raw_correlation,0.15185185185185185,0.8,0.8,1.0
652,40,core_first,1,mf_latent,0.15185185185185185,0.8,0.9,1.0
652,40,core_first,1,mf_impute,0.15185185185185185,1.0,0.9,1.0
652,40,core_first,2,random,0.08271604938271605,0.0,0.0,0.05
652,40,core_first,2,popular_group,0.08271604938271605,1.0,1.0,1.0
652,40,core_first,2,raw_distance,0.08271604938271605,0.8,0.8,1.0
652,40,core_first,2,raw_correlation,0.08271604938271605,0.8,0.8,1.0
652,40,core_first,2,mf_latent,0.08271604938271605,0.8,0.8,1.0
652,40,core_first,2,mf_impute,0.08271604938271605,0.8,0.8,1.0
654,40,core_first,1,random,0.15185185185185185,0.2,0.1,1.0
654,40,core_first,1,popular_group,0.15185185185185185,1.0,1.0,1.0
654,40,core_first,1,raw_distance,0.15185185185185185,1.0,0.8,1.0
654,40,core_first,1,raw_correlation,0.15185185185185185,0.8,0.7,1.0
654,40,core_first,1,mf_latent,0.15185185185185185,1.0,1.0,1.0
654,40,core_first,1,mf_impute,0.15185185185185185,1.0,0.9,1.0
654,40,core_first,2,random,0.08271604938271605,0.0,0.0,0.04
654,40,core_first,2,popular_group,0.08271604938271605,1.0,1.0,1.0
654,40,core_first,2,raw_distance,0.08271604938271605,1.0,0.8,1.0
654,40,core_first,2,raw_correlation,0.08271604938271605,0.8,0.6,1.0
654,40,core_first,2,mf_latent,0.08271604938271605,1.0,0.9,1.0
654,40,core_first,2,mf_impute,0.08271604938271605,0.8,0.8,1.0
669,40,core_first,1,random,0.15185185185185185,0.0,0.0,0.047619047619047616
669,40,core_first,1,popular_group,0.15185185185185185,1.0,1.0,1.0
669,40,core_first,1,raw_distance,0.15185185185185185,1.0,1.0,1.0
669,40,core_first,1,raw_correlation,0.15185185185185185,1.0,1.0,1.0
669,40,core_first,1,mf_latent,0.15185185185185185,1.0,1.0,1.0
669,40,core_first,1,mf_impute,0.15185185185185185,1.0,1.0,1.0
669,40,core_first,2,random,0.08271604938271605,0.0,0.0,0.047619047619047616
669,40,core_first,2,popular_group,0.08271604938271605,1.0,1.0,1.0
669,40,core_first,2,raw_distance,0.08271604938271605,1.0,1.0,1.0
669,40,core_first,2,raw_correlation,0.08271604938271605,1.0,1.0,1.0
669,40,core_first,2,mf_latent,0.08271604938271605,1.0,1.0,1.0
669,40,core_first,2,mf_impute,0.08271604938271605,1.0,1.0,1.0
689,40,core_first,1,random,0.15185185185185185,0.4,0.4,1.0
689,40,core_first,1,popular_group,0.15185185185185185,1.0,1.0,1.0
689,40,core_first,1,raw_distance,0.15185185185185185,0.6,0.4,1.0
689,40,core_first,1,raw_correlation,0.15185185185185185,0.6,0.7,1.0
689,40,core_first,1,mf_latent,0.15185185185185185,0.0,0.2,0.16666666666666666
689,40,core_first,1,mf_impute,0.15185185185185185,0.0,0.5,0.16666666666666666
689,40,core_first,2,random,0.08271604938271605,0.0,0.1,0.1111111111111111
689,40,core_first,2,popular_group,0.08271604938271605,1.0,1.0,1.0
689,40,core_first,2,raw_distance,0.08271604938271605,0.6,0.3,1.0
689,40,core_first,2,raw_correlation,0.08271604938271605,0.0,0.0,0.05263157894736842
689,40,core_first,2,mf_latent,0.08271604938271605,0.0,0.1,0.125
689,40,core_first,2,mf_impute,0.08271604938271605,0.0,0.5,0.16666666666666666
690,40,core_first,1,random,0.15185185185185185,0.2,0.1,0.25
690,40,core_first,1,popular_group,0.15185185185185185,1.0,1.0,1.0
690,40,core_first,1,raw_distance,0.15185185185185185,1.0,0.7,1.0
690,40,core_first,1,raw_correlation,0.15185185185185185,0.8,0.8,1.0
690,40,core_first,1,mf_latent,0.15185185185185185,1.0,0.9,1.0
690,40,core_first,1,mf_impute,0.15185185185185185,0.8,0.8,0.5
690,40,core_first,2,random,0.08271604938271605,0.2,0.1,0.25
690,40,core_first,2,popular_group,0.08271604938271605,1.0,1.0,1.0
690,40,core_first,2,raw_distance,0.08271604938271605,1.0,0.7,1.0
690,40,core_first,2,raw_correlation,0.08271604938271605,0.6,0.6,1.0
690,40,core_first,2,mf_latent,0.08271604938271605,1.0,0.9,1.0
690,40,core_first,2,mf_impute,0.08271604938271605,0.8,0.8,0.5
696,40,core_first,1,random,0.15185185185185185,0.4,0.2,0.3333333333333333
696,40,core_first,1,popular_group,0.15185185185185185,1.0,1.0,1.0
696,40,core_first,1,raw_distance,0.15185185185185185,0.6,0.5,1.0
696,40,core_first,1,raw_correlation,0.15185185185185185,1.0,0.8,1.0
696,40,core_first,1,mf_latent,0.15185185185185185,1.0,1.0,1.0
696,40,core_first,1,mf_impute,0.15185185185185185,1.0,1.0,1.0
696,40,core_first,2,random,0.08271604938271605,0.2,0.1,0.25
696,40,core_first,2,popular_group,0.08271604938271605,1.0,1.0,1.0
696,40,core_first,2,raw_distance,0.08271604938271605,0.6,0.5,1.0
696,40,core_first,2,raw_correlation,0.08271604938271605,1.0,0.8,1.0
696,40,core_first,2,mf_latent,0.08271604938271605,1.0,1.0,1.0
696,40,core_first,2,mf_impute,0.08271604938271605,0.8,0.8,1.0
700,40,core_first,1,random,0.15185185185185185,0.0,0.2,0.14285714285714285
700,40,core_first,1,popular_group,0.15185185185185185,1.0,1.0,1.0
700,40,core_first,1,raw_distance,0.15185185185185185,1.0,1.0,1.0
700,40,core_first,1,raw_correlation,0.15185185185185185,0.8,0.9,1.0
700,40,core_first,1,mf_latent,0.15185185185185185,1.0,0.9,1.0
700,40,core_first,1,mf_impute,0.15185185185185185,1.0,1.0,1.0
700,40,core_first,2,random,0.030864197530864196,0.0,0.1,0.1111111111111111
700,40,core_first,2,popular_group,0.030864197530864196,0.0,0.0,0.0015873015873015873
700,40,core_first,2,raw_distance,0.030864197530864196,0.4,0.3,1.0
700,40,core_first,2,raw_correlation,0.030864197530864196,0.4,0.5,0.5
700,40,core_first,2,mf_latent,0.030864197530864196,0.6,0.7,1.0
700,40,core_first,2,mf_impute,0.030864197530864196,0.8,0.8,1.0
701,40,core_first,1,random,0.15185185185185185,0.2,0.3,0.5
701,40,core_first,1,popular_group,0.15185185185185185,1.0,1.0,1.0
701,40,core_first,1,raw_distance,0.15185185185185185,1.0,1.0,1.0
701,40,core_first,1,raw_correlation,0.15185185185185185,1.0,0.9,1.0
701,40,core_first,1,mf_latent,0.15185185185185185,1.0,0.7,1.0
701,40,core_first,1,mf_impute,0.15185185185185185,1.0,1.0,1.0
701,40,core_first,2,random,0.030864197530864196,0.0,0.1,0.16666666666666666
701,40,core_first,2,popular_group,0.030864197530864196,0.0,0.0,0.0015873015873015873
701,40,core_first,2,raw_distance,0.030864197530864196,0.8,0.5,1.0
701,40,core_first,2,raw_correlation,0.030864197530864196,0.6,0.6,0.5
701,40,core_first,2,mf_latent,0.030864197530864196,0.6,0.4,1.0
701,40,core_first,2,mf_impute,0.030864197530864196,0.8,0.6,0.5
726,40,core_first,1,random,0.15185185185185185,0.2,0.3,0.2
726,40,core_first,1,popular_group,0.15185185185185185,1.0,1.0,1.0
726,40,core_first,1,raw_distance,0.15185185185185185,0.4,0.4,1.0
726,40,core_first,1,raw_correlation,0.15185185185185185,0.2,0.1,0.25
726,40,core_first,1,mf_latent,0.15185185185185185,0.0,0.0,0.09090909090909091
726,40,core_first,1,mf_impute,0.15185185185185185,0.2,0.1,1.0
726,40,core_first,2,random,0.014814814814814815,0.0,0.0,0.034482758620689655
726,40,core_first,2,popular_group,0.014814814814814815,0.0,0.0,0.0015600624024961
726,40,core_first,2,raw_distance,0.014814814814814815,0.2,0.2,0.5
726,40,core_first,2,raw_correlation,0.014814814814814815,0.2,0.1,0.25
726,40,core_first,2,mf_latent,0.014814814814814815,0.0,0.0,0.09090909090909091
726,40,core_first,2,mf_impute,0.014814814814814815,0.2,0.1,1.0
744,40,core_first,1,random,0.15185185185185185,0.4,0.2,1.0
744,40,core_first,1,popular_group,0.15185185185185185,1.0,1.0,1.0
744,40,core_first,1,raw_distance,0.15185185185185185,1.0,0.7,1.0
744,40,core_first,1,raw_correlation,0.15185185185185185,1.0,0.7,1.0
744,40,core_first,1,mf_latent,0.15185185185185185,1.0,0.8,1.0
744,40,core_first,1,mf_impute,0.15185185185185185,1.0,1.0,1.0
744,40,core_first,2,random,0.014814814814814815,0.0,0.0,0.05263157894736842
744,40,core_first,2,popular_group,0.014814814814814815,0.0,0.0,0.0015220700152207
744,40,core_first,2,raw_distance,0.014814814814814815,0.4,0.2,1.0
744,40,core_first,2,raw_correlation,0.014814814814814815,0.2,0.2,1.0
744,40,core_first,2,mf_latent,0.014814814814814815,0.2,0.3,1.0
744,40,core_first,2,mf_impute,0.014814814814814815,0.2,0.2,0.25
749,40,core_first,1,random,0.15185185185185185,0.4,0.2,0.5
749,40,core_first,1,popular_group,0.15185185185185185,1.0,1.0,1.0
749,40,core_first,1,raw_distance,0.15185185185185185,0.8,0.5,1.0
749,40,core_first,1,raw_correlation,0.15185185185185185,0.2,0.4,1.0
749,40,core_first,1,mf_latent,0.15185185185185185,0.6,0.4,1.0
749,40,core_first,1,mf_impute,0.15185185185185185,0.8,0.8,1.0
749,40,core_first,2,random,0.014814814814814815,0.2,0.1,0.2
749,40,core_first,2,popular_group,0.014814814814814815,0.0,0.0,0.0015220700152207
749,40,core_first,2,raw_distance,0.014814814814814815,0.0,0.0,0.009259259259259259
749,40,core_first,2,raw_correlation,0.014814814814814815,0.0,0.0,0.006802721088435374
749,40,core_first,2,mf_latent,0.014814814814814815,0.0,0.0,0.09090909090909091
749,40,core_first,2,mf_impute,0.014814814814814815,0.0,0.0,0.027777777777777776
750,40,core_first,1,random,0.15185185185185185,0.0,0.2,0.14285714285714285
750,40,core_first,1,popular_group,0.15185185185185185,1.0,1.0,1.0
750,40,core_first,1,raw_distance,0.15185185185185185,0.6,0.5,1.0
750,40,core_first,1,raw_correlation,0.15185185185185185,1.0,0.8,1.0
750,40,core_first,1,mf_latent,0.15185185185185185,0.8,0.6,1.0
750,40,core_first,1,mf_impute,0.15185185185185185,0.6,0.6,1.0
750,40,core_first,2,random,0.014814814814814815,0.0,0.1,0.14285714285714285
750,40,core_first,2,popular_group,0.014814814814814815,0.0,0.0,0.0015220700152207
750,40,core_first,2,raw_distance,0.014814814814814815,0.2,0.1,1.0
750,40,core_first,2,raw_correlation,0.014814814814814815,0.4,0.3,1.0
750,40,core_first,2,mf_latent,0.014814814814814815,0.4,0.2,1.0
750,40,core_first,2,mf_impute,0.014814814814814815,0.0,0.0,0.041666666666666664
766,40,core_first,1,random,0.03827160493827161,0.0,0.0,0.019230769230769232
766,40,core_first,1,popular_group,0.03827160493827161,0.0,0.0,0.0014727540500736377
766,40,core_first,1,raw_distance,0.03827160493827161,0.8,0.5,1.0
766,40,core_first,1,raw_correlation,0.03827160493827161,0.6,0.7,1.0
766,40,core_first,1,mf_latent,0.03827160493827161,0.4,0.4,1.0
766,40,core_first,1,mf_impute,0.03827160493827161,0.4,0.3,1.0
766,40,core_first,2,random,0.006172839506172839,0.0,0.0,0.00819672131147541
766,40,core_first,2,popular_group,0.006172839506172839,0.0,0.0,0.0014285714285714286
766,40,core_first,2,raw_distance,0.006172839506172839,0.4,0.3,0.5
766,40,core_first,2,raw_correlation,0.006172839506172839,0.4,0.3,1.0
766,40,core_first,2,mf_latent,0.006172839506172839,0.2,0.2,1.0
766,40,core_first,2,mf_impute,0.006172839506172839,0.2,0.2,0.3333333333333333
772,40,core_first,1,random,0.03827160493827161,0.0,0.0,0.016129032258064516
772,40,core_first,1,popular_group,0.03827160493827161,0.0,0.0,0.0014727540500736377
772,40,core_first,1,raw_distance,0.03827160493827161,0.8,0.5,1.0
772,40,core_first,1,raw_correlation,0.03827160493827161,0.6,0.7,1.0
772,40,core_first,1,mf_latent,0.03827160493827161,0.4,0.4,1.0
772,40,core_first,1,mf_impute,0.03827160493827161,0.4,0.2,0.5
772,40,core_first,2,random,0.008641975308641974,0.0,0.0,0.012658227848101266
772,40,core_first,2,popular_group,0.008641975308641974,0.0,0.0,0.001443001443001443
772,40,core_first,2,raw_distance,0.008641975308641974,0.4,0.2,1.0
772,40,core_first,2,raw_correlation,0.008641975308641974,0.2,0.3,1.0
772,40,core_first,2,mf_latent,0.008641975308641974,0.2,0.2,0.5
772,40,core_first,2,mf_impute,0.008641975308641974,0.2,0.1,0.5
794,40,core_first,1,random,0.12469135802469136,0.2,0.2,0.25
794,40,core_first,1,popular_group,0.12469135802469136,0.0,0.0,0.008064516129032258
794,40,core_first,1,raw_distance,0.12469135802469136,0.6,0.6,1.0
794,40,core_first,1,raw_correlation,0.12469135802469136,0.6,0.7,1.0
794,40,core_first,1,mf_latent,0.12469135802469136,1.0,0.8,1.0
794,40,core_first,1,mf_impute,0.12469135802469136,1.0,0.8,1.0
794,40,core_first,2,random,0.014814814814814815,0.0,0.0,0.04
794,40,core_first,2,popular_group,0.014814814814814815,0.0,0.0,0.0014184397163120568
794,40,core_first,2,raw_distance,0.014814814814814815,0.6,0.6,1.0
794,40,core_first,2,raw_correlation,0.014814814814814815,0.6,0.7,1.0
794,40,core_first,2,mf_latent,0.014814814814814815,1.0,0.8,1.0
794,40,core_first,2,mf_impute,0.014814814814814815,1.0,0.8,1.0
801,40,core_first,1,random,0.12469135802469136,0.0,0.1,0.16666666666666666
801,40,core_first,1,popular_group,0.12469135802469136,0.0,0.0,0.008064516129032258
801,40,core_first,1,raw_distance,0.12469135802469136,1.0,0.8,1.0
801,40,core_first,1,raw_correlation,0.12469135802469136,1.0,0.8,1.0
801,40,core_first,1,mf_latent,0.12469135802469136,1.0,0.8,1.0
801,40,core_first,1,mf_impute,0.12469135802469136,1.0,0.7,1.0
801,40,core_first,2,random,0.014814814814814815,0.0,0.0,0.022727272727272728
801,40,core_first,2,popular_group,0.014814814814814815,0.0,0.0,0.0014184397163120568
801,40,core_first,2,raw_distance,0.014814814814814815,1.0,0.8,1.0
801,40,core_first,2,raw_correlation,0.014814814814814815,1.0,0.8,1.0
801,40,core_first,2,mf_latent,0.014814814814814815,1.0,0.8,1.0
801,40,core_first,2,mf_impute,0.014814814814814815,1.0,0.7,1.0
803,40,core_first,1,random,0.12469135802469136,0.0,0.1,0.14285714285714285
803,40,core_first,1,popular_group,0.12469135802469136,0.0,0.0,0.008064516129032258
803,40,core_first,1,raw_distance,0.12469135802469136,1.0,0.8,1.0
803,40,core_first,1,raw_correlation,0.12469135802469136,1.0,0.8,1.0
803,40,core_first,1,mf_latent,0.12469135802469136,1.0,0.8,1.0
803,40,core_first,1,mf_impute,0.12469135802469136,1.0,0.7,1.0
803,40,core_first,2,random,0.014814814814814815,0.0,0.0,0.004366812227074236
803,40,core_first,2,popular_group,0.014814814814814815,0.0,0.0,0.0014184397163120568
803,40,core_first,2,raw_distance,0.014814814814814815,1.0,0.8,1.0
803,40,core_first,2,raw_correlation,0.014814814814814815,1.0,0.8,1.0
803,40,core_first,2,mf_latent,0.014814814814814815,1.0,0.8,1.0
803,40,core_first,2,mf_impute,0.014814814814814815,1.0,0.7,1.0
830,40,core_first,1,random,0.12469135802469136,0.2,0.2,0.2
830,40,core_first,1,popular_group,0.12469135802469136,0.0,0.0,0.008064516129032258
830,40,core_first,1,raw_distance,0.12469135802469136,1.0,1.0,1.0
830,40,core_first,1,raw_correlation,0.12469135802469136,1.0,1.0,1.0
830,40,core_first,1,mf_latent,0.12469135802469136,1.0,1.0,1.0
830,40,core_first,1,mf_impute,0.12469135802469136,1.0,1.0,1.0
830,40,core_first,2,random,0.08271604938271605,0.0,0.1,0.16666666666666666
830,40,core_first,2,popular_group,0.08271604938271605,0.0,0.0,0.014492753623188406
830,40,core_first,2,raw_distance,0.08271604938271605,1.0,1.0,1.0
830,40,core_first,2,raw_correlation,0.08271604938271605,1.0,0.9,1.0
830,40,core_first,2,mf_latent,0.08271604938271605,1.0,1.0,1.0
830,40,core_first,2,mf_impute,0.08271604938271605,1.0,1.0,1.0
837,40,core_first,1,random,0.12469135802469136,0.2,0.1,0.2
837,40,core_first,1,popular_group,0.12469135802469136,0.0,0.0,0.008064516129032258
837,40,core_first,1,raw_distance,0.12469135802469136,1.0,1.0,1.0
837,40,core_first,1,raw_correlation,0.12469135802469136,1.0,0.9,1.0
837,40,core_first,1,mf_latent,0.12469135802469136,1.0,1.0,1.0
837,40,core_first,1,mf_impute,0.12469135802469136,1.0,1.0,1.0
837,40,core_first,2,random,0.08271604938271605,0.0,0.0,0.05
837,40,core_first,2,popular_group,0.08271604938271605,0.0,0.0,0.014492753623188406
837,40,core_first,2,raw_distance,0.08271604938271605,1.0,1.0,1.0
837,40,core_first,2,raw_correlation,0.08271604938271605,1.0,0.9,1.0
837,40,core_first,2,mf_latent,0.08271604938271605,1.0,0.9,1.0
837,40,core_first,2,mf_impute,0.08271604938271605,1.0,1.0,1.0
842,40,core_first,1,random,0.12469135802469136,0.4,0.2,0.5
842,40,core_first,1,popular_group,0.12469135802469136,0.0,0.0,0.008064516129032258
842,40,core_first,1,raw_distance,0.12469135802469136,1.0,1.0,1.0
842,40,core_first,1,raw_correlation,0.12469135802469136,0.8,0.8,1.0
842,40,core_first,1,mf_latent,0.12469135802469136,1.0,1.0,1.0
842,40,core_first,1,mf_impute,0.12469135802469136,1.0,1.0,1.0
842,40,core_first,2,random,0.08271604938271605,0.4,0.2,0.5
842,40,core_first,2,popular_group,0.08271604938271605,0.0,0.0,0.014492753623188406
842,40,core_first,2,raw_distance,0.08271604938271605,1.0,1.0,1.0
842,40,core_first,2,raw_correlation,0.08271604938271605,0.8,0.8,1.0
842,40,core_first,2,mf_latent,0.08271604938271605,1.0,1.0,1.0
842,40,core_first,2,mf_impute,0.08271604938271605,1.0,1.0,1.0
845,40,core_first,1,random,0.12469135802469136,0.0,0.0,0.03571428571428571
845,40,core_first,1,popular_group,0.12469135802469136,0.0,0.0,0.008064516129032258
845,40,core_first,1,raw_distance,0.12469135802469136,1.0,1.0,1.0
845,40,core_first,1,raw_correlation,0.12469135802469136,0.8,0.9,1.0
845,40,core_first,1,mf_latent,0.12469135802469136,1.0,1.0,1.0
845,40,core_first,1,mf_impute,0.12469135802469136,1.0,1.0,1.0
845,40,core_first,2,random,0.08271604938271605,0.0,0.0,0.015151515151515152
845,40,core_first,2,popular_group,0.08271604938271605,0.0,0.0,0.014492753623188406
845,40,core_first,2,raw_distance,0.08271604938271605,1.0,1.0,1.0
845,40,core_first,2,raw_correlation,0.08271604938271605,0.8,0.9,1.0
845,40,core_first,2,mf_latent,0.08271604938271605,1.0,1.0,1.0
845,40,core_first,2,mf_impute,0.08271604938271605,1.0,1.0,1.0
868,40,core_first,1,random,0.12469135802469136,0.2,0.2,1.0
868,40,core_first,1,popular_group,0.12469135802469136,0.0,0.0,0.008064516129032258
868,40,core_first,1,raw_distance,0.12469135802469136,0.6,0.4,1.0
868,40,core_first,1,raw_correlation,0.12469135802469136,0.6,0.4,0.3333333333333333
868,40,core_first,1,mf_latent,0.12469135802469136,1.0,0.9,1.0
868,40,core_first,1,mf_impute,0.12469135802469136,0.8,0.6,0.5
868,40,core_first,2,random,0.08271604938271605,0.0,0.0,0.07692307692307693
868,40,core_first,2,popular_group,0.08271604938271605,0.0,0.0,0.014492753623188406
868,40,core_first,2,raw_distance,0.08271604938271605,0.6,0.4,1.0
868,40,core_first,2,raw_correlation,0.08271604938271605,0.4,0.3,0.25
868,40,core_first,2,mf_latent,0.08271604938271605,1.0,0.6,1.0
868,40,core_first,2,mf_impute,0.08271604938271605,0.6,0.3,0.5
871,40,core_first,1,random,0.12469135802469136,0.0,0.0,0.0625
871,40,core_first,1,popular_group,0.12469135802469136,0.0,0.0,0.008064516129032258
871,40,core_first,1,raw_distance,0.12469135802469136,0.6,0.5,1.0
871,40,core_first,1,raw_correlation,0.12469135802469136,0.8,0.7,1.0
871,40,core_first,1,mf_latent,0.12469135802469136,0.8,0.8,1.0
871,40,core_first,1,mf_impute,0.12469135802469136,1.0,0.8,1.0
871,40,core_first,2,random,0.08271604938271605,0.0,0.0,0.0625
871,40,core_first,2,popular_group,0.08271604938271605,0.0,0.0,0.014492753623188406
871,40,core_first,2,raw_distance,0.08271604938271605,0.6,0.4,1.0
871,40,core_first,2,raw_correlation,0.08271604938271605,0.8,0.7,1.0
871,40,core_first,2,mf_latent,0.08271604938271605,0.8,0.8,1.0
871,40,core_first,2,mf_impute,0.08271604938271605,1.0,0.7,1.0
880,40,core_first,1,random,0.12469135802469136,0.0,0.1,0.16666666666666666
880,40,core_first,1,popular_group,0.12469135802469136,0.0,0.0,0.008064516129032258
880,40,core_first,1,raw_distance,0.12469135802469136,0.0,0.1,0.125
880,40,core_first,1,raw_correlation,0.12469135802469136,0.0,0.1,0.14285714285714285
880,40,core_first,1,mf_latent,0.12469135802469136,0.0,0.0,0.07142857142857142
880,40,core_first,1,mf_impute,0.12469135802469136,0.0,0.0,0.047619047619047616
880,40,core_first,2,random,0.08271604938271605,0.0,0.1,0.16666666666666666
880,40,core_first,2,popular_group,0.08271604938271605,0.0,0.0,0.014492753623188406
880,40,core_first,2,raw_distance,0.08271604938271605,0.0,0.1,0.125
880,40,core_first,2,raw_correlation,0.08271604938271605,0.0,0.1,0.14285714285714285
880,40,core_first,2,mf_latent,0.08271604938271605,0.0,0.0,0.07142857142857142
880,40,core_first,2,mf_impute,0.08271604938271605,0.0,0.0,0.047619047619047616
881,40,core_first,1,random,0.12469135802469136,0.0,0.1,0.125
881,40,core_first,1,popular_group,0.12469135802469136,0.0,0.0,0.008064516129032258
881,40,core_first,1,raw_distance,0.12469135802469136,0.6,0.6,1.0
881,40,core_first,1,raw_correlation,0.12469135802469136,0.8,0.7,1.0
881,40,core_first,1,mf_latent,0.12469135802469136,0.8,0.5,1.0
881,40,core_first,1,mf_impute,0.12469135802469136,1.0,0.8,1.0
881,40,core_first,2,random,0.08271604938271605,0.0,0.1,0.125
881,40,core_first,2,popular_group,0.08271604938271605,0.0,0.0,0.014492753623188406
881,40,core_first,2,raw_distance,0.08271604938271605,0.6,0.6,1.0
881,40,core_first,2,raw_correlation,0.08271604938271605,0.8,0.7,1.0
881,40,core_first,2,mf_latent,0.08271604938271605,0.8,0.5,1.0
881,40,core_first,2,mf_impute,0.08271604938271605,1.0,0.8,1.0
895,40,core_first,1,random,0.12469135802469136,0.0,0.1,0.16666666666666666
895,40,core_first,1,popular_group,0.12469135802469136,0.0,0.0,0.008064516129032258
895,40,core_first,1,raw_distance,0.12469135802469136,0.4,0.4,1.0
895,40,core_first,1,raw_correlation,0.12469135802469136,0.4,0.2,1.0
895,40,core_first,1,mf_latent,0.12469135802469136,1.0,0.8,1.0
895,40,core_first,1,mf_impute,0.12469135802469136,0.6,0.7,1.0
895,40,core_first,2,random,0.013580246913580247,0.0,0.1,0.16666666666666666
895,40,core_first,2,popular_group,0.013580246913580247,0.0,0.0,0.014705882352941176
895,40,core_first,2,raw_distance,0.013580246913580247,0.4,0.2,1.0
895,40,core_first,2,raw_correlation,0.013580246913580247,0.4,0.2,1.0
895,40,core_first,2,mf_latent,0.013580246913580247,0.4,0.2,1.0
895,40,core_first,2,mf_impute,0.013580246913580247,0.4,0.2,1.0
37,80,core_first,1,random,0.10617283950617284,0.0,0.1,0.1
37,80,core_first,1,popular_group,0.10617283950617284,0.0,0.0,0.007142857142857143
37,80,core_first,1,raw_distance,0.10617283950617284,0.6,0.3,1.0
37,80,core_first,1,raw_correlation,0.10617283950617284,0.6,0.3,1.0
37,80,core_first,1,mf_latent,0.10617283950617284,0.4,0.2,1.0
37,80,core_first,1,mf_impute,0.10617283950617284,0.4,0.3,0.5
37,80,core_first,2,random,0.02345679012345679,0.0,0.0,0.016666666666666666
37,80,core_first,2,popular_group,0.02345679012345679,0.0,0.0,0.0016501650165016502
37,80,core_first,2,raw_distance,0.02345679012345679,0.6,0.3,1.0
37,80,core_first,2,raw_correlation,0.02345679012345679,0.6,0.3,1.0
37,80,core_first,2,mf_latent,0.02345679012345679,0.4,0.2,1.0
37,80,core_first,2,mf_impute,0.02345679012345679,0.4,0.3,0.5
53,80,core_first,1,random,0.10617283950617284,0.4,0.2,0.3333333333333333
53,80,core_first,1,popular_group,0.10617283950617284,0.0,0.0,0.007142857142857143
53,80,core_first,1,raw_distance,0.10617283950617284,0.6,0.7,1.0
53,80,core_first,1,raw_correlation,0.10617283950617284,0.4,0.4,1.0
53,80,core_first,1,mf_latent,0.10617283950617284,0.8,0.8,1.0
53,80,core_first,1,mf_impute,0.10617283950617284,0.2,0.1,0.3333333333333333
53,80,core_first,2,random,0.02345679012345679,0.2,0.1,0.25
53,80,core_first,2,popular_group,0.02345679012345679,0.0,0.0,0.0016501650165016502
53,80,core_first,2,raw_distance,0.02345679012345679,0.2,0.3,0.25
53,80,core_first,2,raw_correlation,0.02345679012345679,0.0,0.0,0.041666666666666664
53,80,core_first,2,mf_latent,0.02345679012345679,0.2,0.2,1.0
53,80,core_first,2,mf_impute,0.02345679012345679,0.0,0.0,0.023809523809523808
58,80,core_first,1,random,0.10617283950617284,0.0,0.0,0.08333333333333333
58,80,core_first,1,popular_group,0.10617283950617284,0.0,0.0,0.007142857142857143
58,80,core_first,1,raw_distance,0.10617283950617284,0.4,0.3,1.0
58,80,core_first,1,raw_correlation,0.10617283950617284,0.6,0.3,1.0
58,80,core_first,1,mf_latent,0.10617283950617284,0.8,0.6,1.0
58,80,core_first,1,mf_impute,0.10617283950617284,0.0,0.0,0.03571428571428571
58,80,core_first,2,random,0.02345679012345679,0.0,0.0,0.016129032258064516
58,80,core_first,2,popular_group,0.02345679012345679,0.0,0.0,0.0016501650165016502
58,80,core_first,2,raw_distance,0.02345679012345679,0.4,0.3,1.0
58,80,core_first,2,raw_correlation,0.02345679012345679,0.6,0.3,1.0
58,80,core_first,2,mf_latent,0.02345679012345679,0.4,0.4,1.0
58,80,core_first,2,mf_impute,0.02345679012345679,0.0,0.0,0.03571428571428571
67,80,core_first,1,random,0.10617283950617284,0.6,0.4,0.3333333333333333
67,80,core_first,1,popular_group,0.10617283950617284,0.0,0.0,0.007142857142857143
67,80,core_first,1,raw_distance,0.10617283950617284,0.4,0.2,1.0
67,80,core_first,1,raw_correlation,0.10617283950617284,0.6,0.5,1.0
67,80,core_first,1,mf_latent,0.10617283950617284,0.4,0.3,1.0
67,80,core_first,1,mf_impute,0.10617283950617284,0.4,0.2,1.0
67,80,core_first,2,random,0.011111111111111112,0.0,0.0,0.014285714285714285
67,80,core_first,2,popular_group,0.011111111111111112,0.0,0.0,0.0016750418760469012
67,80,core_first,2,raw_distance,0.011111111111111112,0.2,0.1,1.0
67,80,core_first,2,raw_correlation,0.011111111111111112,0.2,0.1,1.0
67,80,core_first,2,mf_latent,0.011111111111111112,0.2,0.1,0.5
67,80,core_first,2,mf_impute,0.011111111111111112,0.2,0.1,0.25
70,80,core_first,1,random,0.10617283950617284,0.0,0.1,0.14285714285714285
70,80,core_first,1,popular_group,0.10617283950617284,0.0,0.0,0.007142857142857143
70,80,core_first,1,raw_distance,0.10617283950617284,0.6,0.7,1.0
70,80,core_first,1,raw_correlation,0.10617283950617284,1.0,1.0,1.0
70,80,core_first,1,mf_latent,0.10617283950617284,1.0,1.0,1.0
70,80,core_first,1,mf_impute,0.10617283950617284,1.0,0.9,1.0
70,80,core_first,2,random,0.03333333333333333,0.0,0.1,0.14285714285714285
70,80,core_first,2,popular_group,0.03333333333333333,0.0,0.0,0.0017605633802816902
70,80,core_first,2,raw_distance,0.03333333333333333,0.6,0.7,1.0
70,80,core_first,2,raw_correlation,0.03333333333333333,1.0,1.0,1.0
70,80,core_first,2,mf_latent,0.03333333333333333,1.0,0.9,1.0
70,80,core_first,2,mf_impute,0.03333333333333333,1.0,0.9,1.0
72,80,core_first,1,random,0.10617283950617284,0.2,0.1,0.3333333333333333
72,80,core_first,1,popular_group,0.10617283950617284,0.0,0.0,0.007142857142857143
72,80,core_first,1,raw_distance,0.10617283950617284,0.8,0.9,1.0
72,80,core_first,1,raw_correlation,0.10617283950617284,0.8,0.7,1.0
72,80,core_first,1,mf_latent,0.10617283950617284,1.0,0.9,1.0
72,80,core_first,1,mf_impute,0.10617283950617284,1.0,1.0,1.0
72,80,core_first,2,random,0.03333333333333333,0.0,0.0,0.024390243902439025
72,80,core_first,2,popular_group,0.03333333333333333,0.0,0.0,0.0017605633802816902
72,80,core_first,2,raw_distance,0.03333333333333333,0.8,0.8,1.0
72,80,core_first,2,raw_correlation,0.03333333333333333,0.8,0.7,1.0
72,80,core_first,2,mf_latent,0.03333333333333333,1.0,0.6,1.0
72,80,core_first,2,mf_impute,0.03333333333333333,0.8,0.6,1.0
77,80,core_first,1,random,0.10617283950617284,0.0,0.1,0.16666666666666666
77,80,core_first,1,popular_group,0.10617283950617284,0.0,0.0,0.007142857142857143
77,80,core_first,1,raw_distance,0.10617283950617284,0.8,0.7,1.0
77,80,core_first,1,raw_correlation,0.10617283950617284,0.2,0.3,0.2
77,80,core_first,1,mf_latent,0.10617283950617284,0.2,0.2,0.2
77,80,core_first,1,mf_impute,0.10617283950617284,0.0,0.1,0.14285714285714285
77,80,core_first,2,random,0.03333333333333333,0.0,0.1,0.16666666666666666
77,80,core_first,2,popular_group,0.03333333333333333,0.0,0.0,0.0017605633802816902
77,80,core_first,2,raw_distance,0.03333333333333333,0.8,0.5,1.0
77,80,core_first,2,raw_correlation,0.03333333333333333,0.2,0.3,0.2
77,80,core_first,2,mf_latent,0.03333333333333333,0.0,0.1,0.1
77,80,core_first,2,mf_impute,0.03333333333333333,0.0,0.1,0.14285714285714285
87,80,core_first,1,random,0.10617283950617284,0.0,0.2,0.16666666666666666
87,80,core_first,1,popular_group,0.10617283950617284,0.0,0.0,0.007142857142857143
87,80,core_first,1,raw_distance,0.10617283950617284,0.4,0.2,1.0
87,80,core_first,1,raw_correlation,0.10617283950617284,0.2,0.3,0.3333333333333333
87,80,core_first,1,mf_latent,0.10617283950617284,0.2,0.4,0.3333333333333333
87,80,core_first,1,mf_impute,0.10617283950617284,0.2,0.1,0.2
87,80,core_first,2,random,0.03333333333333333,0.0,0.0,0.05555555555555555
87,80,core_first,2,popular_group,0.03333333333333333,0.0,0.0,0.0017605633802816902
87,80,core_first,2,raw_distance,0.03333333333333333,0.4,0.2,1.0
87,80,core_first,2,raw_correlation,0.03333333333333333,0.2,0.3,0.3333333333333333
87,80,core_first,2,mf_latent,0.03333333333333333,0.2,0.4,0.3333333333333333
87,80,core_first,2,mf_impute,0.03333333333333333,0.2,0.1,0.2
106,80,core_first,1,random,0.1259259259259259,0.0,0.1,0.16666666666666666
106,80,core_first,1,popular_group,0.1259259259259259,0.0,0.0,0.00641025641025641
106,80,core_first,1,raw_distance,0.1259259259259259,1.0,1.0,1.0
106,80,core_first,1,raw_correlation,0.1259259259259259,1.0,1.0,1.0
106,80,core_first,1,mf_latent,0.1259259259259259,1.0,1.0,1.0
106,80,core_first,1,mf_impute,0.1259259259259259,1.0,1.0,1.0
106,80,core_first,2,random,0.05432098765432099,0.0,0.0,0.06666666666666667
106,80,core_first,2,popular_group,0.05432098765432099,0.0,0.0,0.01
106,80,core_first,2,raw_distance,0.05432098765432099,1.0,1.0,1.0
106,80,core_first,2,raw_correlation,0.05432098765432099,1.0,1.0,1.0
106,80,core_first,2,mf_latent,0.05432098765432099,1.0,1.0,1.0
106,80,core_first,2,mf_impute,0.05432098765432099,1.0,1.0,1.0
114,80,core_first,1,random,0.1259259259259259,0.2,0.2,0.25
114,80,core_first,1,popular_group,0.1259259259259259,0.0,0.0,0.00641025641025641
114,80,core_first,1,raw_distance,0.1259259259259259,1.0,0.7,1.0
114,80,core_first,1,raw_correlation,0.1259259259259259,0.8,0.9,1.0
114,80,core_first,1,mf_latent,0.1259259259259259,1.0,0.9,1.0
114,80,core_first,1,mf_impute,0.1259259259259259,1.0,0.9,1.0
114,80,core_first,2,random,0.05432098765432099,0.2,0.2,0.25
114,80,core_first,2,popular_group,0.05432098765432099,0.0,0.0,0.01
114,80,core_first,2,raw_distance,0.05432098765432099,1.0,0.7,1.0
114,80,core_first,2,raw_correlation,0.05432098765432099,0.8,0.9,1.0
114,80,core_first,2,mf_latent,0.05432098765432099,1.0,0.9,1.0
114,80,core_first,2,mf_impute,0.05432098765432099,1.0,0.9,1.0
133,80,core_first,1,random,0.1259259259259259,0.0,0.1,0.1111111111111111
133,80,core_first,1,popular_group,0.1259259259259259,0.0,0.0,0.00641025641025641
133,80,core_first,1,raw_distance,0.1259259259259259,1.0,1.0,1.0
133,80,core_first,1,raw_correlation,0.1259259259259259,1.0,1.0,1.0
133,80,core_first,1,mf_latent,0.1259259259259259,1.0,1.0,1.0
133,80,core_first,1,mf_impute,0.1259259259259259,1.0,1.0,1.0
133,80,core_first,2,random,0.05432098765432099,0.0,0.1,0.1111111111111111
133,80,core_first,2,popular_group,0.05432098765432099,0.0,0.0,0.01
133,80,core_first,2,raw_distance,0.05432098765432099,1.0,1.0,1.0
133,80,core_first,2,raw_correlation,0.05432098765432099,1.0,1.0,1.0
133,80,core_first,2,mf_latent,0.05432098765432099,1.0,1.0,1.0
133,80,core_first,2,mf_impute,0.05432098765432099,1.0,1.0,1.0
140,80,core_first,1,random,0.1259259259259259,0.2,0.1,0.5
140,80,core_first,1,popular_group,0.1259259259259259,0.0,0.0,0.00641025641025641
140,80,core_first,1,raw_distance,0.1259259259259259,1.0,1.0,1.0
140,80,core_first,1,raw_correlation,0.1259259259259259,1.0,1.0,1.0
140,80,core_first,1,mf_latent,0.1259259259259259,1.0,1.0,1.0
140,80,core_first,1,mf_impute,0.1259259259259259,1.0,1.0,1.0
140,80,core_first,2,random,0.05432098765432099,0.2,0.1,0.5
140,80,core_first,2,popular_group,0.05432098765432099,0.0,0.0,0.01
140,80,core_first,2,raw_distance,0.05432098765432099,1.0,1.0,1.0
140,80,core_first,2,raw_correlation,0.05432098765432099,1.0,1.0,1.0
140,80,core_first,2,mf_latent,0.05432098765432099,1.0,1.0,1.0
140,80,core_first,2,mf_impute,0.05432098765432099,1.0,1.0,1.0
143,80,core_first,1,random,0.1259259259259259,0.0,0.0,0.08333333333333333
143,80,core_first,1,popular_group,0.1259259259259259,0.0,0.0,0.00641025641025641
143,80,core_first,1,raw_distance,0.1259259259259259,1.0,1.0,1.0
143,80,core_first,1,raw_correlation,0.1259259259259259,1.0,1.0,1.0
143,80,core_first,1,mf_latent,0.1259259259259259,1.0,1.0,1.0
143,80,core_first,1,mf_impute,0.1259259259259259,1.0,1.0,1.0
143,80,core_first,2,random,0.05432098765432099,0.0,0.0,0.02857142857142857
143,80,core_first,2,popular_group,0.05432098765432099,0.0,0.0,0.01
143,80,core_first,2,raw_distance,0.05432098765432099,1.0,1.0,1.0
143,80,core_first,2,raw_correlation,0.05432098765432099,1.0,1.0,1.0
143,80,core_first,2,mf_latent,0.05432098765432099,1.0,1.0,1.0
143,80,core_first,2,mf_impute,0.05432098765432099,1.0,1.0,1.0
152,80,core_first,1,random,0.1259259259259259,0.0,0.0,0.09090909090909091
152,80,core_first,1,popular_group,0.1259259259259259,0.0,0.0,0.00641025641025641
152,80,core_first,1,raw_distance,0.1259259259259259,1.0,1.0,1.0
152,80,core_first,1,raw_correlation,0.1259259259259259,1.0,1.0,1.0
152,80,core_first,1,mf_latent,0.1259259259259259,1.0,1.0,1.0
152,80,core_first,1,mf_impute,0.1259259259259259,1.0,1.0,1.0
152,80,core_first,2,random,0.05432098765432099,0.0,0.0,0.09090909090909091
152,80,core_first,2,popular_group,0.05432098765432099,0.0,0.0,0.01
152,80,core_first,2,raw_distance,0.05432098765432099,1.0,1.0,1.0
152,80,core_first,2,raw_correlation,0.05432098765432099,1.0,1.0,1.0
152,80,core_first,2,mf_latent,0.05432098765432099,0.8,0.9,0.5
152,80,core_first,2,mf_impute,0.05432098765432099,1.0,1.0,1.0
165,80,core_first,1,random,0.1259259259259259,0.4,0.3,0.25
165,80,core_first,1,popular_group,0.1259259259259259,0.0,0.0,0.00641025641025641
165,80,core_first,1,raw_distance,0.1259259259259259,0.2,0.3,0.2
165,80,core_first,1,raw_correlation,0.1259259259259259,0.4,0.2,1.0
165,80,core_first,1,mf_latent,0.1259259259259259,0.0,0.0,0.045454545454545456
165,80,core_first,1,mf_impute,0.1259259259259259,0.4,0.4,1.0
165,80,core_first,2,random,0.06666666666666667,0.4,0.3,0.25
165,80,core_first,2,popular_group,0.06666666666666667,0.0,0.0,0.007575757575757576
165,80,core_first,2,raw_distance,0.06666666666666667,0.2,0.2,0.2
165,80,core_first,2,raw_correlation,0.06666666666666667,0.4,0.2,1.0
165,80,core_first,2,mf_latent,0.06666666666666667,0.0,0.0,0.045454545454545456
165,80,core_first,2,mf_impute,0.06666666666666667,0.4,0.3,1.0
167,80,core_first,1,random,0.1259259259259259,0.2,0.2,0.5
167,80,core_first,1,popular_group,0.1259259259259259,0.0,0.0,0.00641025641025641
167,80,core_first,1,raw_distance,0.1259259259259259,0.0,0.0,0.008620689655172414
167,80,core_first,1,raw_correlation,0.1259259259259259,0.0,0.0,0.012345679012345678
167,80,core_first,1,mf_latent,0.1259259259259259,0.0,0.0,0.009259259259259259
167,80,core_first,1,mf_impute,0.1259259259259259,0.0,0.0,0.007518796992481203
167,80,core_first,2,random,0.06666666666666667,0.0,0.0,0.043478260869565216
167,80,core_first,2,popular_group,0.06666666666666667,0.0,0.0,0.007575757575757576
167,80,core_first,2,raw_distance,0.06666666666666667,0.0,0.0,0.008620689655172414
167,80,core_first,2,raw_correlation,0.06666666666666667,0.0,0.0,0.012345679012345678
167,80,core_first,2,mf_latent,0.06666666666666667,0.0,0.0,0.009259259259259259
167,80,core_first,2,mf_impute,0.06666666666666667,0.0,0.0,0.007518796992481203
191,80,core_first,1,random,0.1259259259259259,0.0,0.2,0.14285714285714285
191,80,core_first,1,popular_group,0.1259259259259259,0.0,0.0,0.00641025641025641
191,80,core_first,1,raw_distance,0.1259259259259259,0.0,0.2,0.14285714285714285
191,80,core_first,1,raw_correlation,0.1259259259259259,0.4,0.4,1.0
191,80,core_first,1,mf_latent,0.1259259259259259,0.6,0.4,1.0
191,80,core_first,1,mf_impute,0.1259259259259259,0.8,0.6,0.5
191,80,core_first,2,random,0.06666666666666667,0.0,0.0,0.05555555555555555
191,80,core_first,2,popular_group,0.06666666666666667,0.0,0.0,0.007575757575757576
191,80,core_first,2,raw_distance,0.06666666666666667,0.0,0.2,0.14285714285714285
191,80,core_first,2,raw_correlation,0.06666666666666667,0.4,0.4,1.0
191,80,core_first,2,mf_latent,0.06666666666666667,0.6,0.4,1.0
191,80,core_first,2,mf_impute,0.06666666666666667,0.8,0.5,0.5
201,80,core_first,1,random,0.1259259259259259,0.0,0.0,0.07142857142857142
201,80,core_first,1,popular_group,0.1259259259259259,0.0,0.0,0.00641025641025641
201,80,core_first,1,raw_distance,0.1259259259259259,1.0,0.8,1.0
201,80,core_first,1,raw_correlation,0.1259259259259259,1.0,1.0,1.0
201,80,core_first,1,mf_latent,0.1259259259259259,1.0,1.0,1.0
201,80,core_first,1,mf_impute,0.1259259259259259,1.0,1.0,1.0
201,80,core_first,2,random,0.06666666666666667,0.0,0.0,0.07142857142857142
201,80,core_first,2,popular_group,0.06666666666666667,0.0,0.0,0.007575757575757576
201,80,core_first,2,raw_distance,0.06666666666666667,1.0,0.8,1.0
201,80,core_first,2,raw_correlation,0.06666666666666667,0.6,0.7,1.0
201,80,core_first,2,mf_latent,0.06666666666666667,0.2,0.2,1.0
201,80,core_first,2,mf_impute,0.06666666666666667,0.8,0.8,1.0
234,80,core_first,1,random,0.12345679012345678,0.4,0.3,0.5
234,80,core_first,1,popular_group,0.12345679012345678,0.0,0.0,0.004901960784313725
234,80,core_first,1,raw_distance,0.12345679012345678,1.0,1.0,1.0
234,80,core_first,1,raw_correlation,0.12345679012345678,0.4,0.4,1.0
234,80,core_first,1,mf_latent,0.12345679012345678,1.0,0.8,1.0
234,80,core_first,1,mf_impute,0.12345679012345678,1.0,1.0,1.0
234,80,core_first,2,random,0.0654320987654321,0.2,0.2,0.5
234,80,core_first,2,popular_group,0.0654320987654321,0.0,0.0,0.00510204081632653
234,80,core_first,2,raw_distance,0.0654320987654321,1.0,1.0,1.0
234,80,core_first,2,raw_correlation,0.0654320987654321,0.4,0.3,1.0
234,80,core_first,2,mf_latent,0.0654320987654321,0.6,0.5,1.0
234,80,core_first,2,mf_impute,0.0654320987654321,1.0,0.9,1.0
280,80,core_first,1,random,0.12345679012345678,0.0,0.1,0.125
280,80,core_first,1,popular_group,0.12345679012345678,0.0,0.0,0.004901960784313725
280,80,core_first,1,raw_distance,0.12345679012345678,0.6,0.4,1.0
280,80,core_first,1,raw_correlation,0.12345679012345678,0.4,0.2,1.0
280,80,core_first,1,mf_latent,0.12345679012345678,0.8,0.8,1.0
280,80,core_first,1,mf_impute,0.12345679012345678,0.8,0.8,1.0
280,80,core_first,2,random,0.043209876543209874,0.0,0.1,0.125
280,80,core_first,2,popular_group,0.043209876543209874,0.0,0.0,0.004098360655737705
280,80,core_first,2,raw_distance,0.043209876543209874,0.4,0.3,1.0
280,80,core_first,2,raw_correlation,0.043209876543209874,0.2,0.1,1.0
280,80,core_first,2,mf_latent,0.043209876543209874,0.6,0.6,1.0
280,80,core_first,2,mf_impute,0.043209876543209874,0.8,0.6,1.0
285,80,core_first,1,random,0.12345679012345678,0.2,0.1,0.2
285,80,core_first,1,popular_group,0.12345679012345678,0.0,0.0,0.004901960784313725
285,80,core_first,1,raw_distance,0.12345679012345678,1.0,0.9,1.0
285,80,core_first,1,raw_correlation,0.12345679012345678,1.0,1.0,1.0
285,80,core_first,1,mf_latent,0.12345679012345678,1.0,1.0,1.0
285,80,core_first,1,mf_impute,0.12345679012345678,1.0,1.0,1.0
285,80,core_first,2,random,0.043209876543209874,0.0,0.0,0.09090909090909091
285,80,core_first,2,popular_group,0.043209876543209874,0.0,0.0,0.004098360655737705
285,80,core_first,2,raw_distance,0.043209876543209874,1.0,0.9,1.0
285,80,core_first,2,raw_correlation,0.043209876543209874,1.0,1.0,1.0
285,80,core_first,2,mf_latent,0.043209876543209874,1.0,1.0,1.0
285,80,core_first,2,mf_impute,0.043209876543209874,1.0,1.0,1.0
292,80,core_first,1,random,0.12345679012345678,0.4,0.2,0.5
292,80,core_first,1,popular_group,0.12345679012345678,0.0,0.0,0.004901960784313725
292,80,core_first,1,raw_distance,0.12345679012345678,1.0,1.0,1.0
292,80,core_first,1,raw_correlation,0.12345679012345678,0.8,0.8,1.0
292,80,core_first,1,mf_latent,0.12345679012345678,0.4,0.4,1.0
292,80,core_first,1,mf_impute,0.12345679012345678,1.0,1.0,1.0
292,80,core_first,2,random,0.043209876543209874,0.0,0.0,0.0625
292,80,core_first,2,popular_group,0.043209876543209874,0.0,0.0,0.004098360655737705
292,80,core_first,2,raw_distance,0.043209876543209874,1.0,0.9,1.0
292,80,core_first,2,raw_correlation,0.043209876543209874,0.4,0.5,0.5
292,80,core_first,2,mf_latent,0.043209876543209874,0.2,0.2,0.3333333333333333
292,80,core_first,2,mf_impute,0.043209876543209874,0.6,0.8,1.0
302,80,core_first,1,random,0.12345679012345678,0.0,0.0,0.05555555555555555
302,80,core_first,1,popular_group,0.12345679012345678,0.0,0.0,0.004901960784313725
302,80,core_first,1,raw_distance,0.12345679012345678,1.0,1.0,1.0
302,80,core_first,1,raw_correlation,0.12345679012345678,1.0,1.0,1.0
302,80,core_first,1,mf_latent,0.12345679012345678,1.0,1.0,1.0
302,80,core_first,1,mf_impute,0.12345679012345678,1.0,1.0,1.0
302,80,core_first,2,random,0.043209876543209874,0.0,0.0,0.04
302,80,core_first,2,popular_group,0.043209876543209874,0.0,0.0,0.004098360655737705
302,80,core_first,2,raw_distance,0.043209876543209874,1.0,0.9,1.0
302,80,core_first,2,raw_correlation,0.043209876543209874,1.0,0.8,1.0
302,80,core_first,2,mf_latent,0.043209876543209874,0.6,0.5,1.0
302,80,core_first,2,mf_impute,0.043209876543209874,0.2,0.2,0.2
308,80,core_first,1,random,0.12345679012345678,0.0,0.2,0.14285714285714285
308,80,core_first,1,popular_group,0.12345679012345678,0.0,0.0,0.004901960784313725
308,80,core_first,1,raw_distance,0.12345679012345678,1.0,1.0,1.0
308,80,core_first,1,raw_correlation,0.12345679012345678,1.0,0.7,1.0
308,80,core_first,1,mf_latent,0.12345679012345678,1.0,0.9,1.0
308,80,core_first,1,mf_impute,0.12345679012345678,1.0,1.0,1.0
308,80,core_first,2,random,0.013580246913580247,0.0,0.1,0.125
308,80,core_first,2,popular_group,0.013580246913580247,0.0,0.0,0.0036231884057971015
308,80,core_first,2,raw_distance,0.013580246913580247,0.0,0.0,0.05263157894736842
308,80,core_first,2,raw_correlation,0.013580246913580247,0.2,0.2,0.5
308,80,core_first,2,mf_latent,0.013580246913580247,0.4,0.3,0.3333333333333333
308,80,core_first,2,mf_impute,0.013580246913580247,0.2,0.2,0.25
314,80,core_first,1,random,0.12345679012345678,0.0,0.0,0.07692307692307693
314,80,core_first,1,popular_group,0.12345679012345678,0.0,0.0,0.004901960784313725
314,80,core_first,1,raw_distance,0.12345679012345678,1.0,1.0,1.0
314,80,core_first,1,raw_correlation,0.12345679012345678,1.0,0.8,1.0
314,80,core_first,1,mf_latent,0.12345679012345678,1.0,1.0,1.0
314,80,core_first,1,mf_impute,0.12345679012345678,1.0,1.0,1.0
314,80,core_first,2,random,0.013580246913580247,0.0,0.0,0.007042253521126761
314,80,core_first,2,popular_group,0.013580246913580247,0.0,0.0,0.0036231884057971015
314,80,core_first,2,raw_distance,0.013580246913580247,0.4,0.4,1.0
314,80,core_first,2,raw_correlation,0.013580246913580247,0.4,0.3,0.5
314,80,core_first,2,mf_latent,0.013580246913580247,0.4,0.4,1.0
314,80,core_first,2,mf_impute,0.013580246913580247,0.2,0.1,0.25
320,80,core_first,1,random,0.1,0.2,0.1,1.0
320,80,core_first,1,popular_group,0.1,0.0,0.0,0.0033333333333333335
320,80,core_first,1,raw_distance,0.1,0.6,0.3,1.0
320,80,core_first,1,raw_correlation,0.1,0.8,0.4,1.0
320,80,core_first,1,mf_latent,0.1,0.6,0.4,1.0
320,80,core_first,1,mf_impute,0.1,0.8,0.4,1.0
320,80,core_first,2,random,0.013580246913580247,0.0,0.0,0.013513513513513514
320,80,core_first,2,popular_group,0.013580246913580247,0.0,0.0,0.003424657534246575
320,80,core_first,2,raw_distance,0.013580246913580247,0.6,0.3,1.0
320,80,core_first,2,raw_correlation,0.013580246913580247,0.8,0.4,1.0
320,80,core_first,2,mf_latent,0.013580246913580247,0.6,0.4,1.0
320,80,core_first,2,mf_impute,0.013580246913580247,0.8,0.4,1.0
325,80,core_first,1,random,0.1,0.4,0.3,1.0
325,80,core_first,1,popular_group,0.1,0.0,0.0,0.0033333333333333335
325,80,core_first,1,raw_distance,0.1,1.0,0.8,1.0
325,80,core_first,1,raw_correlation,0.1,0.8,0.5,1.0
325,80,core_first,1,mf_latent,0.1,0.8,0.7,1.0
325,80,core_first,1,mf_impute,0.1,0.6,0.6,1.0
325,80,core_first,2,random,0.013580246913580247,0.2,0.1,1.0
325,80,core_first,2,popular_group,0.013580246913580247,0.0,0.0,0.003424657534246575
325,80,core_first,2,raw_distance,0.013580246913580247,1.0,0.8,1.0
325,80,core_first,2,raw_correlation,0.013580246913580247,0.8,0.5,1.0
325,80,core_first,2,mf_latent,0.013580246913580247,0.8,0.7,1.0
325,80,core_first,2,mf_impute,0.013580246913580247,0.6,0.6,1.0
336,80,core_first,1,random,0.1,0.0,0.1,0.1111111111111111
336,80,core_first,1,popular_group,0.1,0.0,0.0,0.0033333333333333335
336,80,core_first,1,raw_distance,0.1,0.0,0.1,0.125
336,80,core_first,1,raw_correlation,0.1,0.2,0.2,0.25
336,80,core_first,1,mf_latent,0.1,0.0,0.0,0.06666666666666667
336,80,core_first,1,mf_impute,0.1,0.0,0.0,0.07692307692307693
336,80,core_first,2,random,0.04814814814814815,0.0,0.0,0.03225806451612903
336,80,core_first,2,popular_group,0.04814814814814815,0.0,0.0,0.003246753246753247
336,80,core_first,2,raw_distance,0.04814814814814815,0.0,0.1,0.125
336,80,core_first,2,raw_correlation,0.04814814814814815,0.2,0.2,0.25
336,80,core_first,2,mf_latent,0.04814814814814815,0.0,0.0,0.06666666666666667
336,80,core_first,2,mf_impute,0.04814814814814815,0.0,0.0,0.07692307692307693
352,80,core_first,1,random,0.1,0.2,0.1,0.3333333333333333
352,80,core_first,1,popular_group,0.1,0.0,0.0,0.0033333333333333335
352,80,core_first,1,raw_distance,0.1,0.0,0.1,0.14285714285714285
352,80,core_first,1,raw_correlation,0.1,0.0,0.1,0.14285714285714285
352,80,core_first,1,mf_latent,0.1,0.0,0.1,0.1
352,80,core_first,1,mf_impute,0.1,0.0,0.2,0.14285714285714285
352,80,core_first,2,random,0.04814814814814815,0.0,0.0,0.041666666666666664
352,80,core_first,2,popular_group,0.04814814814814815,0.0,0.0,0.003246753246753247
352,80,core_first,2,raw_distance,0.04814814814814815,0.0,0.0,0.07692307692307693
352,80,core_first,2,raw_correlation,0.04814814814814815,0.0,0.0,0.09090909090909091
352,80,core_first,2,mf_latent,0.04814814814814815,0.0,0.1,0.1
352,80,core_first,2,mf_impute,0.04814814814814815,0.0,0.2,0.14285714285714285
357,80,core_first,1,random,0.1,0.2,0.3,1.0
357,80,core_first,1,popular_group,0.1,0.0,0.0,0.0033333333333333335
357,80,core_first,1,raw_distance,0.1,0.8,0.7,1.0
357,80,core_first,1,raw_correlation,0.1,1.0,0.8,1.0
357,80,core_first,1,mf_latent,0.1,1.0,0.7,1.0
357,80,core_first,1,mf_impute,0.1,1.0,0.6,1.0
357,80,core_first,2,random,0.04814814814814815,0.0,0.2,0.16666666666666666
357,80,core_first,2,popular_group,0.04814814814814815,0.0,0.0,0.003246753246753247
357,80,core_first,2,raw_distance,0.04814814814814815,0.8,0.7,1.0
357,80,core_first,2,raw_correlation,0.04814814814814815,1.0,0.8,1.0
357,80,core_first,2,mf_latent,0.04814814814814815,1.0,0.7,1.0
357,80,core_first,2,mf_impute,0.04814814814814815,1.0,0.6,1.0
359,80,core_first,1,random,0.1,0.2,0.2,1.0
359,80,core_first,1,popular_group,0.1,0.0,0.0,0.0033333333333333335
359,80,core_first,1,raw_distance,0.1,0.4,0.4,0.5
359,80,core_first,1,raw_correlation,0.1,0.0,0.3,0.16666666666666666
359,80,core_first,1,mf_latent,0.1,0.2,0.4,0.2
359,80,core_first,1,mf_impute,0.1,0.4,0.4,0.5
359,80,core_first,2,random,0.04814814814814815,0.2,0.1,1.0
359,80,core_first,2,popular_group,0.04814814814814815,0.0,0.0,0.003246753246753247
359,80,core_first,2,raw_distance,0.04814814814814815,0.2,0.1,0.3333333333333333
359,80,core_first,2,raw_correlation,0.04814814814814815,0.0,0.2,0.16666666666666666
359,80,core_first,2,mf_latent,0.04814814814814815,0.2,0.3,0.2
359,80,core_first,2,mf_impute,0.04814814814814815,0.2,0.2,0.3333333333333333
372,80,core_first,1,random,0.1,0.0,0.1,0.125
372,80,core_first,1,popular_group,0.1,0.0,0.0,0.0033333333333333335
372,80,core_first,1,raw_distance,0.1,1.0,0.7,1.0
372,80,core_first,1,raw_correlation,0.1,1.0,0.8,1.0
372,80,core_first,1,mf_latent,0.1,1.0,0.9,1.0
372,80,core_first,1,mf_impute,0.1,1.0,0.9,1.0
372,80,core_first,2,random,0.04814814814814815,0.0,0.0,0.05555555555555555
372,80,core_first,2,popular_group,0.04814814814814815,0.0,0.0,0.003246753246753247
372,80,core_first,2,raw_distance,0.04814814814814815,1.0,0.7,1.0
372,80,core_first,2,raw_correlation,0.04814814814814815,1.0,0.8,1.0
372,80,core_first,2,mf_latent,0.04814814814814815,1.0,0.9,1.0
372,80,core_first,2,mf_impute,0.04814814814814815,1.0,0.9,1.0
373,80,core_first,1,random,0.1,0.0,0.0,0.05
373,80,core_first,1,popular_group,0.1,0.0,0.0,0.0033333333333333335
373,80,core_first,1,raw_distance,0.1,1.0,0.9,1.0
373,80,core_first,1,raw_correlation,0.1,1.0,0.7,1.0
373,80,core_first,1,mf_latent,0.1,1.0,0.8,1.0
373,80,core_first,1,mf_impute,0.1,1.0,0.9,1.0
373,80,core_first,2,random,0.04814814814814815,0.0,0.0,0.05
373,80,core_first,2,popular_group,0.04814814814814815,0.0,0.0,0.003246753246753247
373,80,core_first,2,raw_distance,0.04814814814814815,1.0,0.9,1.0
373,80,core_first,2,raw_correlation,0.04814814814814815,1.0,0.7,1.0
373,80,core_first,2,mf_latent,0.04814814814814815,1.0,0.8,1.0
373,80,core_first,2,mf_impute,0.04814814814814815,1.0,0.9,1.0
378,80,core_first,1,random,0.1,0.0,0.2,0.1111111111111111
378,80,core_first,1,popular_group,0.1,0.0,0.0,0.0033333333333333335
378,80,core_first,1,raw_distance,0.1,0.6,0.6,0.5
378,80,core_first,1,raw_correlation,0.1,0.4,0.3,1.0
378,80,core_first,1,mf_latent,0.1,0.2,0.6,1.0
378,80,core_first,1,mf_impute,0.1,0.6,0.6,0.5
378,80,core_first,2,random,0.012345679012345678,0.0,0.1,0.1111111111111111
378,80,core_first,2,popular_group,0.012345679012345678,0.0,0.0,0.0029411764705882353
378,80,core_first,2,raw_distance,0.012345679012345678,0.2,0.1,0.5
378,80,core_first,2,raw_correlation,0.012345679012345678,0.2,0.1,1.0
378,80,core_first,2,mf_latent,0.012345679012345678,0.2,0.1,1.0
378,80,core_first,2,mf_impute,0.012345679012345678,0.2,0.1,0.5
381,80,core_first,1,random,0.1,0.0,0.0,0.07692307692307693
381,80,core_first,1,popular_group,0.1,0.0,0.0,0.0033333333333333335
381,80,core_first,1,raw_distance,0.1,0.8,0.4,1.0
381,80,core_first,1,raw_correlation,0.1,0.8,0.6,1.0
381,80,core_first,1,mf_latent,0.1,0.8,0.7,1.0
381,80,core_first,1,mf_impute,0.1,1.0,0.7,1.0
381,80,core_first,2,random,0.012345679012345678,0.0,0.0,0.011764705882352941
381,80,core_first,2,popular_group,0.012345679012345678,0.0,0.0,0.0029411764705882353
381,80,core_first,2,raw_distance,0.012345679012345678,0.4,0.2,1.0
381,80,core_first,2,raw_correlation,0.012345679012345678,0.6,0.3,1.0
381,80,core_first,2,mf_latent,0.012345679012345678,0.6,0.4,1.0
381,80,core_first,2,mf_impute,0.012345679012345678,0.6,0.4,1.0
389,80,core_first,1,random,0.1,0.0,0.2,0.125
389,80,core_first,1,popular_group,0.1,0.0,0.0,0.0033333333333333335
389,80,core_first,1,raw_distance,0.1,0.2,0.2,1.0
389,80,core_first,1,raw_correlation,0.1,0.8,0.6,1.0
389,80,core_first,1,mf_latent,0.1,0.4,0.4,1.0
389,80,core_first,1,mf_impute,0.1,1.0,0.8,1.0
389,80,core_first,2,random,0.012345679012345678,0.0,0.1,0.1111111111111111
389,80,core_first,2,popular_group,0.012345679012345678,0.0,0.0,0.0029411764705882353
389,80,core_first,2,raw_distance,0.012345679012345678,0.2,0.2,1.0
389,80,core_first,2,raw_correlation,0.012345679012345678,0.4,0.3,1.0
389,80,core_first,2,mf_latent,0.012345679012345678,0.0,0.1,0.1111111111111111
389,80,core_first,2,mf_impute,0.012345679012345678,0.4,0.3,1.0
403,80,core_first,1,random,0.1,0.0,0.1,0.125
403,80,core_first,1,popular_group,0.1,0.0,0.0,0.0033333333333333335
403,80,core_first,1,raw_distance,0.1,0.2,0.1,1.0
403,80,core_first,1,raw_correlation,0.1,0.2,0.1,1.0
403,80,core_first,1,mf_latent,0.1,0.2,0.1,1.0
403,80,core_first,1,mf_impute,0.1,0.2,0.1,1.0
403,80,core_first,2,random,0.020987654320987655,0.0,0.0,0.004464285714285714
403,80,core_first,2,popular_group,0.020987654320987655,0.0,0.0,0.0028089887640449437
403,80,core_first,2,raw_distance,0.020987654320987655,0.2,0.1,1.0
403,80,core_first,2,raw_correlation,0.020987654320987655,0.2,0.1,1.0
403,80,core_first,2,mf_latent,0.020987654320987655,0.2,0.1,1.0
403,80,core_first,2,mf_impute,0.020987654320987655,0.2,0.1,1.0
408,80,core_first,1,random,0.1,0.2,0.1,0.25
408,80,core_first,1,popular_group,0.1,0.0,0.0,0.0033333333333333335
408,80,core_first,1,raw_distance,0.1,0.6,0.5,1.0
408,80,core_first,1,raw_correlation,0.1,0.4,0.4,1.0
408,80,core_first,1,mf_latent,0.1,0.4,0.4,1.0
408,80,core_first,1,mf_impute,0.1,0.8,0.5,1.0
408,80,core_first,2,random,0.003703703703703704,0.0,0.0,0.004366812227074236
408,80,core_first,2,popular_group,0.003703703703703704,0.0,0.0,0.002617801047120419
408,80,core_first,2,raw_distance,0.003703703703703704,0.4,0.2,1.0
408,80,core_first,2,raw_correlation,0.003703703703703704,0.4,0.2,1.0
408,80,core_first,2,mf_latent,0.003703703703703704,0.2,0.1,1.0
408,80,core_first,2,mf_impute,0.003703703703703704,0.4,0.2,1.0
413,80,core_first,1,random,0.1,0.0,0.1,0.1111111111111111
413,80,core_first,1,popular_group,0.1,0.0,0.0,0.0033333333333333335
413,80,core_first,1,raw_distance,0.1,0.2,0.1,1.0
413,80,core_first,1,raw_correlation,0.1,0.0,0.0,0.08333333333333333
413,80,core_first,1,mf_latent,0.1,0.2,0.1,0.2
413,80,core_first,1,mf_impute,0.1,0.0,0.1,0.1111111111111111
413,80,core_first,2,random,0.0012345679012345679,0.0,0.0,0.0022271714922048997
413,80,core_first,2,popular_group,0.0012345679012345679,0.0,0.0,0.0026246719160104987
413,80,core_first,2,raw_distance,0.0012345679012345679,0.2,0.1,1.0
413,80,core_first,2,raw_correlation,0.0012345679012345679,0.0,0.0,0.045454545454545456
413,80,core_first,2,mf_latent,0.0012345679012345679,0.0,0.0,0.09090909090909091
413,80,core_first,2,mf_impute,0.0012345679012345679,0.0,0.0,0.004032258064516129
415,80,core_first,1,random,0.10123456790123457,0.2,0.1,1.0
415,80,core_first,1,popular_group,0.10123456790123457,0.0,0.0,0.002631578947368421
415,80,core_first,1,raw_distance,0.10123456790123457,0.0,0.0,0.02127659574468085
415,80,core_first,1,raw_correlation,0.10123456790123457,0.0,0.0,0.0625
415,80,core_first,1,mf_latent,0.10123456790123457,0.2,0.2,0.2
415,80,core_first,1,mf_impute,0.10123456790123457,0.0,0.0,0.04
415,80,core_first,2,random,0.0024691358024691358,0.0,0.0,0.0045662100456621
415,80,core_first,2,popular_group,0.0024691358024691358,0.0,0.0,0.002638522427440633
415,80,core_first,2,raw_distance,0.0024691358024691358,0.0,0.0,0.02127659574468085
415,80,core_first,2,raw_correlation,0.0024691358024691358,0.0,0.0,0.0625
415,80,core_first,2,mf_latent,0.0024691358024691358,0.2,0.1,0.2
415,80,core_first,2,mf_impute,0.0024691358024691358,0.0,0.0,0.04
421,80,core_first,1,random,0.10123456790123457,0.2,0.2,1.0
421,80,core_first,1,popular_group,0.10123456790123457,0.0,0.0,0.002631578947368421
421,80,core_first,1,raw_distance,0.10123456790123457,0.4,0.2,0.25
421,80,core_first,1,raw_correlation,0.10123456790123457,0.4,0.3,1.0
421,80,core_first,1,mf_latent,0.10123456790123457,0.8,0.7,1.0
421,80,core_first,1,mf_impute,0.10123456790123457,0.0,0.0,0.03125
421,80,core_first,2,random,0.028395061728395062,0.0,0.0,0.030303030303030304
421,80,core_first,2,popular_group,0.028395061728395062,0.0,0.0,0.002688172043010753
421,80,core_first,2,raw_distance,0.028395061728395062,0.4,0.2,0.25
421,80,core_first,2,raw_correlation,0.028395061728395062,0.4,0.3,1.0
421,80,core_first,2,mf_latent,0.028395061728395062,0.8,0.7,1.0
421,80,core_first,2,mf_impute,0.028395061728395062,0.0,0.0,0.03125
424,80,core_first,1,random,0.10123456790123457,0.0,0.0,0.08333333333333333
424,80,core_first,1,popular_group,0.10123456790123457,0.0,0.0,0.002631578947368421
424,80,core_first,1,raw_distance,0.10123456790123457,0.8,0.8,1.0
424,80,core_first,1,raw_correlation,0.10123456790123457,1.0,0.9,1.0
424,80,core_first,1,mf_latent,0.10123456790123457,0.8,0.7,1.0
424,80,core_first,1,mf_impute,0.10123456790123457,0.8,0.7,1.0
424,80,core_first,2,random,0.028395061728395062,0.0,0.0,0.01639344262295082
424,80,core_first,2,popular_group,0.028395061728395062,0.0,0.0,0.002688172043010753
424,80,core_first,2,raw_distance,0.028395061728395062,0.6,0.3,0.3333333333333333
424,80,core_first,2,raw_correlation,0.028395061728395062,0.6,0.4,0.5
424,80,core_first,2,mf_latent,0.028395061728395062,0.4,0.2,1.0
424,80,core_first,2,mf_impute,0.028395061728395062,0.2,0.2,0.3333333333333333
430,80,core_first,1,random,0.10123456790123457,0.2,0.1,0.2
430,80,core_first,1,popular_group,0.10123456790123457,0.0,0.0,0.002631578947368421
430,80,core_first,1,raw_distance,0.10123456790123457,0.0,0.0,0.037037037037037035
430,80,core_first,1,raw_correlation,0.10123456790123457,0.2,0.2,1.0
430,80,core_first,1,mf_latent,0.10123456790123457,0.6,0.5,1.0
430,80,core_first,1,mf_impute,0.10123456790123457,0.2,0.3,1.0
430,80,core_first,2,random,0.028395061728395062,0.0,0.0,0.038461538461538464
430,80,core_first,2,popular_group,0.028395061728395062,0.0,0.0,0.002688172043010753
430,80,core_first,2,raw_distance,0.028395061728395062,0.0,0.0,0.037037037037037035
430,80,core_first,2,raw_correlation,0.028395061728395062,0.2,0.1,1.0
430,80,core_first,2,mf_latent,0.028395061728395062,0.4,0.4,0.5
430,80,core_first,2,mf_impute,0.028395061728395062,0.0,0.0,0.08333333333333333
432,80,core_first,1,random,0.10123456790123457,0.2,0.2,0.5
432,80,core_first,1,popular_group,0.10123456790123457,0.0,0.0,0.002631578947368421
432,80,core_first,1,raw_distance,0.10123456790123457,0.6,0.4,1.0
432,80,core_first,1,raw_correlation,0.10123456790123457,1.0,0.8,1.0
432,80,core_first,1,mf_latent,0.10123456790123457,0.6,0.6,1.0
432,80,core_first,1,mf_impute,0.10123456790123457,0.4,0.4,1.0
432,80,core_first,2,random,0.028395061728395062,0.2,0.2,0.5
432,80,core_first,2,popular_group,0.028395061728395062,0.0,0.0,0.002688172043010753
432,80,core_first,2,raw_distance,0.028395061728395062,0.6,0.3,1.0
432,80,core_first,2,raw_correlation,0.028395061728395062,0.8,0.4,1.0
432,80,core_first,2,mf_latent,0.028395061728395062,0.6,0.4,1.0
432,80,core_first,2,mf_impute,0.028395061728395062,0.4,0.3,1.0
457,80,core_first,1,random,0.10123456790123457,0.0,0.1,0.1
457,80,core_first,1,popular_group,0.10123456790123457,0.0,0.0,0.002631578947368421
457,80,core_first,1,raw_distance,0.10123456790123457,0.4,0.2,1.0
457,80,core_first,1,raw_correlation,0.10123456790123457,0.8,0.5,1.0
457,80,core_first,1,mf_latent,0.10123456790123457,0.8,0.5,1.0
457,80,core_first,1,mf_impute,0.10123456790123457,0.4,0.4,1.0
457,80,core_first,2,random,0.019753086419753086,0.0,0.0,0.015873015873015872
457,80,core_first,2,popular_group,0.019753086419753086,0.0,0.0,0.0024752475247524753
457,80,core_first,2,raw_distance,0.019753086419753086,0.0,0.0,0.058823529411764705
457,80,core_first,2,raw_correlation,0.019753086419753086,0.2,0.1,0.25
457,80,core_first,2,mf_latent,0.019753086419753086,0.2,0.2,0.3333333333333333
457,80,core_first,2,mf_impute,0.019753086419753086,0.0,0.0,0.07692307692307693
468,80,core_first,1,random,0.10123456790123457,0.2,0.2,0.3333333333333333
468,80,core_first,1,popular_group,0.10123456790123457,0.0,0.0,0.002631578947368421
468,80,core_first,1,raw_distance,0.10123456790123457,0.2,0.1,1.0
468,80,core_first,1,raw_correlation,0.10123456790123457,0.2,0.1,0.5
468,80,core_first,1,mf_latent,0.10123456790123457,0.2,0.1,1.0
468,80,core_first,1,mf_impute,0.10123456790123457,0.0,0.2,0.16666666666666666
468,80,core_first,2,random,0.044444444444444446,0.2,0.2,0.3333333333333333
468,80,core_first,2,popular_group,0.044444444444444446,0.0,0.0,0.002380952380952381
468,80,core_first,2,raw_distance,0.044444444444444446,0.2,0.1,1.0
468,80,core_first,2,raw_correlation,0.044444444444444446,0.2,0.1,0.5
468,80,core_first,2,mf_latent,0.044444444444444446,0.2,0.1,1.0
468,80,core_first,2,mf_impute,0.044444444444444446,0.0,0.1,0.125
473,80,core_first,1,random,0.10123456790123457,0.0,0.1,0.125
473,80,core_first,1,popular_group,0.10123456790123457,0.0,0.0,0.002631578947368421
473,80,core_first,1,raw_distance,0.10123456790123457,0.0,0.1,0.14285714285714285
473,80,core_first,1,raw_correlation,0.10123456790123457,0.2,0.1,0.3333333333333333
473,80,core_first,1,mf_latent,0.10123456790123457,0.2,0.1,0.2
473,80,core_first,1,mf_impute,0.10123456790123457,0.0,0.1,0.14285714285714285
473,80,core_first,2,random,0.044444444444444446,0.0,0.0,0.043478260869565216
473,80,core_first,2,popular_group,0.044444444444444446,0.0,0.0,0.002380952380952381
473,80,core_first,2,raw_distance,0.044444444444444446,0.0,0.0,0.03225806451612903
473,80,core_first,2,raw_correlation,0.044444444444444446,0.2,0.1,0.3333333333333333
473,80,core_first,2,mf_latent,0.044444444444444446,0.2,0.1,0.2
473,80,core_first,2,mf_impute,0.044444444444444446,0.0,0.1,0.14285714285714285
501,80,core_first,1,random,0.10123456790123457,0.0,0.1,0.1111111111111111
501,80,core_first,1,popular_group,0.10123456790123457,0.0,0.0,0.002631578947368421
501,80,core_first,1,raw_distance,0.10123456790123457,0.4,0.3,1.0
501,80,core_first,1,raw_correlation,0.10123456790123457,0.6,0.3,1.0
501,80,core_first,1,mf_latent,0.10123456790123457,0.6,0.4,1.0
501,80,core_first,1,mf_impute,0.10123456790123457,0.8,0.5,1.0
501,80,core_first,2,random,0.003703703703703704,0.0,0.0,0.011111111111111112
501,80,core_first,2,popular_group,0.003703703703703704,0.0,0.0,0.002178649237472767
501,80,core_first,2,raw_distance,0.003703703703703704,0.2,0.1,1.0
501,80,core_first,2,raw_correlation,0.003703703703703704,0.2,0.1,1.0
501,80,core_first,2,mf_latent,0.003703703703703704,0.2,0.1,1.0
501,80,core_first,2,mf_impute,0.003703703703703704,0.2,0.1,1.0
532,80,core_first,1,random,0.12098765432098765,0.2,0.1,1.0
532,80,core_first,1,popular_group,0.12098765432098765,0.0,0.0,0.002173913043478261
532,80,core_first,1,raw_distance,0.12098765432098765,0.4,0.4,1.0
532,80,core_first,1,raw_correlation,0.12098765432098765,0.4,0.4,1.0
532,80,core_first,1,mf_latent,0.12098765432098765,1.0,0.8,1.0
532,80,core_first,1,mf_impute,0.12098765432098765,0.6,0.8,1.0
532,80,core_first,2,random,0.018518518518518517,0.0,0.0,0.03571428571428571
532,80,core_first,2,popular_group,0.018518518518518517,0.0,0.0,0.002136752136752137
532,80,core_first,2,raw_distance,0.018518518518518517,0.4,0.4,1.0
532,80,core_first,2,raw_correlation,0.018518518518518517,0.4,0.3,1.0
532,80,core_first,2,mf_latent,0.018518518518518517,0.8,0.5,1.0
532,80,core_first,2,mf_impute,0.018518518518518517,0.6,0.7,1.0
536,80,core_first,1,random,0.12098765432098765,0.0,0.0,0.05555555555555555
536,80,core_first,1,popular_group,0.12098765432098765,0.0,0.0,0.002173913043478261
536,80,core_first,1,raw_distance,0.12098765432098765,1.0,0.9,1.0
536,80,core_first,1,raw_correlation,0.12098765432098765,1.0,0.9,1.0
536,80,core_first,1,mf_latent,0.12098765432098765,1.0,0.9,1.0
536,80,core_first,1,mf_impute,0.12098765432098765,1.0,0.9,1.0
536,80,core_first,2,random,0.018518518518518517,0.0,0.0,0.03225806451612903
536,80,core_first,2,popular_group,0.018518518518518517,0.0,0.0,0.002136752136752137
536,80,core_first,2,raw_distance,0.018518518518518517,1.0,0.6,1.0
536,80,core_first,2,raw_correlation,0.018518518518518517,1.0,0.7,1.0
536,80,core_first,2,mf_latent,0.018518518518518517,1.0,0.7,1.0
536,80,core_first,2,mf_impute,0.018518518518518517,1.0,0.7,1.0
538,80,core_first,1,random,0.12098765432098765,0.0,0.3,0.125
538,80,core_first,1,popular_group,0.12098765432098765,0.0,0.0,0.002173913043478261
538,80,core_first,1,raw_distance,0.12098765432098765,1.0,0.9,1.0
538,80,core_first,1,raw_correlation,0.12098765432098765,1.0,0.8,1.0
538,80,core_first,1,mf_latent,0.12098765432098765,1.0,1.0,1.0
538,80,core_first,1,mf_impute,0.12098765432098765,1.0,0.9,1.0
538,80,core_first,2,random,0.018518518518518517,0.0,0.1,0.125
538,80,core_first,2,popular_group,0.018518518518518517,0.0,0.0,0.002136752136752137
538,80,core_first,2,raw_distance,0.018518518518518517,0.8,0.8,1.0
538,80,core_first,2,raw_correlation,0.018518518518518517,1.0,0.7,1.0
538,80,core_first,2,mf_latent,0.018518518518518517,0.4,0.6,1.0
538,80,core_first,2,mf_impute,0.018518518518518517,0.6,0.6,1.0
563,80,core_first,1,random,0.12098765432098765,0.0,0.2,0.125
563,80,core_first,1,popular_group,0.12098765432098765,0.0,0.0,0.002173913043478261
563,80,core_first,1,raw_distance,0.12098765432098765,1.0,0.7,1.0
563,80,core_first,1,raw_correlation,0.12098765432098765,1.0,0.6,1.0
563,80,core_first,1,mf_latent,0.12098765432098765,1.0,0.9,1.0
563,80,core_first,1,mf_impute,0.12098765432098765,0.6,0.6,1.0
563,80,core_first,2,random,0.03827160493827161,0.0,0.0,0.05263157894736842
563,80,core_first,2,popular_group,0.03827160493827161,0.0,0.0,0.002066115702479339
563,80,core_first,2,raw_distance,0.03827160493827161,1.0,0.6,1.0
563,80,core_first,2,raw_correlation,0.03827160493827161,1.0,0.6,1.0
563,80,core_first,2,mf_latent,0.03827160493827161,0.8,0.8,1.0
563,80,core_first,2,mf_impute,0.03827160493827161,0.6,0.6,1.0
570,80,core_first,1,random,0.12098765432098765,0.0,0.0,0.07142857142857142
570,80,core_first,1,popular_group,0.12098765432098765,0.0,0.0,0.002173913043478261
570,80,core_first,1,raw_distance,0.12098765432098765,0.8,0.8,1.0
570,80,core_first,1,raw_correlation,0.12098765432098765,0.8,0.8,1.0
570,80,core_first,1,mf_latent,0.12098765432098765,1.0,1.0,1.0
570,80,core_first,1,mf_impute,0.12098765432098765,0.8,0.9,1.0
570,80,core_first,2,random,0.03827160493827161,0.0,0.0,0.023255813953488372
570,80,core_first,2,popular_group,0.03827160493827161,0.0,0.0,0.002066115702479339
570,80,core_first,2,raw_distance,0.03827160493827161,0.8,0.6,1.0
570,80,core_first,2,raw_correlation,0.03827160493827161,0.6,0.5,1.0
570,80,core_first,2,mf_latent,0.03827160493827161,0.6,0.5,1.0
570,80,core_first,2,mf_impute,0.03827160493827161,0.4,0.5,0.3333333333333333
582,80,core_first,1,random,0.12098765432098765,0.0,0.1,0.125
582,80,core_first,1,popular_group,0.12098765432098765,0.0,0.0,0.002173913043478261
582,80,core_first,1,raw_distance,0.12098765432098765,1.0,1.0,1.0
582,80,core_first,1,raw_correlation,0.12098765432098765,1.0,1.0,1.0
582,80,core_first,1,mf_latent,0.12098765432098765,1.0,0.9,1.0
582,80,core_first,1,mf_impute,0.12098765432098765,0.8,0.8,1.0
582,80,core_first,2,random,0.037037037037037035,0.0,0.1,0.125
582,80,core_first,2,popular_group,0.037037037037037035,0.0,0.0,0.001937984496124031
582,80,core_first,2,raw_distance,0.037037037037037035,0.2,0.1,1.0
582,80,core_first,2,raw_correlation,0.037037037037037035,0.4,0.2,1.0
582,80,core_first,2,mf_latent,0.037037037037037035,0.4,0.3,1.0
582,80,core_first,2,mf_impute,0.037037037037037035,0.2,0.1,1.0
591,80,core_first,1,random,0.12098765432098765,0.0,0.0,0.058823529411764705
591,80,core_first,1,popular_group,0.12098765432098765,0.0,0.0,0.002173913043478261
591,80,core_first,1,raw_distance,0.12098765432098765,1.0,0.7,1.0
591,80,core_first,1,raw_correlation,0.12098765432098765,1.0,0.8,1.0
591,80,core_first,1,mf_latent,0.12098765432098765,0.8,0.7,1.0
591,80,core_first,1,mf_impute,0.12098765432098765,0.8,0.6,1.0
591,80,core_first,2,random,0.037037037037037035,0.0,0.0,0.047619047619047616
591,80,core_first,2,popular_group,0.037037037037037035,0.0,0.0,0.001937984496124031
591,80,core_first,2,raw_distance,0.037037037037037035,0.8,0.5,1.0
591,80,core_first,2,raw_correlation,0.037037037037037035,0.8,0.6,1.0
591,80,core_first,2,mf_latent,0.037037037037037035,0.6,0.4,1.0
591,80,core_first,2,mf_impute,0.037037037037037035,0.6,0.4,1.0
594,80,core_first,1,random,0.12098765432098765,0.0,0.0,0.05263157894736842
594,80,core_first,1,popular_group,0.12098765432098765,0.0,0.0,0.002173913043478261
594,80,core_first,1,raw_distance,0.12098765432098765,0.4,0.2,1.0
594,80,core_first,1,raw_correlation,0.12098765432098765,0.8,0.6,1.0
594,80,core_first,1,mf_latent,0.12098765432098765,0.6,0.3,1.0
594,80,core_first,1,mf_impute,0.12098765432098765,0.6,0.3,1.0
594,80,core_first,2,random,0.037037037037037035,0.0,0.0,0.013333333333333334
594,80,core_first,2,popular_group,0.037037037037037035,0.0,0.0,0.001937984496124031
594,80,core_first,2,raw_distance,0.037037037037037035,0.4,0.2,1.0
594,80,core_first,2,raw_correlation,0.037037037037037035,0.8,0.5,1.0
594,80,core_first,2,mf_latent,0.037037037037037035,0.4,0.2,1.0
594,80,core_first,2,mf_impute,0.037037037037037035,0.4,0.2,1.0
596,80,core_first,1,random,0.12098765432098765,0.0,0.2,0.16666666666666666
596,80,core_first,1,popular_group,0.12098765432098765,0.0,0.0,0.002173913043478261
596,80,core_first,1,raw_distance,0.12098765432098765,0.6,0.6,1.0
596,80,core_first,1,raw_correlation,0.12098765432098765,1.0,1.0,1.0
596,80,core_first,1,mf_latent,0.12098765432098765,0.6,0.7,0.5
596,80,core_first,1,mf_impute,0.12098765432098765,1.0,0.8,1.0
596,80,core_first,2,random,0.037037037037037035,0.0,0.1,0.16666666666666666
596,80,core_first,2,popular_group,0.037037037037037035,0.0,0.0,0.001937984496124031
596,80,core_first,2,raw_distance,0.037037037037037035,0.6,0.5,1.0
596,80,core_first,2,raw_correlation,0.037037037037037035,0.4,0.3,1.0
596,80,core_first,2,mf_latent,0.037037037037037035,0.2,0.4,0.5
596,80,core_first,2,mf_impute,0.037037037037037035,0.2,0.2,0.3333333333333333
597,80,core_first,1,random,0.12098765432098765,0.0,0.2,0.14285714285714285
597,80,core_first,1,popular_group,0.12098765432098765,0.0,0.0,0.002173913043478261
597,80,core_first,1,raw_distance,0.12098765432098765,1.0,0.9,1.0
597,80,core_first,1,raw_correlation,0.12098765432098765,1.0,0.8,1.0
597,80,core_first,1,mf_latent,0.12098765432098765,1.0,0.9,1.0
597,80,core_first,1,mf_impute,0.12098765432098765,1.0,0.9,1.0
597,80,core_first,2,random,0.037037037037037035,0.0,0.1,0.14285714285714285
597,80,core_first,2,popular_group,0.037037037037037035,0.0,0.0,0.001937984496124031
597,80,core_first,2,raw_distance,0.037037037037037035,1.0,0.9,1.0
597,80,core_first,2,raw_correlation,0.037037037037037035,1.0,0.8,1.0
597,80,core_first,2,mf_latent,0.037037037037037035,1.0,0.9,1.0
597,80,core_first,2,mf_impute,0.037037037037037035,1.0,0.9,1.0
605,80,core_first,1,random,0.12098765432098765,0.2,0.3,0.3333333333333333
605,80,core_first,1,popular_group,0.12098765432098765,0.0,0.0,0.002173913043478261
605,80,core_first,1,raw_distance,0.12098765432098765,0.8,0.6,1.0
605,80,core_first,1,raw_correlation,0.12098765432098765,0.2,0.2,1.0
605,80,core_first,1,mf_latent,0.12098765432098765,0.6,0.4,1.0
605,80,core_first,1,mf_impute,0.12098765432098765,0.2,0.3,0.25
605,80,core_first,2,random,0.037037037037037035,0.2,0.3,0.3333333333333333
605,80,core_first,2,popular_group,0.037037037037037035,0.0,0.0,0.001937984496124031
605,80,core_first,2,raw_distance,0.037037037037037035,0.8,0.6,1.0
605,80,core_first,2,raw_correlation,0.037037037037037035,0.2,0.2,1.0
605,80,core_first,2,mf_latent,0.037037037037037035,0.6,0.4,1.0
605,80,core_first,2,mf_impute,0.037037037037037035,0.2,0.3,0.25
607,80,core_first,1,random,0.12098765432098765,0.0,0.1,0.125
607,80,core_first,1,popular_group,0.12098765432098765,0.0,0.0,0.002173913043478261
607,80,core_first,1,raw_distance,0.12098765432098765,0.8,0.8,0.5
607,80,core_first,1,raw_correlation,0.12098765432098765,0.6,0.7,1.0
607,80,core_first,1,mf_latent,0.12098765432098765,1.0,0.8,1.0
607,80,core_first,1,mf_impute,0.12098765432098765,0.8,0.4,1.0
607,80,core_first,2,random,0.037037037037037035,0.0,0.0,0.008695652173913044
607,80,core_first,2,popular_group,0.037037037037037035,0.0,0.0,0.001937984496124031
607,80,core_first,2,raw_distance,0.037037037037037035,0.8,0.8,0.5
607,80,core_first,2,raw_correlation,0.037037037037037035,0.6,0.7,1.0
607,80,core_first,2,mf_latent,0.037037037037037035,1.0,0.8,1.0
607,80,core_first,2,mf_impute,0.037037037037037035,0.8,0.4,1.0
627,80,core_first,1,random,0.15185185185185185,0.0,0.0,0.06666666666666667
627,80,core_first,1,popular_group,0.15185185185185185,1.0,1.0,1.0
627,80,core_first,1,raw_distance,0.15185185185185185,1.0,0.5,1.0
627,80,core_first,1,raw_correlation,0.15185185185185185,0.8,0.8,1.0
627,80,core_first,1,mf_latent,0.15185185185185185,1.0,0.6,1.0
627,80,core_first,1,mf_impute,0.15185185185185185,1.0,0.6,1.0
627,80,core_first,2,random,0.08271604938271605,0.0,0.0,0.058823529411764705
627,80,core_first,2,popular_group,0.08271604938271605,1.0,1.0,1.0
627,80,core_first,2,raw_distance,0.08271604938271605,1.0,0.5,1.0
627,80,core_first,2,raw_correlation,0.08271604938271605,0.8,0.7,1.0
627,80,core_first,2,mf_latent,0.08271604938271605,0.8,0.5,1.0
627,80,core_first,2,mf_impute,0.08271604938271605,1.0,0.6,1.0
628,80,core_first,1,random,0.15185185185185185,0.4,0.2,0.3333333333333333
628,80,core_first,1,popular_group,0.15185185185185185,1.0,1.0,1.0
628,80,core_first,1,raw_distance,0.15185185185185185,1.0,0.5,1.0
628,80,core_first,1,raw_correlation,0.15185185185185185,1.0,0.7,1.0
628,80,core_first,1,mf_latent,0.15185185185185185,0.2,0.1,0.2
628,80,core_first,1,mf_impute,0.15185185185185185,0.8,0.5,1.0
628,80,core_first,2,random,0.08271604938271605,0.0,0.0,0.047619047619047616
628,80,core_first,2,popular_group,0.08271604938271605,1.0,1.0,1.0
628,80,core_first,2,raw_distance,0.08271604938271605,1.0,0.5,1.0
628,80,core_first,2,raw_correlation,0.08271604938271605,1.0,0.7,1.0
628,80,core_first,2,mf_latent,0.08271604938271605,0.2,0.1,0.2
628,80,core_first,2,mf_impute,0.08271604938271605,0.8,0.5,1.0
645,80,core_first,1,random,0.15185185185185185,0.2,0.2,0.25
645,80,core_first,1,popular_group,0.15185185185185185,1.0,1.0,1.0
645,80,core_first,1,raw_distance,0.15185185185185185,0.8,0.6,1.0
645,80,core_first,1,raw_correlation,0.15185185185185185,0.8,0.8,1.0
645,80,core_first,1,mf_latent,0.15185185185185185,0.8,0.9,1.0
645,80,core_first,1,mf_impute,0.15185185185185185,1.0,1.0,1.0
645,80,core_first,2,random,0.08271604938271605,0.0,0.0,0.0625
645,80,core_first,2,popular_group,0.08271604938271605,1.0,1.0,1.0
645,80,core_first,2,raw_distance,0.08271604938271605,0.8,0.6,1.0
645,80,core_first,2,raw_correlation,0.08271604938271605,0.8,0.7,1.0
645,80,core_first,2,mf_latent,0.08271604938271605,0.8,0.9,1.0
645,80,core_first,2,mf_impute,0.08271604938271605,0.8,0.9,1.0
649,80,core_first,1,random,0.15185185185185185,0.0,0.1,0.125
649,80,core_first,1,popular_group,0.15185185185185185,1.0,1.0,1.0
649,80,core_first,1,raw_distance,0.15185185185185185,0.8,0.9,1.0
649,80,core_first,1,raw_correlation,0.15185185185185185,1.0,1.0,1.0
649,80,core_first,1,mf_latent,0.15185185185185185,1.0,0.8,1.0
649,80,core_first,1,mf_impute,0.15185185185185185,0.8,0.9,1.0
649,80,core_first,2,random,0.08271604938271605,0.0,0.0,0.07692307692307693
649,80,core_first,2,popular_group,0.08271604938271605,1.0,1.0,1.0
649,80,core_first,2,raw_distance,0.08271604938271605,0.8,0.9,1.0
649,80,core_first,2,raw_correlation,0.08271604938271605,1.0,1.0,1.0
649,80,core_first,2,mf_latent,0.08271604938271605,1.0,0.8,1.0
649,80,core_first,2,mf_impute,0.08271604938271605,0.8,0.9,1.0
652,80,core_first,1,random,0.15185185185185185,0.4,0.2,0.5
652,80,core_first,1,popular_group,0.15185185185185185,1.0,1.0,1.0
652,80,core_first,1,raw_distance,0.15185185185185185,0.8,0.7,1.0
652,80,core_first,1,raw_correlation,0.15185185185185185,0.8,0.7,1.0
652,80,core_first,1,mf_latent,0.15185185185185185,0.8,0.9,1.0
652,80,core_first,1,mf_impute,0.15185185185185185,0.8,0.8,1.0
652,80,core_first,2,random,0.08271604938271605,0.0,0.0,0.05
652,80,core_first,2,popular_group,0.08271604938271605,1.0,1.0,1.0
652,80,core_first,2,raw_distance,0.08271604938271605,0.8,0.7,1.0
652,80,core_first,2,raw_correlation,0.08271604938271605,0.8,0.7,1.0
652,80,core_first,2,mf_latent,0.08271604938271605,0.8,0.9,1.0
652,80,core_first,2,mf_impute,0.08271604938271605,0.8,0.8,1.0
654,80,core_first,1,random,0.15185185185185185,0.2,0.1,1.0
654,80,core_first,1,popular_group,0.15185185185185185,1.0,1.0,1.0
654,80,core_first,1,raw_distance,0.15185185185185185,1.0,0.9,1.0
654,80,core_first,1,raw_correlation,0.15185185185185185,0.8,0.9,1.0
654,80,core_first,1,mf_latent,0.15185185185185185,1.0,1.0,1.0
654,80,core_first,1,mf_impute,0.15185185185185185,1.0,1.0,1.0
654,80,core_first,2,random,0.08271604938271605,0.0,0.0,0.04
654,80,core_first,2,popular_group,0.08271604938271605,1.0,1.0,1.0
654,80,core_first,2,raw_distance,0.08271604938271605,1.0,0.9,1.0
654,80,core_first,2,raw_correlation,0.08271604938271605,0.8,0.6,1.0
654,80,core_first,2,mf_latent,0.08271604938271605,0.8,0.9,1.0
654,80,core_first,2,mf_impute,0.08271604938271605,0.8,0.9,1.0
669,80,core_first,1,random,0.15185185185185185,0.0,0.0,0.047619047619047616
669,80,core_first,1,popular_group,0.15185185185185185,1.0,1.0,1.0
669,80,core_first,1,raw_distance,0.15185185185185185,1.0,1.0,1.0
669,80,core_first,1,raw_correlation,0.15185185185185185,1.0,1.0,1.0
669,80,core_first,1,mf_latent,0.15185185185185185,1.0,1.0,1.0
669,80,core_first,1,mf_impute,0.15185185185185185,1.0,1.0,1.0
669,80,core_first,2,random,0.08271604938271605,0.0,0.0,0.047619047619047616
669,80,core_first,2,popular_group,0.08271604938271605,1.0,1.0,1.0
669,80,core_first,2,raw_distance,0.08271604938271605,1.0,1.0,1.0
669,80,core_first,2,raw_correlation,0.08271604938271605,1.0,1.0,1.0
669,80,core_first,2,mf_latent,0.08271604938271605,1.0,1.0,1.0
669,80,core_first,2,mf_impute,0.08271604938271605,1.0,1.0,1.0
689,80,core_first,1,random,0.15185185185185185,0.4,0.4,1.0
689,80,core_first,1,popular_group,0.15185185185185185,1.0,1.0,1.0
689,80,core_first,1,raw_distance,0.15185185185185185,0.4,0.3,1.0
689,80,core_first,1,raw_correlation,0.15185185185185185,1.0,0.9,1.0
689,80,core_first,1,mf_latent,0.15185185185185185,0.8,0.7,1.0
689,80,core_first,1,mf_impute,0.15185185185185185,0.8,0.8,1.0
689,80,core_first,2,random,0.08271604938271605,0.0,0.1,0.1111111111111111
689,80,core_first,2,popular_group,0.08271604938271605,1.0,1.0,1.0
689,80,core_first,2,raw_distance,0.08271604938271605,0.4,0.3,1.0
689,80,core_first,2,raw_correlation,0.08271604938271605,0.0,0.0,0.06666666666666667
689,80,core_first,2,mf_latent,0.08271604938271605,0.0,0.0,0.07692307692307693
689,80,core_first,2,mf_impute,0.08271604938271605,0.2,0.4,0.25
690,80,core_first,1,random,0.15185185185185185,0.2,0.1,0.25
690,80,core_first,1,popular_group,0.15185185185185185,1.0,1.0,1.0
690,80,core_first,1,raw_distance,0.15185185185185185,0.8,0.7,1.0
690,80,core_first,1,raw_correlation,0.15185185185185185,1.0,1.0,1.0
690,80,core_first,1,mf_latent,0.15185185185185185,1.0,1.0,1.0
690,80,core_first,1,mf_impute,0.15185185185185185,1.0,0.9,1.0
690,80,core_first,2,random,0.08271604938271605,0.2,0.1,0.25
690,80,core_first,2,popular_group,0.08271604938271605,1.0,1.0,1.0
690,80,core_first,2,raw_distance,0.08271604938271605,0.8,0.7,1.0
690,80,core_first,2,raw_correlation,0.08271604938271605,1.0,0.7,1.0
690,80,core_first,2,mf_latent,0.08271604938271605,1.0,1.0,1.0
690,80,core_first,2,mf_impute,0.08271604938271605,1.0,0.9,1.0
696,80,core_first,1,random,0.15185185185185185,0.4,0.2,0.3333333333333333
696,80,core_first,1,popular_group,0.15185185185185185,1.0,1.0,1.0
696,80,core_first,1,raw_distance,0.15185185185185185,0.8,0.8,1.0
696,80,core_first,1,raw_correlation,0.15185185185185185,0.8,0.7,1.0
696,80,core_first,1,mf_latent,0.15185185185185185,1.0,1.0,1.0
696,80,core_first,1,mf_impute,0.15185185185185185,1.0,1.0,1.0
696,80,core_first,2,random,0.08271604938271605,0.2,0.1,0.25
696,80,core_first,2,popular_group,0.08271604938271605,1.0,1.0,1.0
696,80,core_first,2,raw_distance,0.08271604938271605,0.8,0.7,1.0
696,80,core_first,2,raw_correlation,0.08271604938271605,0.8,0.7,1.0
696,80,core_first,2,mf_latent,0.08271604938271605,1.0,0.9,1.0
696,80,core_first,2,mf_impute,0.08271604938271605,1.0,0.9,1.0
700,80,core_first,1,random,0.15185185185185185,0.0,0.2,0.14285714285714285
700,80,core_first,1,popular_group,0.15185185185185185,1.0,1.0,1.0
700,80,core_first,1,raw_distance,0.15185185185185185,1.0,0.9,1.0
700,80,core_first,1,raw_correlation,0.15185185185185185,0.8,0.7,1.0
700,80,core_first,1,mf_latent,0.15185185185185185,1.0,1.0,1.0
700,80,core_first,1,mf_impute,0.15185185185185185,1.0,1.0,1.0
700,80,core_first,2,random,0.030864197530864196,0.0,0.1,0.1111111111111111
700,80,core_first,2,popular_group,0.030864197530864196,0.0,0.0,0.0015873015873015873
700,80,core_first,2,raw_distance,0.030864197530864196,0.6,0.5,1.0
700,80,core_first,2,raw_correlation,0.030864197530864196,0.6,0.5,1.0
700,80,core_first,2,mf_latent,0.030864197530864196,0.8,0.8,1.0
700,80,core_first,2,mf_impute,0.030864197530864196,1.0,0.6,1.0
701,80,core_first,1,random,0.15185185185185185,0.2,0.3,0.5
701,80,core_first,1,popular_group,0.15185185185185185,1.0,1.0,1.0
701,80,core_first,1,raw_distance,0.15185185185185185,1.0,1.0,1.0
701,80,core_first,1,raw_correlation,0.15185185185185185,1.0,0.9,1.0
701,80,core_first,1,mf_latent,0.15185185185185185,1.0,0.8,1.0
701,80,core_first,1,mf_impute,0.15185185185185185,1.0,1.0,1.0
701,80,core_first,2,random,0.030864197530864196,0.0,0.1,0.16666666666666666
701,80,core_first,2,popular_group,0.030864197530864196,0.0,0.0,0.0015873015873015873
701,80,core_first,2,raw_distance,0.030864197530864196,1.0,0.6,1.0
701,80,core_first,2,raw_correlation,0.030864197530864196,0.8,0.7,1.0
701,80,core_first,2,mf_latent,0.030864197530864196,0.6,0.5,1.0
701,80,core_first,2,mf_impute,0.030864197530864196,0.8,0.5,1.0
726,80,core_first,1,random,0.15185185185185185,0.2,0.3,0.2
726,80,core_first,1,popular_group,0.15185185185185185,1.0,1.0,1.0
726,80,core_first,1,raw_distance,0.15185185185185185,0.4,0.2,1.0
726,80,core_first,1,raw_correlation,0.15185185185185185,0.4,0.3,1.0
726,80,core_first,1,mf_latent,0.15185185185185185,0.2,0.2,1.0
726,80,core_first,1,mf_impute,0.15185185185185185,0.2,0.2,0.25
726,80,core_first,2,random,0.014814814814814815,0.0,0.0,0.034482758620689655
726,80,core_first,2,popular_group,0.014814814814814815,0.0,0.0,0.0015600624024961
726,80,core_first,2,raw_distance,0.014814814814814815,0.4,0.2,1.0
726,80,core_first,2,raw_correlation,0.014814814814814815,0.4,0.2,1.0
726,80,core_first,2,mf_latent,0.014814814814814815,0.2,0.2,1.0
726,80,core_first,2,mf_impute,0.014814814814814815,0.2,0.1,0.25
744,80,core_first,1,random,0.15185185185185185,0.4,0.2,1.0
744,80,core_first,1,popular_group,0.15185185185185185,1.0,1.0,1.0
744,80,core_first,1,raw_distance,0.15185185185185185,1.0,1.0,1.0
744,80,core_first,1,raw_correlation,0.15185185185185185,1.0,0.9,1.0
744,80,core_first,1,mf_latent,0.15185185185185185,1.0,0.8,1.0
744,80,core_first,1,mf_impute,0.15185185185185185,1.0,0.9,1.0
744,80,core_first,2,random,0.014814814814814815,0.0,0.0,0.05263157894736842
744,80,core_first,2,popular_group,0.014814814814814815,0.0,0.0,0.0015220700152207
744,80,core_first,2,raw_distance,0.014814814814814815,0.4,0.3,1.0
744,80,core_first,2,raw_correlation,0.014814814814814815,0.2,0.4,1.0
744,80,core_first,2,mf_latent,0.014814814814814815,0.4,0.3,1.0
744,80,core_first,2,mf_impute,0.014814814814814815,0.2,0.4,1.0
749,80,core_first,1,random,0.15185185185185185,0.4,0.2,0.5
749,80,core_first,1,popular_group,0.15185185185185185,1.0,1.0,1.0
749,80,core_first,1,raw_distance,0.15185185185185185,0.6,0.4,1.0
749,80,core_first,1,raw_correlation,0.15185185185185185,1.0,0.8,1.0
749,80,core_first,1,mf_latent,0.15185185185185185,1.0,0.7,1.0
749,80,core_first,1,mf_impute,0.15185185185185185,1.0,1.0,1.0
749,80,core_first,2,random,0.014814814814814815,0.2,0.1,0.2
749,80,core_first,2,popular_group,0.014814814814814815,0.0,0.0,0.0015220700152207
749,80,core_first,2,raw_distance,0.014814814814814815,0.0,0.0,0.05
749,80,core_first,2,raw_correlation,0.014814814814814815,0.0,0.0,0.018867924528301886
749,80,core_first,2,mf_latent,0.014814814814814815,0.2,0.1,0.5
749,80,core_first,2,mf_impute,0.014814814814814815,0.0,0.0,0.02127659574468085
750,80,core_first,1,random,0.15185185185185185,0.0,0.2,0.14285714285714285
750,80,core_first,1,popular_group,0.15185185185185185,1.0,1.0,1.0
750,80,core_first,1,raw_distance,0.15185185185185185,0.8,0.7,1.0
750,80,core_first,1,raw_correlation,0.15185185185185185,1.0,0.9,1.0
750,80,core_first,1,mf_latent,0.15185185185185185,1.0,0.8,1.0
750,80,core_first,1,mf_impute,0.15185185185185185,1.0,1.0,1.0
750,80,core_first,2,random,0.014814814814814815,0.0,0.1,0.14285714285714285
750,80,core_first,2,popular_group,0.014814814814814815,0.0,0.0,0.0015220700152207
750,80,core_first,2,raw_distance,0.014814814814814815,0.2,0.1,1.0
750,80,core_first,2,raw_correlation,0.014814814814814815,0.4,0.3,1.0
750,80,core_first,2,mf_latent,0.014814814814814815,0.4,0.3,1.0
750,80,core_first,2,mf_impute,0.014814814814814815,0.4,0.2,1.0
766,80,core_first,1,random,0.03827160493827161,0.0,0.0,0.019230769230769232
766,80,core_first,1,popular_group,0.03827160493827161,0.0,0.0,0.0014727540500736377
766,80,core_first,1,raw_distance,0.03827160493827161,0.6,0.3,1.0
766,80,core_first,1,raw_correlation,0.03827160493827161,0.8,0.8,1.0
766,80,core_first,1,mf_latent,0.03827160493827161,0.6,0.4,1.0
766,80,core_first,1,mf_impute,0.03827160493827161,0.4,0.2,1.0
766,80,core_first,2,random,0.006172839506172839,0.0,0.0,0.00819672131147541
766,80,core_first,2,popular_group,0.006172839506172839,0.0,0.0,0.0014285714285714286
766,80,core_first,2,raw_distance,0.006172839506172839,0.4,0.2,1.0
766,80,core_first,2,raw_correlation,0.006172839506172839,0.4,0.3,1.0
766,80,core_first,2,mf_latent,0.006172839506172839,0.4,0.2,0.5
766,80,core_first,2,mf_impute,0.006172839506172839,0.2,0.1,0.5
772,80,core_first,1,random,0.03827160493827161,0.0,0.0,0.016129032258064516
772,80,core_first,1,popular_group,0.03827160493827161,0.0,0.0,0.0014727540500736377
772,80,core_first,1,raw_distance,0.03827160493827161,0.6,0.3,1.0
772,80,core_first,1,raw_correlation,0.03827160493827161,0.8,0.5,1.0
772,80,core_first,1,mf_latent,0.03827160493827161,0.6,0.4,1.0
772,80,core_first,1,mf_impute,0.03827160493827161,0.4,0.3,1.0
772,80,core_first,2,random,0.008641975308641974,0.0,0.0,0.012658227848101266
772,80,core_first,2,popular_group,0.008641975308641974,0.0,0.0,0.001443001443001443
772,80,core_first,2,raw_distance,0.008641975308641974,0.2,0.1,1.0
772,80,core_first,2,raw_correlation,0.008641975308641974,0.4,0.2,1.0
772,80,core_first,2,mf_latent,0.008641975308641974,0.2,0.2,1.0
772,80,core_first,2,mf_impute,0.008641975308641974,0.2,0.1,1.0
794,80,core_first,1,random,0.12469135802469136,0.2,0.2,0.25
794,80,core_first,1,popular_group,0.12469135802469136,0.0,0.0,0.008064516129032258
794,80,core_first,1,raw_distance,0.12469135802469136,0.8,0.6,1.0
794,80,core_first,1,raw_correlation,0.12469135802469136,1.0,0.8,1.0
794,80,core_first,1,mf_latent,0.12469135802469136,1.0,0.8,1.0
794,80,core_first,1,mf_impute,0.12469135802469136,1.0,0.8,1.0
794,80,core_first,2,random,0.014814814814814815,0.0,0.0,0.04
794,80,core_first,2,popular_group,0.014814814814814815,0.0,0.0,0.0014184397163120568
794,80,core_first,2,raw_distance,0.014814814814814815,0.8,0.6,1.0
794,80,core_first,2,raw_correlation,0.014814814814814815,1.0,0.8,1.0
794,80,core_first,2,mf_latent,0.014814814814814815,1.0,0.8,1.0
794,80,core_first,2,mf_impute,0.014814814814814815,1.0,0.8,1.0
801,80,core_first,1,random,0.12469135802469136,0.0,0.1,0.16666666666666666
801,80,core_first,1,popular_group,0.12469135802469136,0.0,0.0,0.008064516129032258
801,80,core_first,1,raw_distance,0.12469135802469136,1.0,0.8,1.0
801,80,core_first,1,raw_correlation,0.12469135802469136,1.0,0.8,1.0
801,80,core_first,1,mf_latent,0.12469135802469136,1.0,0.8,1.0
801,80,core_first,1,mf_impute,0.12469135802469136,1.0,0.8,1.0
801,80,core_first,2,random,0.014814814814814815,0.0,0.0,0.022727272727272728
801,80,core_first,2,popular_group,0.014814814814814815,0.0,0.0,0.0014184397163120568
801,80,core_first,2,raw_distance,0.014814814814814815,1.0,0.8,1.0
801,80,core_first,2,raw_correlation,0.014814814814814815,1.0,0.8,1.0
801,80,core_first,2,mf_latent,0.014814814814814815,1.0,0.8,1.0
801,80,core_first,2,mf_impute,0.014814814814814815,1.0,0.8,1.0
803,80,core_first,1,random,0.12469135802469136,0.0,0.1,0.14285714285714285
803,80,core_first,1,popular_group,0.12469135802469136,0.0,0.0,0.008064516129032258
803,80,core_first,1,raw_distance,0.12469135802469136,1.0,0.8,1.0
803,80,core_first,1,raw_correlation,0.12469135802469136,1.0,0.8,1.0
803,80,core_first,1,mf_latent,0.12469135802469136,1.0,0.8,1.0
803,80,core_first,1,mf_impute,0.12469135802469136,1.0,0.8,1.0
803,80,core_first,2,random,0.014814814814814815,0.0,0.0,0.004366812227074236
803,80,core_first,2,popular_group,0.014814814814814815,0.0,0.0,0.0014184397163120568
803,80,core_first,2,raw_distance,0.014814814814814815,1.0,0.8,1.0
803,80,core_first,2,raw_correlation,0.014814814814814815,1.0,0.8,1.0
803,80,core_first,2,mf_latent,0.014814814814814815,1.0,0.8,1.0
803,80,core_first,2,mf_impute,0.014814814814814815,1.0,0.8,1.0
830,80,core_first,1,random,0.12469135802469136,0.2,0.2,0.2
830,80,core_first,1,popular_group,0.12469135802469136,0.0,0.0,0.008064516129032258
830,80,core_first,1,raw_distance,0.12469135802469136,1.0,1.0,1.0
830,80,core_first,1,raw_correlation,0.12469135802469136,1.0,1.0,1.0
830,80,core_first,1,mf_latent,0.12469135802469136,1.0,1.0,1.0
830,80,core_first,1,mf_impute,0.12469135802469136,1.0,1.0,1.0
830,80,core_first,2,random,0.08271604938271605,0.0,0.1,0.16666666666666666
830,80,core_first,2,popular_group,0.08271604938271605,0.0,0.0,0.014492753623188406
830,80,core_first,2,raw_distance,0.08271604938271605,1.0,1.0,1.0
830,80,core_first,2,raw_correlation,0.08271604938271605,1.0,1.0,1.0
830,80,core_first,2,mf_latent,0.08271604938271605,1.0,1.0,1.0
830,80,core_first,2,mf_impute,0.08271604938271605,1.0,1.0,1.0
837,80,core_first,1,random,0.12469135802469136,0.2,0.1,0.2
837,80,core_first,1,popular_group,0.12469135802469136,0.0,0.0,0.008064516129032258
837,80,core_first,1,raw_distance,0.12469135802469136,1.0,0.9,1.0
837,80,core_first,1,raw_correlation,0.12469135802469136,0.8,0.8,1.0
837,80,core_first,1,mf_latent,0.12469135802469136,1.0,1.0,1.0
837,80,core_first,1,mf_impute,0.12469135802469136,1.0,1.0,1.0
837,80,core_first,2,random,0.08271604938271605,0.0,0.0,0.05
837,80,core_first,2,popular_group,0.08271604938271605,0.0,0.0,0.014492753623188406
837,80,core_first,2,raw_distance,0.08271604938271605,1.0,0.9,1.0
837,80,core_first,2,raw_correlation,0.08271604938271605,0.8,0.7,1.0
837,80,core_first,2,mf_latent,0.08271604938271605,1.0,1.0,1.0
837,80,core_first,2,mf_impute,0.08271604938271605,1.0,1.0,1.0
842,80,core_first,1,random,0.12469135802469136,0.4,0.2,0.5
842,80,core_first,1,popular_group,0.12469135802469136,0.0,0.0,0.008064516129032258
842,80,core_first,1,raw_distance,0.12469135802469136,1.0,1.0,1.0
842,80,core_first,1,raw_correlation,0.12469135802469136,1.0,1.0,1.0
842,80,core_first,1,mf_latent,0.12469135802469136,1.0,1.0,1.0
842,80,core_first,1,mf_impute,0.12469135802469136,1.0,1.0,1.0
842,80,core_first,2,random,0.08271604938271605,0.4,0.2,0.5
842,80,core_first,2,popular_group,0.08271604938271605,0.0,0.0,0.014492753623188406
842,80,core_first,2,raw_distance,0.08271604938271605,1.0,1.0,1.0
842,80,core_first,2,raw_correlation,0.08271604938271605,1.0,1.0,1.0
842,80,core_first,2,mf_latent,0.08271604938271605,1.0,1.0,1.0
842,80,core_first,2,mf_impute,0.08271604938271605,1.0,1.0,1.0
845,80,core_first,1,random,0.12469135802469136,0.0,0.0,0.03571428571428571
845,80,core_first,1,popular_group,0.12469135802469136,0.0,0.0,0.008064516129032258
845,80,core_first,1,raw_distance,0.12469135802469136,1.0,0.9,1.0
845,80,core_first,1,raw_correlation,0.12469135802469136,0.8,0.8,1.0
845,80,core_first,1,mf_latent,0.12469135802469136,1.0,1.0,1.0
845,80,core_first,1,mf_impute,0.12469135802469136,1.0,1.0,1.0
845,80,core_first,2,random,0.08271604938271605,0.0,0.0,0.015151515151515152
845,80,core_first,2,popular_group,0.08271604938271605,0.0,0.0,0.014492753623188406
845,80,core_first,2,raw_distance,0.08271604938271605,1.0,0.9,1.0
845,80,core_first,2,raw_correlation,0.08271604938271605,0.8,0.8,1.0
845,80,core_first,2,mf_latent,0.08271604938271605,1.0,1.0,1.0
845,80,core_first,2,mf_impute,0.08271604938271605,1.0,1.0,1.0
868,80,core_first,1,random,0.12469135802469136,0.2,0.2,1.0
868,80,core_first,1,popular_group,0.12469135802469136,0.0,0.0,0.008064516129032258
868,80,core_first,1,raw_distance,0.12469135802469136,1.0,0.8,1.0
868,80,core_first,1,raw_correlation,0.12469135802469136,1.0,0.8,1.0
868,80,core_first,1,mf_latent,0.12469135802469136,0.8,0.8,1.0
868,80,core_first,1,mf_impute,0.12469135802469136,0.8,0.9,1.0
868,80,core_first,2,random,0.08271604938271605,0.0,0.0,0.07692307692307693
868,80,core_first,2,popular_group,0.08271604938271605,0.0,0.0,0.014492753623188406
868,80,core_first,2,raw_distance,0.08271604938271605,1.0,0.8,1.0
868,80,core_first,2,raw_correlation,0.08271604938271605,0.8,0.7,1.0
868,80,core_first,2,mf_latent,0.08271604938271605,0.8,0.8,1.0
868,80,core_first,2,mf_impute,0.08271604938271605,0.8,0.8,1.0
871,80,core_first,1,random,0.12469135802469136,0.0,0.0,0.0625
871,80,core_first,1,popular_group,0.12469135802469136,0.0,0.0,0.008064516129032258
871,80,core_first,1,raw_distance,0.12469135802469136,1.0,0.8,1.0
871,80,core_first,1,raw_correlation,0.12469135802469136,0.6,0.8,1.0
871,80,core_first,1,mf_latent,0.12469135802469136,1.0,1.0,1.0
871,80,core_first,1,mf_impute,0.12469135802469136,1.0,1.0,1.0
871,80,core_first,2,random,0.08271604938271605,0.0,0.0,0.0625
871,80,core_first,2,popular_group,0.08271604938271605,0.0,0.0,0.014492753623188406
871,80,core_first,2,raw_distance,0.08271604938271605,1.0,0.8,1.0
871,80,core_first,2,raw_correlation,0.08271604938271605,0.6,0.8,1.0
871,80,core_first,2,mf_latent,0.08271604938271605,1.0,1.0,1.0
871,80,core_first,2,mf_impute,0.08271604938271605,1.0,1.0,1.0
880,80,core_first,1,random,0.12469135802469136,0.0,0.1,0.16666666666666666
880,80,core_first,1,popular_group,0.12469135802469136,0.0,0.0,0.008064516129032258
880,80,core_first,1,raw_distance,0.12469135802469136,0.2,0.3,0.2
880,80,core_first,1,raw_correlation,0.12469135802469136,0.0,0.1,0.1
880,80,core_first,1,mf_latent,0.12469135802469136,0.0,0.1,0.1
880,80,core_first,1,mf_impute,0.12469135802469136,0.0,0.0,0.03333333333333333
880,80,core_first,2,random,0.08271604938271605,0.0,0.1,0.16666666666666666
880,80,core_first,2,popular_group,0.08271604938271605,0.0,0.0,0.014492753623188406
880,80,core_first,2,raw_distance,0.08271604938271605,0.2,0.3,0.2
880,80,core_first,2,raw_correlation,0.08271604938271605,0.0,0.1,0.1
880,80,core_first,2,mf_latent,0.08271604938271605,0.0,0.0,0.014084507042253521
880,80,core_first,2,mf_impute,0.08271604938271605,0.0,0.0,0.03333333333333333
881,80,core_first,1,random,0.12469135802469136,0.0,0.1,0.125
881,80,core_first,1,popular_group,0.12469135802469136,0.0,0.0,0.008064516129032258
881,80,core_first,1,raw_distance,0.12469135802469136,1.0,0.9,1.0
881,80,core_first,1,raw_correlation,0.12469135802469136,1.0,1.0,1.0
881,80,core_first,1,mf_latent,0.12469135802469136,1.0,0.9,1.0
881,80,core_first,1,mf_impute,0.12469135802469136,1.0,0.9,1.0
881,80,core_first,2,random,0.08271604938271605,0.0,0.1,0.125
881,80,core_first,2,popular_group,0.08271604938271605,0.0,0.0,0.014492753623188406
881,80,core_first,2,raw_distance,0.08271604938271605,1.0,0.9,1.0
881,80,core_first,2,raw_correlation,0.08271604938271605,1.0,1.0,1.0
881,80,core_first,2,mf_latent,0.08271604938271605,1.0,0.9,1.0
881,80,core_first,2,mf_impute,0.08271604938271605,1.0,0.9,1.0
895,80,core_first,1,random,0.12469135802469136,0.0,0.1,0.16666666666666666
895,80,core_first,1,popular_group,0.12469135802469136,0.0,0.0,0.008064516129032258
895,80,core_first,1,raw_distance,0.12469135802469136,0.6,0.8,1.0
895,80,core_first,1,raw_correlation,0.12469135802469136,1.0,0.7,1.0
895,80,core_first,1,mf_latent,0.12469135802469136,0.8,0.8,1.0
895,80,core_first,1,mf_impute,0.12469135802469136,1.0,1.0,1.0
895,80,core_first,2,random,0.013580246913580247,0.0,0.1,0.16666666666666666
895,80,core_first,2,popular_group,0.013580246913580247,0.0,0.0,0.014705882352941176
895,80,core_first,2,raw_distance,0.013580246913580247,0.4,0.2,1.0
895,80,core_first,2,raw_correlation,0.013580246913580247,0.4,0.2,1.0
895,80,core_first,2,mf_latent,0.013580246913580247,0.4,0.2,1.0
895,80,core_first,2,mf_impute,0.013580246913580247,0.4,0.2,1.0
37,181,core_first,1,random,0.10617283950617284,0.0,0.1,0.1
37,181,core_first,1,popular_group,0.10617283950617284,0.0,0.0,0.007142857142857143
37,181,core_first,1,raw_distance,0.10617283950617284,0.6,0.7,1.0
37,181,core_first,1,raw_correlation,0.10617283950617284,0.6,0.4,1.0
37,181,core_first,1,mf_latent,0.10617283950617284,0.6,0.5,1.0
37,181,core_first,1,mf_impute,0.10617283950617284,0.6,0.4,1.0
37,181,core_first,2,random,0.02345679012345679,0.0,0.0,0.016666666666666666
37,181,core_first,2,popular_group,0.02345679012345679,0.0,0.0,0.0016501650165016502
37,181,core_first,2,raw_distance,0.02345679012345679,0.6,0.5,1.0
37,181,core_first,2,raw_correlation,0.02345679012345679,0.4,0.2,1.0
37,181,core_first,2,mf_latent,0.02345679012345679,0.6,0.3,1.0
37,181,core_first,2,mf_impute,0.02345679012345679,0.4,0.2,0.5
53,181,core_first,1,random,0.10617283950617284,0.4,0.2,0.3333333333333333
53,181,core_first,1,popular_group,0.10617283950617284,0.0,0.0,0.007142857142857143
53,181,core_first,1,raw_distance,0.10617283950617284,1.0,0.7,1.0
53,181,core_first,1,raw_correlation,0.10617283950617284,1.0,0.9,1.0
53,181,core_first,1,mf_latent,0.10617283950617284,1.0,1.0,1.0
53,181,core_first,1,mf_impute,0.10617283950617284,1.0,1.0,1.0
53,181,core_first,2,random,0.02345679012345679,0.2,0.1,0.25
53,181,core_first,2,popular_group,0.02345679012345679,0.0,0.0,0.0016501650165016502
53,181,core_first,2,raw_distance,0.02345679012345679,0.8,0.5,1.0
53,181,core_first,2,raw_correlation,0.02345679012345679,0.8,0.5,1.0
53,181,core_first,2,mf_latent,0.02345679012345679,0.8,0.5,1.0
53,181,core_first,2,mf_impute,0.02345679012345679,0.8,0.4,1.0
58,181,core_first,1,random,0.10617283950617284,0.0,0.0,0.08333333333333333
58,181,core_first,1,popular_group,0.10617283950617284,0.0,0.0,0.007142857142857143
58,181,core_first,1,raw_distance,0.10617283950617284,1.0,0.9,1.0
58,181,core_first,1,raw_correlation,0.10617283950617284,0.8,0.8,1.0
58,181,core_first,1,mf_latent,0.10617283950617284,1.0,1.0,1.0
58,181,core_first,1,mf_impute,0.10617283950617284,1.0,0.9,1.0
58,181,core_first,2,random,0.02345679012345679,0.0,0.0,0.016129032258064516
58,181,core_first,2,popular_group,0.02345679012345679,0.0,0.0,0.0016501650165016502
58,181,core_first,2,raw_distance,0.02345679012345679,0.8,0.6,1.0
58,181,core_first,2,raw_correlation,0.02345679012345679,0.6,0.3,1.0
58,181,core_first,2,mf_latent,0.02345679012345679,1.0,0.6,1.0
58,181,core_first,2,mf_impute,0.02345679012345679,0.6,0.4,1.0
67,181,core_first,1,random,0.10617283950617284,0.6,0.4,0.3333333333333333
67,181,core_first,1,popular_group,0.10617283950617284,0.0,0.0,0.007142857142857143
67,181,core_first,1,raw_distance,0.10617283950617284,1.0,0.8,1.0
67,181,core_first,1,raw_correlation,0.10617283950617284,0.8,0.7,1.0
67,181,core_first,1,mf_latent,0.10617283950617284,1.0,0.8,1.0
67,181,core_first,1,mf_impute,0.10617283950617284,0.8,0.6,1.0
67,181,core_first,2,random,0.011111111111111112,0.0,0.0,0.014285714285714285
67,181,core_first,2,popular_group,0.011111111111111112,0.0,0.0,0.0016750418760469012
67,181,core_first,2,raw_distance,0.011111111111111112,0.6,0.4,1.0
67,181,core_first,2,raw_correlation,0.011111111111111112,0.2,0.3,1.0
67,181,core_first,2,mf_latent,0.011111111111111112,0.4,0.4,1.0
67,181,core_first,2,mf_impute,0.011111111111111112,0.6,0.3,1.0
70,181,core_first,1,random,0.10617283950617284,0.0,0.1,0.14285714285714285
70,181,core_first,1,popular_group,0.10617283950617284,0.0,0.0,0.007142857142857143
70,181,core_first,1,raw_distance,0.10617283950617284,1.0,0.9,1.0
70,181,core_first,1,raw_correlation,0.10617283950617284,1.0,1.0,1.0
70,181,core_first,1,mf_latent,0.10617283950617284,1.0,1.0,1.0
70,181,core_first,1,mf_impute,0.10617283950617284,1.0,0.9,1.0
70,181,core_first,2,random,0.03333333333333333,0.0,0.1,0.14285714285714285
70,181,core_first,2,popular_group,0.03333333333333333,0.0,0.0,0.0017605633802816902
70,181,core_first,2,raw_distance,0.03333333333333333,1.0,0.9,1.0
70,181,core_first,2,raw_correlation,0.03333333333333333,1.0,1.0,1.0
70,181,core_first,2,mf_latent,0.03333333333333333,0.8,0.9,1.0
70,181,core_first,2,mf_impute,0.03333333333333333,1.0,0.9,1.0
72,181,core_first,1,random,0.10617283950617284,0.2,0.1,0.3333333333333333
72,181,core_first,1,popular_group,0.10617283950617284,0.0,0.0,0.007142857142857143
72,181,core_first,1,raw_distance,0.10617283950617284,1.0,1.0,1.0
72,181,core_first,1,raw_correlation,0.10617283950617284,1.0,1.0,1.0
72,181,core_first,1,mf_latent,0.10617283950617284,1.0,0.9,1.0
72,181,core_first,1,mf_impute,0.10617283950617284,1.0,1.0,1.0
72,181,core_first,2,random,0.03333333333333333,0.0,0.0,0.024390243902439025
72,181,core_first,2,popular_group,0.03333333333333333,0.0,0.0,0.0017605633802816902
72,181,core_first,2,raw_distance,0.03333333333333333,1.0,0.9,1.0
72,181,core_first,2,raw_correlation,0.03333333333333333,0.8,0.9,1.0
72,181,core_first,2,mf_latent,0.03333333333333333,0.8,0.6,1.0
72,181,core_first,2,mf_impute,0.03333333333333333,0.6,0.7,1.0
77,181,core_first,1,random,0.10617283950617284,0.0,0.1,0.16666666666666666
77,181,core_first,1,popular_group,0.10617283950617284,0.0,0.0,0.007142857142857143
77,181,core_first,1,raw_distance,0.10617283950617284,1.0,0.9,1.0
77,181,core_first,1,raw_correlation,0.10617283950617284,0.2,0.3,0.2
77,181,core_first,1,mf_latent,0.10617283950617284,0.8,0.4,1.0
77,181,core_first,1,mf_impute,0.10617283950617284,0.0,0.2,0.125
77,181,core_first,2,random,0.03333333333333333,0.0,0.1,0.16666666666666666
77,181,core_first,2,popular_group,0.03333333333333333,0.0,0.0,0.0017605633802816902
77,181,core_first,2,raw_distance,0.03333333333333333,0.8,0.6,1.0
77,181,core_first,2,raw_correlation,0.03333333333333333,0.2,0.1,0.2
77,181,core_first,2,mf_latent,0.03333333333333333,0.4,0.2,1.0
77,181,core_first,2,mf_impute,0.03333333333333333,0.0,0.1,0.125
87,181,core_first,1,random,0.10617283950617284,0.0,0.2,0.16666666666666666
87,181,core_first,1,popular_group,0.10617283950617284,0.0,0.0,0.007142857142857143
87,181,core_first,1,raw_distance,0.10617283950617284,0.2,0.3,0.2
87,181,core_first,1,raw_correlation,0.10617283950617284,0.2,0.1,0.25
87,181,core_first,1,mf_latent,0.10617283950617284,0.2,0.2,0.3333333333333333
87,181,core_first,1,mf_impute,0.10617283950617284,0.0,0.1,0.1
87,181,core_first,2,random,0.03333333333333333,0.0,0.0,0.05555555555555555
87,181,core_first,2,popular_group,0.03333333333333333,0.0,0.0,0.0017605633802816902
87,181,core_first,2,raw_distance,0.03333333333333333,0.2,0.3,0.2
87,181,core_first,2,raw_correlation,0.03333333333333333,0.2,0.1,0.25
87,181,core_first,2,mf_latent,0.03333333333333333,0.2,0.2,0.3333333333333333
87,181,core_first,2,mf_impute,0.03333333333333333,0.0,0.1,0.1
106,181,core_first,1,random,0.1259259259259259,0.0,0.1,0.16666666666666666
106,181,core_first,1,popular_group,0.1259259259259259,0.0,0.0,0.00641025641025641
106,181,core_first,1,raw_distance,0.1259259259259259,1.0,0.9,1.0
106,181,core_first,1,raw_correlation,0.1259259259259259,1.0,0.9,1.0
106,181,core_first,1,mf_latent,0.1259259259259259,1.0,1.0,1.0
106,181,core_first,1,mf_impute,0.1259259259259259,1.0,1.0,1.0
106,181,core_first,2,random,0.05432098765432099,0.0,0.0,0.06666666666666667
106,181,core_first,2,popular_group,0.05432098765432099,0.0,0.0,0.01
106,181,core_first,2,raw_distance,0.05432098765432099,1.0,0.9,1.0
106,181,core_first,2,raw_correlation,0.05432098765432099,1.0,0.9,1.0
106,181,core_first,2,mf_latent,0.05432098765432099,1.0,0.7,1.0
106,181,core_first,2,mf_impute,0.05432098765432099,1.0,1.0,1.0
114,181,core_first,1,random,0.1259259259259259,0.2,0.2,0.25
114,181,core_first,1,popular_group,0.1259259259259259,0.0,0.0,0.00641025641025641
114,181,core_first,1,raw_distance,0.1259259259259259,1.0,0.9,1.0
114,181,core_first,1,raw_correlation,0.1259259259259259,1.0,0.9,1.0
114,181,core_first,1,mf_latent,0.1259259259259259,1.0,1.0,1.0
114,181,core_first,1,mf_impute,0.1259259259259259,1.0,0.8,1.0
114,181,core_first,2,random,0.05432098765432099,0.2,0.2,0.25
114,181,core_first,2,popular_group,0.05432098765432099,0.0,0.0,0.01
114,181,core_first,2,raw_distance,0.05432098765432099,1.0,0.9,1.0
114,181,core_first,2,raw_correlation,0.05432098765432099,1.0,0.9,1.0
114,181,core_first,2,mf_latent,0.05432098765432099,0.8,0.8,1.0
114,181,core_first,2,mf_impute,0.05432098765432099,1.0,0.8,1.0
133,181,core_first,1,random,0.1259259259259259,0.0,0.1,0.1111111111111111
133,181,core_first,1,popular_group,0.1259259259259259,0.0,0.0,0.00641025641025641
133,181,core_first,1,raw_distance,0.1259259259259259,1.0,1.0,1.0
133,181,core_first,1,raw_correlation,0.1259259259259259,1.0,1.0,1.0
133,181,core_first,1,mf_latent,0.1259259259259259,1.0,1.0,1.0
133,181,core_first,1,mf_impute,0.1259259259259259,1.0,1.0,1.0
133,181,core_first,2,random,0.05432098765432099,0.0,0.1,0.1111111111111111
133,181,core_first,2,popular_group,0.05432098765432099,0.0,0.0,0.01
133,181,core_first,2,raw_distance,0.05432098765432099,1.0,1.0,1.0
133,181,core_first,2,raw_correlation,0.05432098765432099,1.0,1.0,1.0
133,181,core_first,2,mf_latent,0.05432098765432099,1.0,1.0,1.0
133,181,core_first,2,mf_impute,0.05432098765432099,1.0,1.0,1.0
140,181,core_first,1,random,0.1259259259259259,0.2,0.1,0.5
140,181,core_first,1,popular_group,0.1259259259259259,0.0,0.0,0.00641025641025641
140,181,core_first,1,raw_distance,0.1259259259259259,1.0,1.0,1.0
140,181,core_first,1,raw_correlation,0.1259259259259259,1.0,1.0,1.0
140,181,core_first,1,mf_latent,0.1259259259259259,1.0,1.0,1.0
140,181,core_first,1,mf_impute,0.1259259259259259,1.0,1.0,1.0
140,181,core_first,2,random,0.05432098765432099,0.2,0.1,0.5
140,181,core_first,2,popular_group,0.05432098765432099,0.0,0.0,0.01
140,181,core_first,2,raw_distance,0.05432098765432099,1.0,1.0,1.0
140,181,core_first,2,raw_correlation,0.05432098765432099,1.0,1.0,1.0
140,181,core_first,2,mf_latent,0.05432098765432099,1.0,0.8,1.0
140,181,core_first,2,mf_impute,0.05432098765432099,1.0,1.0,1.0
143,181,core_first,1,random,0.1259259259259259,0.0,0.0,0.08333333333333333
143,181,core_first,1,popular_group,0.1259259259259259,0.0,0.0,0.00641025641025641
143,181,core_first,1,raw_distance,0.1259259259259259,1.0,1.0,1.0
143,181,core_first,1,raw_correlation,0.1259259259259259,1.0,1.0,1.0
143,181,core_first,1,mf_latent,0.1259259259259259,1.0,1.0,1.0
143,181,core_first,1,mf_impute,0.1259259259259259,1.0,1.0,1.0
143,181,core_first,2,random,0.05432098765432099,0.0,0.0,0.02857142857142857
143,181,core_first,2,popular_group,0.05432098765432099,0.0,0.0,0.01
143,181,core_first,2,raw_distance,0.05432098765432099,1.0,1.0,1.0
143,181,core_first,2,raw_correlation,0.05432098765432099,1.0,1.0,1.0
143,181,core_first,2,mf_latent,0.05432098765432099,1.0,1.0,1.0
143,181,core_first,2,mf_impute,0.05432098765432099,1.0,1.0,1.0
152,181,core_first,1,random,0.1259259259259259,0.0,0.0,0.09090909090909091
152,181,core_first,1,popular_group,0.1259259259259259,0.0,0.0,0.00641025641025641
152,181,core_first,1,raw_distance,0.1259259259259259,1.0,1.0,1.0
152,181,core_first,1,raw_correlation,0.1259259259259259,1.0,1.0,1.0
152,181,core_first,1,mf_latent,0.1259259259259259,1.0,1.0,1.0
152,181,core_first,1,mf_impute,0.1259259259259259,1.0,1.0,1.0
152,181,core_first,2,random,0.05432098765432099,0.0,0.0,0.09090909090909091
152,181,core_first,2,popular_group,0.05432098765432099,0.0,0.0,0.01
152,181,core_first,2,raw_distance,0.05432098765432099,1.0,1.0,1.0
152,181,core_first,2,raw_correlation,0.05432098765432099,1.0,1.0,1.0
152,181,core_first,2,mf_latent,0.05432098765432099,1.0,0.9,1.0
152,181,core_first,2,mf_impute,0.05432098765432099,1.0,1.0,1.0
165,181,core_first,1,random,0.1259259259259259,0.4,0.3,0.25
165,181,core_first,1,popular_group,0.1259259259259259,0.0,0.0,0.00641025641025641
165,181,core_first,1,raw_distance,0.1259259259259259,0.4,0.5,0.5
165,181,core_first,1,raw_correlation,0.1259259259259259,0.6,0.7,1.0
165,181,core_first,1,mf_latent,0.1259259259259259,0.8,0.8,1.0
165,181,core_first,1,mf_impute,0.1259259259259259,0.6,0.5,1.0
165,181,core_first,2,random,0.06666666666666667,0.4,0.3,0.25
165,181,core_first,2,popular_group,0.06666666666666667,0.0,0.0,0.007575757575757576
165,181,core_first,2,raw_distance,0.06666666666666667,0.2,0.4,0.5
165,181,core_first,2,raw_correlation,0.06666666666666667,0.4,0.5,1.0
165,181,core_first,2,mf_latent,0.06666666666666667,0.6,0.6,0.3333333333333333
165,181,core_first,2,mf_impute,0.06666666666666667,0.4,0.4,0.3333333333333333
167,181,core_first,1,random,0.1259259259259259,0.2,0.2,0.5
167,181,core_first,1,popular_group,0.1259259259259259,0.0,0.0,0.00641025641025641
167,181,core_first,1,raw_distance,0.1259259259259259,0.0,0.0,0.019230769230769232
167,181,core_first,1,raw_correlation,0.1259259259259259,0.0,0.0,0.025
167,181,core_first,1,mf_latent,0.1259259259259259,0.0,0.0,0.05263157894736842
167,181,core_first,1,mf_impute,0.1259259259259259,0.0,0.0,0.0125
167,181,core_first,2,random,0.06666666666666667,0.0,0.0,0.043478260869565216
167,181,core_first,2,popular_group,0.06666666666666667,0.0,0.0,0.007575757575757576
167,181,core_first,2,raw_distance,0.06666666666666667,0.0,0.0,0.019230769230769232
167,181,core_first,2,raw_correlation,0.06666666666666667,0.0,0.0,0.025
167,181,core_first,2,mf_latent,0.06666666666666667,0.0,0.0,0.05263157894736842
167,181,core_first,2,mf_impute,0.06666666666666667,0.0,0.0,0.0125
191,181,core_first,1,random,0.1259259259259259,0.0,0.2,0.14285714285714285
191,181,core_first,1,popular_group,0.1259259259259259,0.0,0.0,0.00641025641025641
191,181,core_first,1,raw_distance,0.1259259259259259,0.6,0.6,1.0
191,181,core_first,1,raw_correlation,0.1259259259259259,1.0,0.6,1.0
191,181,core_first,1,mf_latent,0.1259259259259259,0.6,0.4,1.0
191,181,core_first,1,mf_impute,0.1259259259259259,0.8,0.5,1.0
191,181,core_first,2,random,0.06666666666666667,0.0,0.0,0.05555555555555555
191,181,core_first,2,popular_group,0.06666666666666667,0.0,0.0,0.007575757575757576
191,181,core_first,2,raw_distance,0.06666666666666667,0.6,0.6,1.0
191,181,core_first,2,raw_correlation,0.06666666666666667,1.0,0.5,1.0
191,181,core_first,2,mf_latent,0.06666666666666667,0.6,0.4,1.0
191,181,core_first,2,mf_impute,0.06666666666666667,0.8,0.5,1.0
201,181,core_first,1,random,0.1259259259259259,0.0,0.0,0.07142857142857142
201,181,core_first,1,popular_group,0.1259259259259259,0.0,0.0,0.00641025641025641
201,181,core_first,1,raw_distance,0.1259259259259259,1.0,1.0,1.0
201,181,core_first,1,raw_correlation,0.1259259259259259,1.0,1.0,1.0
201,181,core_first,1,mf_latent,0.1259259259259259,1.0,1.0,1.0
201,181,core_first,1,mf_impute,0.1259259259259259,1.0,1.0,1.0
201,181,core_first,2,random,0.06666666666666667,0.0,0.0,0.07142857142857142
201,181,core_first,2,popular_group,0.06666666666666667,0.0,0.0,0.007575757575757576
201,181,core_first,2,raw_distance,0.06666666666666667,1.0,1.0,1.0
201,181,core_first,2,raw_correlation,0.06666666666666667,1.0,0.7,1.0
201,181,core_first,2,mf_latent,0.06666666666666667,0.6,0.4,1.0
201,181,core_first,2,mf_impute,0.06666666666666667,0.8,0.6,1.0
234,181,core_first,1,random,0.12345679012345678,0.4,0.3,0.5
234,181,core_first,1,popular_group,0.12345679012345678,0.0,0.0,0.004901960784313725
234,181,core_first,1,raw_distance,0.12345679012345678,1.0,1.0,1.0
234,181,core_first,1,raw_correlation,0.12345679012345678,1.0,1.0,1.0
234,181,core_first,1,mf_latent,0.12345679012345678,1.0,1.0,1.0
234,181,core_first,1,mf_impute,0.12345679012345678,1.0,1.0,1.0
234,181,core_first,2,random,0.0654320987654321,0.2,0.2,0.5
234,181,core_first,2,popular_group,0.0654320987654321,0.0,0.0,0.00510204081632653
234,181,core_first,2,raw_distance,0.0654320987654321,1.0,1.0,1.0
234,181,core_first,2,raw_correlation,0.0654320987654321,1.0,1.0,1.0
234,181,core_first,2,mf_latent,0.0654320987654321,1.0,1.0,1.0
234,181,core_first,2,mf_impute,0.0654320987654321,1.0,1.0,1.0
280,181,core_first,1,random,0.12345679012345678,0.0,0.1,0.125
280,181,core_first,1,popular_group,0.12345679012345678,0.0,0.0,0.004901960784313725
280,181,core_first,1,raw_distance,0.12345679012345678,1.0,1.0,1.0
280,181,core_first,1,raw_correlation,0.12345679012345678,1.0,0.8,1.0
280,181,core_first,1,mf_latent,0.12345679012345678,1.0,0.8,1.0
280,181,core_first,1,mf_impute,0.12345679012345678,0.8,0.7,1.0
280,181,core_first,2,random,0.043209876543209874,0.0,0.1,0.125
280,181,core_first,2,popular_group,0.043209876543209874,0.0,0.0,0.004098360655737705
280,181,core_first,2,raw_distance,0.043209876543209874,1.0,0.9,1.0
280,181,core_first,2,raw_correlation,0.043209876543209874,0.8,0.6,1.0
280,181,core_first,2,mf_latent,0.043209876543209874,0.6,0.5,1.0
280,181,core_first,2,mf_impute,0.043209876543209874,0.6,0.5,1.0
285,181,core_first,1,random,0.12345679012345678,0.2,0.1,0.2
285,181,core_first,1,popular_group,0.12345679012345678,0.0,0.0,0.004901960784313725
285,181,core_first,1,raw_distance,0.12345679012345678,1.0,1.0,1.0
285,181,core_first,1,raw_correlation,0.12345679012345678,1.0,1.0,1.0
285,181,core_first,1,mf_latent,0.12345679012345678,1.0,1.0,1.0
285,181,core_first,1,mf_impute,0.12345679012345678,1.0,1.0,1.0
285,181,core_first,2,random,0.043209876543209874,0.0,0.0,0.09090909090909091
285,181,core_first,2,popular_group,0.043209876543209874,0.0,0.0,0.004098360655737705
285,181,core_first,2,raw_distance,0.043209876543209874,1.0,1.0,1.0
285,181,core_first,2,raw_correlation,0.043209876543209874,1.0,1.0,1.0
285,181,core_first,2,mf_latent,0.043209876543209874,1.0,1.0,1.0
285,181,core_first,2,mf_impute,0.043209876543209874,1.0,1.0,1.0
292,181,core_first,1,random,0.12345679012345678,0.4,0.2,0.5
292,181,core_first,1,popular_group,0.12345679012345678,0.0,0.0,0.004901960784313725
292,181,core_first,1,raw_distance,0.12345679012345678,1.0,1.0,1.0
292,181,core_first,1,raw_correlation,0.12345679012345678,1.0,1.0,1.0
292,181,core_first,1,mf_latent,0.12345679012345678,1.0,1.0,1.0
292,181,core_first,1,mf_impute,0.12345679012345678,1.0,1.0,1.0
292,181,core_first,2,random,0.043209876543209874,0.0,0.0,0.0625
292,181,core_first,2,popular_group,0.043209876543209874,0.0,0.0,0.004098360655737705
292,181,core_first,2,raw_distance,0.043209876543209874,0.6,0.6,0.5
292,181,core_first,2,raw_correlation,0.043209876543209874,0.4,0.4,0.5
292,181,core_first,2,mf_latent,0.043209876543209874,0.6,0.7,0.5
292,181,core_first,2,mf_impute,0.043209876543209874,0.4,0.5,1.0
302,181,core_first,1,random,0.12345679012345678,0.0,0.0,0.05555555555555555
302,181,core_first,1,popular_group,0.12345679012345678,0.0,0.0,0.004901960784313725
302,181,core_first,1,raw_distance,0.12345679012345678,1.0,0.9,1.0
302,181,core_first,1,raw_correlation,0.12345679012345678,1.0,1.0,1.0
302,181,core_first,1,mf_latent,0.12345679012345678,1.0,1.0,1.0
302,181,core_first,1,mf_impute,0.12345679012345678,1.0,1.0,1.0
302,181,core_first,2,random,0.043209876543209874,0.0,0.0,0.04
302,181,core_first,2,popular_group,0.043209876543209874,0.0,0.0,0.004098360655737705
302,181,core_first,2,raw_distance,0.043209876543209874,1.0,0.9,1.0
302,181,core_first,2,raw_correlation,0.043209876543209874,0.8,0.7,1.0
302,181,core_first,2,mf_latent,0.043209876543209874,1.0,0.7,1.0
302,181,core_first,2,mf_impute,0.043209876543209874,0.6,0.6,1.0
308,181,core_first,1,random,0.12345679012345678,0.0,0.2,0.14285714285714285
308,181,core_first,1,popular_group,0.12345679012345678,0.0,0.0,0.004901960784313725
308,181,core_first,1,raw_distance,0.12345679012345678,1.0,1.0,1.0
308,181,core_first,1,raw_correlation,0.12345679012345678,1.0,1.0,1.0
308,181,core_first,1,mf_latent,0.12345679012345678,1.0,1.0,1.0
308,181,core_first,1,mf_impute,0.12345679012345678,1.0,1.0,1.0
308,181,core_first,2,random,0.013580246913580247,0.0,0.1,0.125
308,181,core_first,2,popular_group,0.013580246913580247,0.0,0.0,0.0036231884057971015
308,181,core_first,2,raw_distance,0.013580246913580247,0.2,0.2,0.5
308,181,core_first,2,raw_correlation,0.013580246913580247,0.0,0.1,0.125
308,181,core_first,2,mf_latent,0.013580246913580247,0.2,0.2,0.5
308,181,core_first,2,mf_impute,0.013580246913580247,0.0,0.0,0.07142857142857142
314,181,core_first,1,random,0.12345679012345678,0.0,0.0,0.07692307692307693
314,181,core_first,1,popular_group,0.12345679012345678,0.0,0.0,0.004901960784313725
314,181,core_first,1,raw_distance,0.12345679012345678,1.0,0.9,1.0
314,181,core_first,1,raw_correlation,0.12345679012345678,1.0,1.0,1.0
314,181,core_first,1,mf_latent,0.12345679012345678,1.0,1.0,1.0
314,181,core_first,1,mf_impute,0.12345679012345678,1.0,1.0,1.0
314,181,core_first,2,random,0.013580246913580247,0.0,0.0,0.007042253521126761
314,181,core_first,2,popular_group,0.013580246913580247,0.0,0.0,0.0036231884057971015
314,181,core_first,2,raw_distance,0.013580246913580247,0.6,0.7,1.0
314,181,core_first,2,raw_correlation,0.013580246913580247,0.2,0.5,0.3333333333333333
314,181,core_first,2,mf_latent,0.013580246913580247,0.4,0.4,1.0
314,181,core_first,2,mf_impute,0.013580246913580247,0.2,0.3,0.25
320,181,core_first,1,random,0.1,0.2,0.1,1.0
320,181,core_first,1,popular_group,0.1,0.0,0.0,0.0033333333333333335
320,181,core_first,1,raw_distance,0.1,0.6,0.3,1.0
320,181,core_first,1,raw_correlation,0.1,0.6,0.3,1.0
320,181,core_first,1,mf_latent,0.1,0.6,0.4,1.0
320,181,core_first,1,mf_impute,0.1,0.4,0.4,0.25
320,181,core_first,2,random,0.013580246913580247,0.0,0.0,0.013513513513513514
320,181,core_first,2,popular_group,0.013580246913580247,0.0,0.0,0.003424657534246575
320,181,core_first,2,raw_distance,0.013580246913580247,0.6,0.3,1.0
320,181,core_first,2,raw_correlation,0.013580246913580247,0.6,0.3,1.0
320,181,core_first,2,mf_latent,0.013580246913580247,0.6,0.4,1.0
320,181,core_first,2,mf_impute,0.013580246913580247,0.4,0.4,0.25
325,181,core_first,1,random,0.1,0.4,0.3,1.0
325,181,core_first,1,popular_group,0.1,0.0,0.0,0.0033333333333333335
325,181,core_first,1,raw_distance,0.1,0.8,0.6,1.0
325,181,core_first,1,raw_correlation,0.1,0.8,0.7,1.0
325,181,core_first,1,mf_latent,0.1,0.8,0.7,1.0
325,181,core_first,1,mf_impute,0.1,0.8,0.7,1.0
325,181,core_first,2,random,0.013580246913580247,0.2,0.1,1.0
325,181,core_first,2,popular_group,0.013580246913580247,0.0,0.0,0.003424657534246575
325,181,core_first,2,raw_distance,0.013580246913580247,0.8,0.6,1.0
325,181,core_first,2,raw_correlation,0.013580246913580247,0.8,0.7,1.0
325,181,core_first,2,mf_latent,0.013580246913580247,0.8,0.7,1.0
325,181,core_first,2,mf_impute,0.013580246913580247,0.8,0.7,1.0
336,181,core_first,1,random,0.1,0.0,0.1,0.1111111111111111
336,181,core_first,1,popular_group,0.1,0.0,0.0,0.0033333333333333335
336,181,core_first,1,raw_distance,0.1,0.6,0.6,0.5
336,181,core_first,1,raw_correlation,0.1,1.0,0.8,1.0
336,181,core_first,1,mf_latent,0.1,0.8,0.8,1.0
336,181,core_first,1,mf_impute,0.1,1.0,0.8,1.0
336,181,core_first,2,random,0.04814814814814815,0.0,0.0,0.03225806451612903
336,181,core_first,2,popular_group,0.04814814814814815,0.0,0.0,0.003246753246753247
336,181,core_first,2,raw_distance,0.04814814814814815,0.4,0.5,0.5
336,181,core_first,2,raw_correlation,0.04814814814814815,1.0,0.8,1.0
336,181,core_first,2,mf_latent,0.04814814814814815,0.8,0.8,1.0
336,181,core_first,2,mf_impute,0.04814814814814815,1.0,0.8,1.0
352,181,core_first,1,random,0.1,0.2,0.1,0.3333333333333333
352,181,core_first,1,popular_group,0.1,0.0,0.0,0.0033333333333333335
352,181,core_first,1,raw_distance,0.1,0.8,0.4,1.0
352,181,core_first,1,raw_correlation,0.1,1.0,0.7,1.0
352,181,core_first,1,mf_latent,0.1,1.0,0.7,1.0
352,181,core_first,1,mf_impute,0.1,1.0,1.0,1.0
352,181,core_first,2,random,0.04814814814814815,0.0,0.0,0.041666666666666664
352,181,core_first,2,popular_group,0.04814814814814815,0.0,0.0,0.003246753246753247
352,181,core_first,2,raw_distance,0.04814814814814815,0.4,0.2,1.0
352,181,core_first,2,raw_correlation,0.04814814814814815,0.6,0.5,1.0
352,181,core_first,2,mf_latent,0.04814814814814815,0.6,0.5,1.0
352,181,core_first,2,mf_impute,0.04814814814814815,1.0,0.8,1.0
357,181,core_first,1,random,0.1,0.2,0.3,1.0
357,181,core_first,1,popular_group,0.1,0.0,0.0,0.0033333333333333335
357,181,core_first,1,raw_distance,0.1,0.8,0.6,1.0
357,181,core_first,1,raw_correlation,0.1,1.0,0.8,1.0
357,181,core_first,1,mf_latent,0.1,1.0,0.7,1.0
357,181,core_first,1,mf_impute,0.1,0.8,0.6,1.0
357,181,core_first,2,random,0.04814814814814815,0.0,0.2,0.16666666666666666
357,181,core_first,2,popular_group,0.04814814814814815,0.0,0.0,0.003246753246753247
357,181,core_first,2,raw_distance,0.04814814814814815,0.8,0.6,1.0
357,181,core_first,2,raw_correlation,0.04814814814814815,1.0,0.8,1.0
357,181,core_first,2,mf_latent,0.04814814814814815,1.0,0.7,1.0
357,181,core_first,2,mf_impute,0.04814814814814815,0.8,0.6,1.0
359,181,core_first,1,random,0.1,0.2,0.2,1.0
359,181,core_first,1,popular_group,0.1,0.0,0.0,0.0033333333333333335
359,181,core_first,1,raw_distance,0.1,0.8,0.6,1.0
359,181,core_first,1,raw_correlation,0.1,0.6,0.5,1.0
359,181,core_first,1,mf_latent,0.1,0.4,0.7,1.0
359,181,core_first,1,mf_impute,0.1,0.4,0.4,1.0
359,181,core_first,2,random,0.04814814814814815,0.2,0.1,1.0
359,181,core_first,2,popular_group,0.04814814814814815,0.0,0.0,0.003246753246753247
359,181,core_first,2,raw_distance,0.04814814814814815,0.6,0.5,1.0
359,181,core_first,2,raw_correlation,0.04814814814814815,0.4,0.2,1.0
359,181,core_first,2,mf_latent,0.04814814814814815,0.2,0.3,1.0
359,181,core_first,2,mf_impute,0.04814814814814815,0.2,0.1,1.0
372,181,core_first,1,random,0.1,0.0,0.1,0.125
372,181,core_first,1,popular_group,0.1,0.0,0.0,0.0033333333333333335
372,181,core_first,1,raw_distance,0.1,1.0,0.9,1.0
372,181,core_first,1,raw_correlation,0.1,1.0,0.9,1.0
372,181,core_first,1,mf_latent,0.1,1.0,0.8,1.0
372,181,core_first,1,mf_impute,0.1,1.0,0.9,1.0
372,181,core_first,2,random,0.04814814814814815,0.0,0.0,0.05555555555555555
372,181,core_first,2,popular_group,0.04814814814814815,0.0,0.0,0.003246753246753247
372,181,core_first,2,raw_distance,0.04814814814814815,1.0,0.9,1.0
372,181,core_first,2,raw_correlation,0.04814814814814815,1.0,0.9,1.0
372,181,core_first,2,mf_latent,0.04814814814814815,1.0,0.8,1.0
372,181,core_first,2,mf_impute,0.04814814814814815,1.0,0.9,1.0
373,181,core_first,1,random,0.1,0.0,0.0,0.05
373,181,core_first,1,popular_group,0.1,0.0,0.0,0.0033333333333333335
373,181,core_first,1,raw_distance,0.1,1.0,1.0,1.0
373,181,core_first,1,raw_correlation,0.1,1.0,0.9,1.0
373,181,core_first,1,mf_latent,0.1,1.0,0.9,1.0
373,181,core_first,1,mf_impute,0.1,1.0,0.9,1.0
373,181,core_first,2,random,0.04814814814814815,0.0,0.0,0.05
373,181,core_first,2,popular_group,0.04814814814814815,0.0,0.0,0.003246753246753247
373,181,core_first,2,raw_distance,0.04814814814814815,1.0,1.0,1.0
373,181,core_first,2,raw_correlation,0.04814814814814815,1.0,0.9,1.0
373,181,core_first,2,mf_latent,0.04814814814814815,1.0,0.9,1.0
373,181,core_first,2,mf_impute,0.04814814814814815,1.0,0.9,1.0
378,181,core_first,1,random,0.1,0.0,0.2,0.1111111111111111
378,181,core_first,1,popular_group,0.1,0.0,0.0,0.0033333333333333335
378,181,core_first,1,raw_distance,0.1,0.6,0.6,1.0
378,181,core_first,1,raw_correlation,0.1,0.8,0.6,1.0
378,181,core_first,1,mf_latent,0.1,0.6,0.7,0.5
378,181,core_first,1,mf_impute,0.1,0.6,0.6,0.5
378,181,core_first,2,random,0.012345679012345678,0.0,0.1,0.1111111111111111
378,181,core_first,2,popular_group,0.012345679012345678,0.0,0.0,0.0029411764705882353
378,181,core_first,2,raw_distance,0.012345679012345678,0.2,0.1,1.0
378,181,core_first,2,raw_correlation,0.012345679012345678,0.2,0.1,1.0
378,181,core_first,2,mf_latent,0.012345679012345678,0.2,0.1,0.5
378,181,core_first,2,mf_impute,0.012345679012345678,0.2,0.1,0.5
381,181,core_first,1,random,0.1,0.0,0.0,0.07692307692307693
381,181,core_first,1,popular_group,0.1,0.0,0.0,0.0033333333333333335
381,181,core_first,1,raw_distance,0.1,1.0,0.6,1.0
381,181,core_first,1,raw_correlation,0.1,1.0,1.0,1.0
381,181,core_first,1,mf_latent,0.1,1.0,0.8,1.0
381,181,core_first,1,mf_impute,0.1,1.0,0.9,1.0
381,181,core_first,2,random,0.012345679012345678,0.0,0.0,0.011764705882352941
381,181,core_first,2,popular_group,0.012345679012345678,0.0,0.0,0.0029411764705882353
381,181,core_first,2,raw_distance,0.012345679012345678,0.6,0.4,1.0
381,181,core_first,2,raw_correlation,0.012345679012345678,0.6,0.4,1.0
381,181,core_first,2,mf_latent,0.012345679012345678,0.6,0.4,1.0
381,181,core_first,2,mf_impute,0.012345679012345678,0.6,0.4,1.0
389,181,core_first,1,random,0.1,0.0,0.2,0.125
389,181,core_first,1,popular_group,0.1,0.0,0.0,0.0033333333333333335
389,181,core_first,1,raw_distance,0.1,0.2,0.2,0.3333333333333333
389,181,core_first,1,raw_correlation,0.1,1.0,0.7,1.0
389,181,core_first,1,mf_latent,0.1,0.8,0.5,1.0
389,181,core_first,1,mf_impute,0.1,1.0,0.7,1.0
389,181,core_first,2,random,0.012345679012345678,0.0,0.1,0.1111111111111111
389,181,core_first,2,popular_group,0.012345679012345678,0.0,0.0,0.0029411764705882353
389,181,core_first,2,raw_distance,0.012345679012345678,0.0,0.0,0.0625
389,181,core_first,2,raw_correlation,0.012345679012345678,0.2,0.1,0.2
389,181,core_first,2,mf_latent,0.012345679012345678,0.2,0.1,0.5
389,181,core_first,2,mf_impute,0.012345679012345678,0.2,0.1,0.2
403,181,core_first,1,random,0.1,0.0,0.1,0.125
403,181,core_first,1,popular_group,0.1,0.0,0.0,0.0033333333333333335
403,181,core_first,1,raw_distance,0.1,0.2,0.1,1.0
403,181,core_first,1,raw_correlation,0.1,0.2,0.1,1.0
403,181,core_first,1,mf_latent,0.1,0.2,0.1,1.0
403,181,core_first,1,mf_impute,0.1,0.2,0.1,1.0
403,181,core_first,2,random,0.020987654320987655,0.0,0.0,0.004464285714285714
403,181,core_first,2,popular_group,0.020987654320987655,0.0,0.0,0.0028089887640449437
403,181,core_first,2,raw_distance,0.020987654320987655,0.2,0.1,1.0
403,181,core_first,2,raw_correlation,0.020987654320987655,0.2,0.1,1.0
403,181,core_first,2,mf_latent,0.020987654320987655,0.2,0.1,1.0
403,181,core_first,2,mf_impute,0.020987654320987655,0.2,0.1,1.0
408,181,core_first,1,random,0.1,0.2,0.1,0.25
408,181,core_first,1,popular_group,0.1,0.0,0.0,0.0033333333333333335
408,181,core_first,1,raw_distance,0.1,0.8,0.4,1.0
408,181,core_first,1,raw_correlation,0.1,1.0,0.6,1.0
408,181,core_first,1,mf_latent,0.1,0.8,0.4,1.0
408,181,core_first,1,mf_impute,0.1,0.4,0.5,1.0
408,181,core_first,2,random,0.003703703703703704,0.0,0.0,0.004366812227074236
408,181,core_first,2,popular_group,0.003703703703703704,0.0,0.0,0.002617801047120419
408,181,core_first,2,raw_distance,0.003703703703703704,0.4,0.2,1.0
408,181,core_first,2,raw_correlation,0.003703703703703704,0.4,0.2,1.0
408,181,core_first,2,mf_latent,0.003703703703703704,0.2,0.1,1.0
408,181,core_first,2,mf_impute,0.003703703703703704,0.2,0.2,1.0
413,181,core_first,1,random,0.1,0.0,0.1,0.1111111111111111
413,181,core_first,1,popular_group,0.1,0.0,0.0,0.0033333333333333335
413,181,core_first,1,raw_distance,0.1,0.2,0.1,1.0
413,181,core_first,1,raw_correlation,0.1,0.4,0.3,1.0
413,181,core_first,1,mf_latent,0.1,0.4,0.2,1.0
413,181,core_first,1,mf_impute,0.1,0.4,0.2,1.0
413,181,core_first,2,random,0.0012345679012345679,0.0,0.0,0.0022271714922048997
413,181,core_first,2,popular_group,0.0012345679012345679,0.0,0.0,0.0026246719160104987
413,181,core_first,2,raw_distance,0.0012345679012345679,0.2,0.1,1.0
413,181,core_first,2,raw_correlation,0.0012345679012345679,0.2,0.1,1.0
413,181,core_first,2,mf_latent,0.0012345679012345679,0.2,0.1,1.0
413,181,core_first,2,mf_impute,0.0012345679012345679,0.2,0.1,1.0
415,181,core_first,1,random,0.10123456790123457,0.2,0.1,1.0
415,181,core_first,1,popular_group,0.10123456790123457,0.0,0.0,0.002631578947368421
415,181,core_first,1,raw_distance,0.10123456790123457,0.0,0.1,0.1
415,181,core_first,1,raw_correlation,0.10123456790123457,0.0,0.0,0.058823529411764705
415,181,core_first,1,mf_latent,0.10123456790123457,0.2,0.2,1.0
415,181,core_first,1,mf_impute,0.10123456790123457,0.0,0.0,0.04
415,181,core_first,2,random,0.0024691358024691358,0.0,0.0,0.0045662100456621
415,181,core_first,2,popular_group,0.0024691358024691358,0.0,0.0,0.002638522427440633
415,181,core_first,2,raw_distance,0.0024691358024691358,0.0,0.1,0.1
415,181,core_first,2,raw_correlation,0.0024691358024691358,0.0,0.0,0.058823529411764705
415,181,core_first,2,mf_latent,0.0024691358024691358,0.2,0.1,1.0
415,181,core_first,2,mf_impute,0.0024691358024691358,0.0,0.0,0.04
421,181,core_first,1,random,0.10123456790123457,0.2,0.2,1.0
421,181,core_first,1,popular_group,0.10123456790123457,0.0,0.0,0.002631578947368421
421,181,core_first,1,raw_distance,0.10123456790123457,0.2,0.3,0.2
421,181,core_first,1,raw_correlation,0.10123456790123457,0.0,0.1,0.1111111111111111
421,181,core_first,1,mf_latent,0.10123456790123457,0.8,0.6,1.0
421,181,core_first,1,mf_impute,0.10123456790123457,0.0,0.0,0.037037037037037035
421,181,core_first,2,random,0.028395061728395062,0.0,0.0,0.030303030303030304
421,181,core_first,2,popular_group,0.028395061728395062,0.0,0.0,0.002688172043010753
421,181,core_first,2,raw_distance,0.028395061728395062,0.2,0.3,0.2
421,181,core_first,2,raw_correlation,0.028395061728395062,0.0,0.1,0.1111111111111111
421,181,core_first,2,mf_latent,0.028395061728395062,0.8,0.6,1.0
421,181,core_first,2,mf_impute,0.028395061728395062,0.0,0.0,0.037037037037037035
424,181,core_first,1,random,0.10123456790123457,0.0,0.0,0.08333333333333333
424,181,core_first,1,popular_group,0.10123456790123457,0.0,0.0,0.002631578947368421
424,181,core_first,1,raw_distance,0.10123456790123457,0.6,0.6,1.0
424,181,core_first,1,raw_correlation,0.10123456790123457,0.6,0.4,1.0
424,181,core_first,1,mf_latent,0.10123456790123457,1.0,0.7,1.0
424,181,core_first,1,mf_impute,0.10123456790123457,0.8,0.5,1.0
424,181,core_first,2,random,0.028395061728395062,0.0,0.0,0.01639344262295082
424,181,core_first,2,popular_group,0.028395061728395062,0.0,0.0,0.002688172043010753
424,181,core_first,2,raw_distance,0.028395061728395062,0.6,0.6,1.0
424,181,core_first,2,raw_correlation,0.028395061728395062,0.6,0.4,1.0
424,181,core_first,2,mf_latent,0.028395061728395062,1.0,0.6,1.0
424,181,core_first,2,mf_impute,0.028395061728395062,0.8,0.5,1.0
430,181,core_first,1,random,0.10123456790123457,0.2,0.1,0.2
430,181,core_first,1,popular_group,0.10123456790123457,0.0,0.0,0.002631578947368421
430,181,core_first,1,raw_distance,0.10123456790123457,0.4,0.4,1.0
430,181,core_first,1,raw_correlation,0.10123456790123457,0.6,0.4,1.0
430,181,core_first,1,mf_latent,0.10123456790123457,0.8,0.8,1.0
430,181,core_first,1,mf_impute,0.10123456790123457,0.4,0.2,1.0
430,181,core_first,2,random,0.028395061728395062,0.0,0.0,0.038461538461538464
430,181,core_first,2,popular_group,0.028395061728395062,0.0,0.0,0.002688172043010753
430,181,core_first,2,raw_distance,0.028395061728395062,0.4,0.4,1.0
430,181,core_first,2,raw_correlation,0.028395061728395062,0.6,0.4,1.0
430,181,core_first,2,mf_latent,0.028395061728395062,0.6,0.6,1.0
430,181,core_first,2,mf_impute,0.028395061728395062,0.4,0.2,1.0
432,181,core_first,1,random,0.10123456790123457,0.2,0.2,0.5
432,181,core_first,1,popular_group,0.10123456790123457,0.0,0.0,0.002631578947368421
432,181,core_first,1,raw_distance,0.10123456790123457,0.8,0.5,1.0
432,181,core_first,1,raw_correlation,0.10123456790123457,0.6,0.5,1.0
432,181,core_first,1,mf_latent,0.10123456790123457,0.8,0.7,1.0
432,181,core_first,1,mf_impute,0.10123456790123457,0.6,0.4,1.0
432,181,core_first,2,random,0.028395061728395062,0.2,0.2,0.5
432,181,core_first,2,popular_group,0.028395061728395062,0.0,0.0,0.002688172043010753
432,181,core_first,2,raw_distance,0.028395061728395062,0.6,0.3,1.0
432,181,core_first,2,raw_correlation,0.028395061728395062,0.6,0.4,1.0
432,181,core_first,2,mf_latent,0.028395061728395062,0.6,0.5,1.0
432,181,core_first,2,mf_impute,0.028395061728395062,0.6,0.3,1.0
457,181,core_first,1,random,0.10123456790123457,0.0,0.1,0.1
457,181,core_first,1,popular_group,0.10123456790123457,0.0,0.0,0.002631578947368421
457,181,core_first,1,raw_distance,0.10123456790123457,0.4,0.3,1.0
457,181,core_first,1,raw_correlation,0.10123456790123457,0.6,0.6,1.0
457,181,core_first,1,mf_latent,0.10123456790123457,1.0,0.8,1.0
457,181,core_first,1,mf_impute,0.10123456790123457,0.6,0.5,1.0
457,181,core_first,2,random,0.019753086419753086,0.0,0.0,0.015873015873015872
457,181,core_first,2,popular_group,0.019753086419753086,0.0,0.0,0.0024752475247524753
457,181,core_first,2,raw_distance,0.019753086419753086,0.0,0.1,0.14285714285714285
457,181,core_first,2,raw_correlation,0.019753086419753086,0.2,0.2,0.2
457,181,core_first,2,mf_latent,0.019753086419753086,0.2,0.2,0.2
457,181,core_first,2,mf_impute,0.019753086419753086,0.0,0.1,0.1
468,181,core_first,1,random,0.10123456790123457,0.2,0.2,0.3333333333333333
468,181,core_first,1,popular_group,0.10123456790123457,0.0,0.0,0.002631578947368421
468,181,core_first,1,raw_distance,0.10123456790123457,0.0,0.0,0.037037037037037035
468,181,core_first,1,raw_correlation,0.10123456790123457,0.4,0.2,1.0
468,181,core_first,1,mf_latent,0.10123456790123457,0.2,0.1,0.5
468,181,core_first,1,mf_impute,0.10123456790123457,0.0,0.0,0.030303030303030304
468,181,core_first,2,random,0.044444444444444446,0.2,0.2,0.3333333333333333
468,181,core_first,2,popular_group,0.044444444444444446,0.0,0.0,0.002380952380952381
468,181,core_first,2,raw_distance,0.044444444444444446,0.0,0.0,0.037037037037037035
468,181,core_first,2,raw_correlation,0.044444444444444446,0.2,0.1,1.0
468,181,core_first,2,mf_latent,0.044444444444444446,0.2,0.1,0.5
468,181,core_first,2,mf_impute,0.044444444444444446,0.0,0.0,0.030303030303030304
473,181,core_first,1,random,0.10123456790123457,0.0,0.1,0.125
473,181,core_first,1,popular_group,0.10123456790123457,0.0,0.0,0.002631578947368421
473,181,core_first,1,raw_distance,0.10123456790123457,0.2,0.1,0.5
473,181,core_first,1,raw_correlation,0.10123456790123457,0.2,0.1,1.0
473,181,core_first,1,mf_latent,0.10123456790123457,0.0,0.2,0.125
473,181,core_first,1,mf_impute,0.10123456790123457,0.0,0.0,0.08333333333333333
473,181,core_first,2,random,0.044444444444444446,0.0,0.0,0.043478260869565216
473,181,core_first,2,popular_group,0.044444444444444446,0.0,0.0,0.002380952380952381
473,181,core_first,2,raw_distance,0.044444444444444446,0.2,0.1,0.5
473,181,core_first,2,raw_correlation,0.044444444444444446,0.2,0.1,1.0
473,181,core_first,2,mf_latent,0.044444444444444446,0.0,0.1,0.125
473,181,core_first,2,mf_impute,0.044444444444444446,0.0,0.0,0.07142857142857142
501,181,core_first,1,random,0.10123456790123457,0.0,0.1,0.1111111111111111
501,181,core_first,1,popular_group,0.10123456790123457,0.0,0.0,0.002631578947368421
501,181,core_first,1,raw_distance,0.10123456790123457,0.4,0.2,1.0
501,181,core_first,1,raw_correlation,0.10123456790123457,0.8,0.5,1.0
501,181,core_first,1,mf_latent,0.10123456790123457,1.0,0.6,1.0
501,181,core_first,1,mf_impute,0.10123456790123457,0.8,0.5,1.0
501,181,core_first,2,random,0.003703703703703704,0.0,0.0,0.011111111111111112
501,181,core_first,2,popular_group,0.003703703703703704,0.0,0.0,0.002178649237472767
501,181,core_first,2,raw_distance,0.003703703703703704,0.2,0.1,1.0
501,181,core_first,2,raw_correlation,0.003703703703703704,0.2,0.1,1.0
501,181,core_first,2,mf_latent,0.003703703703703704,0.2,0.2,1.0
501,181,core_first,2,mf_impute,0.003703703703703704,0.2,0.1,0.5
532,181,core_first,1,random,0.12098765432098765,0.2,0.1,1.0
532,181,core_first,1,popular_group,0.12098765432098765,0.0,0.0,0.002173913043478261
532,181,core_first,1,raw_distance,0.12098765432098765,1.0,0.8,1.0
532,181,core_first,1,raw_correlation,0.12098765432098765,0.8,0.7,1.0
532,181,core_first,1,mf_latent,0.12098765432098765,0.8,0.7,1.0
532,181,core_first,1,mf_impute,0.12098765432098765,0.6,0.7,1.0
532,181,core_first,2,random,0.018518518518518517,0.0,0.0,0.03571428571428571
532,181,core_first,2,popular_group,0.018518518518518517,0.0,0.0,0.002136752136752137
532,181,core_first,2,raw_distance,0.018518518518518517,0.6,0.5,1.0
532,181,core_first,2,raw_correlation,0.018518518518518517,0.4,0.4,1.0
532,181,core_first,2,mf_latent,0.018518518518518517,0.6,0.6,1.0
532,181,core_first,2,mf_impute,0.018518518518518517,0.4,0.4,1.0
536,181,core_first,1,random,0.12098765432098765,0.0,0.0,0.05555555555555555
536,181,core_first,1,popular_group,0.12098765432098765,0.0,0.0,0.002173913043478261
536,181,core_first,1,raw_distance,0.12098765432098765,1.0,0.8,1.0
536,181,core_first,1,raw_correlation,0.12098765432098765,1.0,0.8,1.0
536,181,core_first,1,mf_latent,0.12098765432098765,1.0,0.9,1.0
536,181,core_first,1,mf_impute,0.12098765432098765,1.0,0.8,1.0
536,181,core_first,2,random,0.018518518518518517,0.0,0.0,0.03225806451612903
536,181,core_first,2,popular_group,0.018518518518518517,0.0,0.0,0.002136752136752137
536,181,core_first,2,raw_distance,0.018518518518518517,1.0,0.6,1.0
536,181,core_first,2,raw_correlation,0.018518518518518517,1.0,0.7,1.0
536,181,core_first,2,mf_latent,0.018518518518518517,1.0,0.7,1.0
536,181,core_first,2,mf_impute,0.018518518518518517,1.0,0.7,1.0
538,181,core_first,1,random,0.12098765432098765,0.0,0.3,0.125
538,181,core_first,1,popular_group,0.12098765432098765,0.0,0.0,0.002173913043478261
538,181,core_first,1,raw_distance,0.12098765432098765,1.0,1.0,1.0
538,181,core_first,1,raw_correlation,0.12098765432098765,1.0,1.0,1.0
538,181,core_first,1,mf_latent,0.12098765432098765,1.0,1.0,1.0
538,181,core_first,1,mf_impute,0.12098765432098765,1.0,1.0,1.0
538,181,core_first,2,random,0.018518518518518517,0.0,0.1,0.125
538,181,core_first,2,popular_group,0.018518518518518517,0.0,0.0,0.002136752136752137
538,181,core_first,2,raw_distance,0.018518518518518517,1.0,0.7,1.0
538,181,core_first,2,raw_correlation,0.018518518518518517,1.0,0.7,1.0
538,181,core_first,2,mf_latent,0.018518518518518517,1.0,0.7,1.0
538,181,core_first,2,mf_impute,0.018518518518518517,1.0,0.7,1.0
563,181,core_first,1,random,0.12098765432098765,0.0,0.2,0.125
563,181,core_first,1,popular_group,0.12098765432098765,0.0,0.0,0.002173913043478261
563,181,core_first,1,raw_distance,0.12098765432098765,1.0,0.6,1.0
563,181,core_first,1,raw_correlation,0.12098765432098765,0.8,0.4,1.0
563,181,core_first,1,mf_latent,0.12098765432098765,0.8,0.7,1.0
563,181,core_first,1,mf_impute,0.12098765432098765,1.0,0.6,1.0
563,181,core_first,2,random,0.03827160493827161,0.0,0.0,0.05263157894736842
563,181,core_first,2,popular_group,0.03827160493827161,0.0,0.0,0.002066115702479339
563,181,core_first,2,raw_distance,0.03827160493827161,1.0,0.6,1.0
563,181,core_first,2,raw_correlation,0.03827160493827161,0.8,0.4,1.0
563,181,core_first,2,mf_latent,0.03827160493827161,0.8,0.6,1.0
563,181,core_first,2,mf_impute,0.03827160493827161,1.0,0.6,1.0
570,181,core_first,1,random,0.12098765432098765,0.0,0.0,0.07142857142857142
570,181,core_first,1,popular_group,0.12098765432098765,0.0,0.0,0.002173913043478261
570,181,core_first,1,raw_distance,0.12098765432098765,0.6,0.4,1.0
570,181,core_first,1,raw_correlation,0.12098765432098765,1.0,0.6,1.0
570,181,core_first,1,mf_latent,0.12098765432098765,1.0,0.8,1.0
570,181,core_first,1,mf_impute,0.12098765432098765,0.6,0.7,1.0
570,181,core_first,2,random,0.03827160493827161,0.0,0.0,0.023255813953488372
570,181,core_first,2,popular_group,0.03827160493827161,0.0,0.0,0.002066115702479339
570,181,core_first,2,raw_distance,0.03827160493827161,0.6,0.4,1.0
570,181,core_first,2,raw_correlation,0.03827160493827161,0.4,0.3,0.3333333333333333
570,181,core_first,2,mf_latent,0.03827160493827161,0.6,0.4,0.3333333333333333
570,181,core_first,2,mf_impute,0.03827160493827161,0.2,0.3,0.2
582,181,core_first,1,random,0.12098765432098765,0.0,0.1,0.125
582,181,core_first,1,popular_group,0.12098765432098765,0.0,0.0,0.002173913043478261
582,181,core_first,1,raw_distance,0.12098765432098765,1.0,1.0,1.0
582,181,core_first,1,raw_correlation,0.12098765432098765,1.0,1.0,1.0
582,181,core_first,1,mf_latent,0.12098765432098765,1.0,1.0,1.0
582,181,core_first,1,mf_impute,0.12098765432098765,1.0,0.9,1.0
582,181,core_first,2,random,0.037037037037037035,0.0,0.1,0.125
582,181,core_first,2,popular_group,0.037037037037037035,0.0,0.0,0.001937984496124031
582,181,core_first,2,raw_distance,0.037037037037037035,0.2,0.3,1.0
582,181,core_first,2,raw_correlation,0.037037037037037035,0.2,0.2,1.0
582,181,core_first,2,mf_latent,0.037037037037037035,0.4,0.3,1.0
582,181,core_first,2,mf_impute,0.037037037037037035,0.2,0.2,1.0
591,181,core_first,1,random,0.12098765432098765,0.0,0.0,0.058823529411764705
591,181,core_first,1,popular_group,0.12098765432098765,0.0,0.0,0.002173913043478261
591,181,core_first,1,raw_distance,0.12098765432098765,1.0,0.9,1.0
591,181,core_first,1,raw_correlation,0.12098765432098765,1.0,0.9,1.0
591,181,core_first,1,mf_latent,0.12098765432098765,1.0,0.8,1.0
591,181,core_first,1,mf_impute,0.12098765432098765,1.0,0.8,1.0
591,181,core_first,2,random,0.037037037037037035,0.0,0.0,0.047619047619047616
591,181,core_first,2,popular_group,0.037037037037037035,0.0,0.0,0.001937984496124031
591,181,core_first,2,raw_distance,0.037037037037037035,1.0,0.8,1.0
591,181,core_first,2,raw_correlation,0.037037037037037035,0.8,0.7,1.0
591,181,core_first,2,mf_latent,0.037037037037037035,0.8,0.5,1.0
591,181,core_first,2,mf_impute,0.037037037037037035,0.8,0.6,1.0
594,181,core_first,1,random,0.12098765432098765,0.0,0.0,0.05263157894736842
594,181,core_first,1,popular_group,0.12098765432098765,0.0,0.0,0.002173913043478261
594,181,core_first,1,raw_distance,0.12098765432098765,0.6,0.8,1.0
594,181,core_first,1,raw_correlation,0.12098765432098765,0.6,0.6,1.0
594,181,core_first,1,mf_latent,0.12098765432098765,1.0,0.8,1.0
594,181,core_first,1,mf_impute,0.12098765432098765,0.8,0.7,1.0
594,181,core_first,2,random,0.037037037037037035,0.0,0.0,0.013333333333333334
594,181,core_first,2,popular_group,0.037037037037037035,0.0,0.0,0.001937984496124031
594,181,core_first,2,raw_distance,0.037037037037037035,0.6,0.8,1.0
594,181,core_first,2,raw_correlation,0.037037037037037035,0.6,0.6,1.0
594,181,core_first,2,mf_latent,0.037037037037037035,0.8,0.6,1.0
594,181,core_first,2,mf_impute,0.037037037037037035,0.8,0.7,1.0
596,181,core_first,1,random,0.12098765432098765,0.0,0.2,0.16666666666666666
596,181,core_first,1,popular_group,0.12098765432098765,0.0,0.0,0.002173913043478261
596,181,core_first,1,raw_distance,0.12098765432098765,0.6,0.4,0.5
596,181,core_first,1,raw_correlation,0.12098765432098765,0.8,0.8,1.0
596,181,core_first,1,mf_latent,0.12098765432098765,0.8,0.8,0.5
596,181,core_first,1,mf_impute,0.12098765432098765,1.0,0.7,1.0
596,181,core_first,2,random,0.037037037037037035,0.0,0.1,0.16666666666666666
596,181,core_first,2,popular_group,0.037037037037037035,0.0,0.0,0.001937984496124031
596,181,core_first,2,raw_distance,0.037037037037037035,0.6,0.4,0.5
596,181,core_first,2,raw_correlation,0.037037037037037035,0.2,0.1,0.25
596,181,core_first,2,mf_latent,0.037037037037037035,0.2,0.2,0.5
596,181,core_first,2,mf_impute,0.037037037037037035,0.2,0.1,0.3333333333333333
597,181,core_first,1,random,0.12098765432098765,0.0,0.2,0.14285714285714285
597,181,core_first,1,popular_group,0.12098765432098765,0.0,0.0,0.002173913043478261
597,181,core_first,1,raw_distance,0.12098765432098765,1.0,1.0,1.0
597,181,core_first,1,raw_correlation,0.12098765432098765,1.0,1.0,1.0
597,181,core_first,1,mf_latent,0.12098765432098765,1.0,1.0,1.0
597,181,core_first,1,mf_impute,0.12098765432098765,1.0,1.0,1.0
597,181,core_first,2,random,0.037037037037037035,0.0,0.1,0.14285714285714285
597,181,core_first,2,popular_group,0.037037037037037035,0.0,0.0,0.001937984496124031
597,181,core_first,2,raw_distance,0.037037037037037035,1.0,1.0,1.0
597,181,core_first,2,raw_correlation,0.037037037037037035,1.0,1.0,1.0
597,181,core_first,2,mf_latent,0.037037037037037035,1.0,1.0,1.0
597,181,core_first,2,mf_impute,0.037037037037037035,1.0,1.0,1.0
605,181,core_first,1,random,0.12098765432098765,0.2,0.3,0.3333333333333333
605,181,core_first,1,popular_group,0.12098765432098765,0.0,0.0,0.002173913043478261
605,181,core_first,1,raw_distance,0.12098765432098765,1.0,0.8,1.0
605,181,core_first,1,raw_correlation,0.12098765432098765,0.8,0.5,1.0
605,181,core_first,1,mf_latent,0.12098765432098765,0.8,0.7,1.0
605,181,core_first,1,mf_impute,0.12098765432098765,0.6,0.4,1.0
605,181,core_first,2,random,0.037037037037037035,0.2,0.3,0.3333333333333333
605,181,core_first,2,popular_group,0.037037037037037035,0.0,0.0,0.001937984496124031
605,181,core_first,2,raw_distance,0.037037037037037035,1.0,0.8,1.0
605,181,core_first,2,raw_correlation,0.037037037037037035,0.8,0.5,1.0
605,181,core_first,2,mf_latent,0.037037037037037035,0.8,0.7,1.0
605,181,core_first,2,mf_impute,0.037037037037037035,0.6,0.4,1.0
607,181,core_first,1,random,0.12098765432098765,0.0,0.1,0.125
607,181,core_first,1,popular_group,0.12098765432098765,0.0,0.0,0.002173913043478261
607,181,core_first,1,raw_distance,0.12098765432098765,1.0,0.9,1.0
607,181,core_first,1,raw_correlation,0.12098765432098765,1.0,0.9,1.0
607,181,core_first,1,mf_latent,0.12098765432098765,0.8,0.7,1.0
607,181,core_first,1,mf_impute,0.12098765432098765,0.6,0.6,1.0
607,181,core_first,2,random,0.037037037037037035,0.0,0.0,0.008695652173913044
607,181,core_first,2,popular_group,0.037037037037037035,0.0,0.0,0.001937984496124031
607,181,core_first,2,raw_distance,0.037037037037037035,1.0,0.9,1.0
607,181,core_first,2,raw_correlation,0.037037037037037035,1.0,0.9,1.0
607,181,core_first,2,mf_latent,0.037037037037037035,0.8,0.7,1.0
607,181,core_first,2,mf_impute,0.037037037037037035,0.6,0.6,1.0
627,181,core_first,1,random,0.15185185185185185,0.0,0.0,0.06666666666666667
627,181,core_first,1,popular_group,0.15185185185185185,1.0,1.0,1.0
627,181,core_first,1,raw_distance,0.15185185185185185,1.0,0.6,1.0
627,181,core_first,1,raw_correlation,0.15185185185185185,1.0,0.6,1.0
627,181,core_first,1,mf_latent,0.15185185185185185,1.0,0.6,1.0
627,181,core_first,1,mf_impute,0.15185185185185185,1.0,0.6,1.0
627,181,core_first,2,random,0.08271604938271605,0.0,0.0,0.058823529411764705
627,181,core_first,2,popular_group,0.08271604938271605,1.0,1.0,1.0
627,181,core_first,2,raw_distance,0.08271604938271605,1.0,0.6,1.0
627,181,core_first,2,raw_correlation,0.08271604938271605,1.0,0.6,1.0
627,181,core_first,2,mf_latent,0.08271604938271605,1.0,0.6,1.0
627,181,core_first,2,mf_impute,0.08271604938271605,1.0,0.6,1.0
628,181,core_first,1,random,0.15185185185185185,0.4,0.2,0.3333333333333333
628,181,core_first,1,popular_group,0.15185185185185185,1.0,1.0,1.0
628,181,core_first,1,raw_distance,0.15185185185185185,1.0,0.6,1.0
628,181,core_first,1,raw_correlation,0.15185185185185185,0.8,0.5,1.0
628,181,core_first,1,mf_latent,0.15185185185185185,1.0,0.5,1.0
628,181,core_first,1,mf_impute,0.15185185185185185,0.8,0.5,1.0
628,181,core_first,2,random,0.08271604938271605,0.0,0.0,0.047619047619047616
628,181,core_first,2,popular_group,0.08271604938271605,1.0,1.0,1.0
628,181,core_first,2,raw_distance,0.08271604938271605,1.0,0.6,1.0
628,181,core_first,2,raw_correlation,0.08271604938271605,0.8,0.5,1.0
628,181,core_first,2,mf_latent,0.08271604938271605,1.0,0.5,1.0
628,181,core_first,2,mf_impute,0.08271604938271605,0.8,0.5,1.0
645,181,core_first,1,random,0.15185185185185185,0.2,0.2,0.25
645,181,core_first,1,popular_group,0.15185185185185185,1.0,1.0,1.0
645,181,core_first,1,raw_distance,0.15185185185185185,0.8,0.8,1.0
645,181,core_first,1,raw_correlation,0.15185185185185185,1.0,0.7,1.0
645,181,core_first,1,mf_latent,0.15185185185185185,1.0,0.9,1.0
645,181,core_first,1,mf_impute,0.15185185185185185,0.6,0.7,1.0
645,181,core_first,2,random,0.08271604938271605,0.0,0.0,0.0625
645,181,core_first,2,popular_group,0.08271604938271605,1.0,1.0,1.0
645,181,core_first,2,raw_distance,0.08271604938271605,0.8,0.8,1.0
645,181,core_first,2,raw_correlation,0.08271604938271605,1.0,0.7,1.0
645,181,core_first,2,mf_latent,0.08271604938271605,1.0,0.9,1.0
645,181,core_first,2,mf_impute,0.08271604938271605,0.6,0.7,1.0
649,181,core_first,1,random,0.15185185185185185,0.0,0.1,0.125
649,181,core_first,1,popular_group,0.15185185185185185,1.0,1.0,1.0
649,181,core_first,1,raw_distance,0.15185185185185185,1.0,0.9,1.0
649,181,core_first,1,raw_correlation,0.15185185185185185,1.0,1.0,1.0
649,181,core_first,1,mf_latent,0.15185185185185185,0.8,0.8,1.0
649,181,core_first,1,mf_impute,0.15185185185185185,1.0,0.9,1.0
649,181,core_first,2,random,0.08271604938271605,0.0,0.0,0.07692307692307693
649,181,core_first,2,popular_group,0.08271604938271605,1.0,1.0,1.0
649,181,core_first,2,raw_distance,0.08271604938271605,1.0,0.9,1.0
649,181,core_first,2,raw_correlation,0.08271604938271605,1.0,1.0,1.0
649,181,core_first,2,mf_latent,0.08271604938271605,0.8,0.8,1.0
649,181,core_first,2,mf_impute,0.08271604938271605,1.0,0.9,1.0
652,181,core_first,1,random,0.15185185185185185,0.4,0.2,0.5
652,181,core_first,1,popular_group,0.15185185185185185,1.0,1.0,1.0
652,181,core_first,1,raw_distance,0.15185185185185185,0.8,0.8,1.0
652,181,core_first,1,raw_correlation,0.15185185185185185,1.0,0.8,1.0
652,181,core_first,1,mf_latent,0.15185185185185185,0.8,0.9,1.0
652,181,core_first,1,mf_impute,0.15185185185185185,1.0,0.9,1.0
652,181,core_first,2,random,0.08271604938271605,0.0,0.0,0.05
652,181,core_first,2,popular_group,0.08271604938271605,1.0,1.0,1.0
652,181,core_first,2,raw_distance,0.08271604938271605,0.8,0.7,1.0
652,181,core_first,2,raw_correlation,0.08271604938271605,1.0,0.7,1.0
652,181,core_first,2,mf_latent,0.08271604938271605,0.8,0.8,1.0
652,181,core_first,2,mf_impute,0.08271604938271605,1.0,0.8,1.0
654,181,core_first,1,random,0.15185185185185185,0.2,0.1,1.0
654,181,core_first,1,popular_group,0.15185185185185185,1.0,1.0,1.0
654,181,core_first,1,raw_distance,0.15185185185185185,1.0,1.0,1.0
654,181,core_first,1,raw_correlation,0.15185185185185185,1.0,1.0,1.0
654,181,core_first,1,mf_latent,0.15185185185185185,1.0,1.0,1.0
654,181,core_first,1,mf_impute,0.15185185185185185,1.0,1.0,1.0
654,181,core_first,2,random,0.08271604938271605,0.0,0.0,0.04
654,181,core_first,2,popular_group,0.08271604938271605,1.0,1.0,1.0
654,181,core_first,2,raw_distance,0.08271604938271605,1.0,0.9,1.0
654,181,core_first,2,raw_correlation,0.08271604938271605,0.8,0.9,1.0
654,181,core_first,2,mf_latent,0.08271604938271605,1.0,0.9,1.0
654,181,core_first,2,mf_impute,0.08271604938271605,0.8,0.8,1.0
669,181,core_first,1,random,0.15185185185185185,0.0,0.0,0.047619047619047616
669,181,core_first,1,popular_group,0.15185185185185185,1.0,1.0,1.0
669,181,core_first,1,raw_distance,0.15185185185185185,1.0,1.0,1.0
669,181,core_first,1,raw_correlation,0.15185185185185185,1.0,1.0,1.0
669,181,core_first,1,mf_latent,0.15185185185185185,1.0,1.0,1.0
669,181,core_first,1,mf_impute,0.15185185185185185,1.0,1.0,1.0
669,181,core_first,2,random,0.08271604938271605,0.0,0.0,0.047619047619047616
669,181,core_first,2,popular_group,0.08271604938271605,1.0,1.0,1.0
669,181,core_first,2,raw_distance,0.08271604938271605,1.0,1.0,1.0
669,181,core_first,2,raw_correlation,0.08271604938271605,1.0,1.0,1.0
669,181,core_first,2,mf_latent,0.08271604938271605,1.0,1.0,1.0
669,181,core_first,2,mf_impute,0.08271604938271605,1.0,1.0,1.0
689,181,core_first,1,random,0.15185185185185185,0.4,0.4,1.0
689,181,core_first,1,popular_group,0.15185185185185185,1.0,1.0,1.0
689,181,core_first,1,raw_distance,0.15185185185185185,0.2,0.3,0.2
689,181,core_first,1,raw_correlation,0.15185185185185185,0.8,0.8,1.0
689,181,core_first,1,mf_latent,0.15185185185185185,0.6,0.7,0.5
689,181,core_first,1,mf_impute,0.15185185185185185,1.0,0.8,1.0
689,181,core_first,2,random,0.08271604938271605,0.0,0.1,0.1111111111111111
689,181,core_first,2,popular_group,0.08271604938271605,1.0,1.0,1.0
689,181,core_first,2,raw_distance,0.08271604938271605,0.0,0.2,0.1111111111111111
689,181,core_first,2,raw_correlation,0.08271604938271605,0.4,0.5,0.3333333333333333
689,181,core_first,2,mf_latent,0.08271604938271605,0.2,0.3,0.25
689,181,core_first,2,mf_impute,0.08271604938271605,0.6,0.5,0.5
690,181,core_first,1,random,0.15185185185185185,0.2,0.1,0.25
690,181,core_first,1,popular_group,0.15185185185185185,1.0,1.0,1.0
690,181,core_first,1,raw_distance,0.15185185185185185,0.6,0.7,0.3333333333333333
690,181,core_first,1,raw_correlation,0.15185185185185185,0.6,0.8,1.0
690,181,core_first,1,mf_latent,0.15185185185185185,1.0,1.0,1.0
690,181,core_first,1,mf_impute,0.15185185185185185,0.8,0.8,1.0
690,181,core_first,2,random,0.08271604938271605,0.2,0.1,0.25
690,181,core_first,2,popular_group,0.08271604938271605,1.0,1.0,1.0
690,181,core_first,2,raw_distance,0.08271604938271605,0.6,0.7,0.3333333333333333
690,181,core_first,2,raw_correlation,0.08271604938271605,0.6,0.8,1.0
690,181,core_first,2,mf_latent,0.08271604938271605,1.0,1.0,1.0
690,181,core_first,2,mf_impute,0.08271604938271605,0.8,0.8,1.0
696,181,core_first,1,random,0.15185185185185185,0.4,0.2,0.3333333333333333
696,181,core_first,1,popular_group,0.15185185185185185,1.0,1.0,1.0
696,181,core_first,1,raw_distance,0.15185185185185185,0.2,0.2,1.0
696,181,core_first,1,raw_correlation,0.15185185185185185,0.8,0.8,1.0
696,181,core_first,1,mf_latent,0.15185185185185185,1.0,1.0,1.0
696,181,core_first,1,mf_impute,0.15185185185185185,1.0,1.0,1.0
696,181,core_first,2,random,0.08271604938271605,0.2,0.1,0.25
696,181,core_first,2,popular_group,0.08271604938271605,1.0,1.0,1.0
696,181,core_first,2,raw_distance,0.08271604938271605,0.2,0.2,1.0
696,181,core_first,2,raw_correlation,0.08271604938271605,0.8,0.8,1.0
696,181,core_first,2,mf_latent,0.08271604938271605,1.0,1.0,1.0
696,181,core_first,2,mf_impute,0.08271604938271605,1.0,1.0,1.0
700,181,core_first,1,random,0.15185185185185185,0.0,0.2,0.14285714285714285
700,181,core_first,1,popular_group,0.15185185185185185,1.0,1.0,1.0
700,181,core_first,1,raw_distance,0.15185185185185185,1.0,1.0,1.0
700,181,core_first,1,raw_correlation,0.15185185185185185,1.0,1.0,1.0
700,181,core_first,1,mf_latent,0.15185185185185185,1.0,1.0,1.0
700,181,core_first,1,mf_impute,0.15185185185185185,1.0,1.0,1.0
700,181,core_first,2,random,0.030864197530864196,0.0,0.1,0.1111111111111111
700,181,core_first,2,popular_group,0.030864197530864196,0.0,0.0,0.0015873015873015873
700,181,core_first,2,raw_distance,0.030864197530864196,0.8,0.9,1.0
700,181,core_first,2,raw_correlation,0.030864197530864196,0.8,0.8,1.0
700,181,core_first,2,mf_latent,0.030864197530864196,0.8,0.7,1.0
700,181,core_first,2,mf_impute,0.030864197530864196,0.8,0.7,1.0
701,181,core_first,1,random,0.15185185185185185,0.2,0.3,0.5
701,181,core_first,1,popular_group,0.15185185185185185,1.0,1.0,1.0
701,181,core_first,1,raw_distance,0.15185185185185185,1.0,0.9,1.0
701,181,core_first,1,raw_correlation,0.15185185185185185,1.0,1.0,1.0
701,181,core_first,1,mf_latent,0.15185185185185185,1.0,0.9,1.0
701,181,core_first,1,mf_impute,0.15185185185185185,1.0,0.9,1.0
701,181,core_first,2,random,0.030864197530864196,0.0,0.1,0.16666666666666666
701,181,core_first,2,popular_group,0.030864197530864196,0.0,0.0,0.0015873015873015873
701,181,core_first,2,raw_distance,0.030864197530864196,1.0,0.8,1.0
701,181,core_first,2,raw_correlation,0.030864197530864196,1.0,0.8,1.0
701,181,core_first,2,mf_latent,0.030864197530864196,1.0,0.7,1.0
701,181,core_first,2,mf_impute,0.030864197530864196,1.0,0.8,1.0
726,181,core_first,1,random,0.15185185185185185,0.2,0.3,0.2
726,181,core_first,1,popular_group,0.15185185185185185,1.0,1.0,1.0
726,181,core_first,1,raw_distance,0.15185185185185185,0.2,0.1,1.0
726,181,core_first,1,raw_correlation,0.15185185185185185,0.2,0.1,1.0
726,181,core_first,1,mf_latent,0.15185185185185185,0.2,0.1,1.0
726,181,core_first,1,mf_impute,0.15185185185185185,0.2,0.1,0.2
726,181,core_first,2,random,0.014814814814814815,0.0,0.0,0.034482758620689655
726,181,core_first,2,popular_group,0.014814814814814815,0.0,0.0,0.0015600624024961
726,181,core_first,2,raw_distance,0.014814814814814815,0.2,0.1,1.0
726,181,core_first,2,raw_correlation,0.014814814814814815,0.2,0.1,1.0
726,181,core_first,2,mf_latent,0.014814814814814815,0.2,0.1,1.0
726,181,core_first,2,mf_impute,0.014814814814814815,0.2,0.1,0.2
744,181,core_first,1,random,0.15185185185185185,0.4,0.2,1.0
744,181,core_first,1,popular_group,0.15185185185185185,1.0,1.0,1.0
744,181,core_first,1,raw_distance,0.15185185185185185,1.0,1.0,1.0
744,181,core_first,1,raw_correlation,0.15185185185185185,1.0,0.9,1.0
744,181,core_first,1,mf_latent,0.15185185185185185,1.0,0.9,1.0
744,181,core_first,1,mf_impute,0.15185185185185185,1.0,0.9,1.0
744,181,core_first,2,random,0.014814814814814815,0.0,0.0,0.05263157894736842
744,181,core_first,2,popular_group,0.014814814814814815,0.0,0.0,0.0015220700152207
744,181,core_first,2,raw_distance,0.014814814814814815,0.4,0.4,1.0
744,181,core_first,2,raw_correlation,0.014814814814814815,0.4,0.4,1.0
744,181,core_first,2,mf_latent,0.014814814814814815,0.4,0.4,1.0
744,181,core_first,2,mf_impute,0.014814814814814815,0.2,0.4,1.0
749,181,core_first,1,random,0.15185185185185185,0.4,0.2,0.5
749,181,core_first,1,popular_group,0.15185185185185185,1.0,1.0,1.0
749,181,core_first,1,raw_distance,0.15185185185185185,0.8,0.6,1.0
749,181,core_first,1,raw_correlation,0.15185185185185185,1.0,1.0,1.0
749,181,core_first,1,mf_latent,0.15185185185185185,0.8,0.8,1.0
749,181,core_first,1,mf_impute,0.15185185185185185,0.8,0.8,1.0
749,181,core_first,2,random,0.014814814814814815,0.2,0.1,0.2
749,181,core_first,2,popular_group,0.014814814814814815,0.0,0.0,0.0015220700152207
749,181,core_first,2,raw_distance,0.014814814814814815,0.0,0.2,0.16666666666666666
749,181,core_first,2,raw_correlation,0.014814814814814815,0.4,0.3,0.25
749,181,core_first,2,mf_latent,0.014814814814814815,0.4,0.3,0.5
749,181,core_first,2,mf_impute,0.014814814814814815,0.2,0.1,0.3333333333333333
750,181,core_first,1,random,0.15185185185185185,0.0,0.2,0.14285714285714285
750,181,core_first,1,popular_group,0.15185185185185185,1.0,1.0,1.0
750,181,core_first,1,raw_distance,0.15185185185185185,1.0,1.0,1.0
750,181,core_first,1,raw_correlation,0.15185185185185185,1.0,1.0,1.0
750,181,core_first,1,mf_latent,0.15185185185185185,1.0,1.0,1.0
750,181,core_first,1,mf_impute,0.15185185185185185,1.0,1.0,1.0
750,181,core_first,2,random,0.014814814814814815,0.0,0.1,0.14285714285714285
750,181,core_first,2,popular_group,0.014814814814814815,0.0,0.0,0.0015220700152207
750,181,core_first,2,raw_distance,0.014814814814814815,0.2,0.1,1.0
750,181,core_first,2,raw_correlation,0.014814814814814815,0.4,0.2,1.0
750,181,core_first,2,mf_latent,0.014814814814814815,0.6,0.3,1.0
750,181,core_first,2,mf_impute,0.014814814814814815,0.2,0.1,1.0
766,181,core_first,1,random,0.03827160493827161,0.0,0.0,0.019230769230769232
766,181,core_first,1,popular_group,0.03827160493827161,0.0,0.0,0.0014727540500736377
766,181,core_first,1,raw_distance,0.03827160493827161,0.6,0.3,1.0
766,181,core_first,1,raw_correlation,0.03827160493827161,0.6,0.4,1.0
766,181,core_first,1,mf_latent,0.03827160493827161,0.8,0.4,1.0
766,181,core_first,1,mf_impute,0.03827160493827161,0.6,0.4,1.0
766,181,core_first,2,random,0.006172839506172839,0.0,0.0,0.00819672131147541
766,181,core_first,2,popular_group,0.006172839506172839,0.0,0.0,0.0014285714285714286
766,181,core_first,2,raw_distance,0.006172839506172839,0.4,0.2,0.5
766,181,core_first,2,raw_correlation,0.006172839506172839,0.4,0.2,0.5
766,181,core_first,2,mf_latent,0.006172839506172839,0.4,0.2,1.0
766,181,core_first,2,mf_impute,0.006172839506172839,0.4,0.2,0.5
772,181,core_first,1,random,0.03827160493827161,0.0,0.0,0.016129032258064516
772,181,core_first,1,popular_group,0.03827160493827161,0.0,0.0,0.0014727540500736377
772,181,core_first,1,raw_distance,0.03827160493827161,0.6,0.3,1.0
772,181,core_first,1,raw_correlation,0.03827160493827161,0.6,0.3,1.0
772,181,core_first,1,mf_latent,0.03827160493827161,0.8,0.4,1.0
772,181,core_first,1,mf_impute,0.03827160493827161,0.6,0.3,1.0
772,181,core_first,2,random,0.008641975308641974,0.0,0.0,0.012658227848101266
772,181,core_first,2,popular_group,0.008641975308641974,0.0,0.0,0.001443001443001443
772,181,core_first,2,raw_distance,0.008641975308641974,0.2,0.1,1.0
772,181,core_first,2,raw_correlation,0.008641975308641974,0.2,0.1,1.0
772,181,core_first,2,mf_latent,0.008641975308641974,0.4,0.2,0.5
772,181,core_first,2,mf_impute,0.008641975308641974,0.2,0.1,1.0
794,181,core_first,1,random,0.12469135802469136,0.2,0.2,0.25
794,181,core_first,1,popular_group,0.12469135802469136,0.0,0.0,0.008064516129032258
794,181,core_first,1,raw_distance,0.12469135802469136,1.0,0.8,1.0
794,181,core_first,1,raw_correlation,0.12469135802469136,1.0,0.8,1.0
794,181,core_first,1,mf_latent,0.12469135802469136,1.0,0.8,1.0
794,181,core_first,1,mf_impute,0.12469135802469136,1.0,0.8,1.0
794,181,core_first,2,random,0.014814814814814815,0.0,0.0,0.04
794,181,core_first,2,popular_group,0.014814814814814815,0.0,0.0,0.0014184397163120568
794,181,core_first,2,raw_distance,0.014814814814814815,1.0,0.8,1.0
794,181,core_first,2,raw_correlation,0.014814814814814815,1.0,0.8,1.0
794,181,core_first,2,mf_latent,0.014814814814814815,1.0,0.8,1.0
794,181,core_first,2,mf_impute,0.014814814814814815,1.0,0.8,1.0
801,181,core_first,1,random,0.12469135802469136,0.0,0.1,0.16666666666666666
801,181,core_first,1,popular_group,0.12469135802469136,0.0,0.0,0.008064516129032258
801,181,core_first,1,raw_distance,0.12469135802469136,1.0,0.8,1.0
801,181,core_first,1,raw_correlation,0.12469135802469136,1.0,0.8,1.0
801,181,core_first,1,mf_latent,0.12469135802469136,1.0,0.8,1.0
801,181,core_first,1,mf_impute,0.12469135802469136,1.0,0.8,1.0
801,181,core_first,2,random,0.014814814814814815,0.0,0.0,0.022727272727272728
801,181,core_first,2,popular_group,0.014814814814814815,0.0,0.0,0.0014184397163120568
801,181,core_first,2,raw_distance,0.014814814814814815,1.0,0.8,1.0
801,181,core_first,2,raw_correlation,0.014814814814814815,1.0,0.8,1.0
801,181,core_first,2,mf_latent,0.014814814814814815,1.0,0.8,1.0
801,181,core_first,2,mf_impute,0.014814814814814815,1.0,0.8,1.0
803,181,core_first,1,random,0.12469135802469136,0.0,0.1,0.14285714285714285
803,181,core_first,1,popular_group,0.12469135802469136,0.0,0.0,0.008064516129032258
803,181,core_first,1,raw_distance,0.12469135802469136,1.0,0.8,1.0
803,181,core_first,1,raw_correlation,0.12469135802469136,1.0,0.8,1.0
803,181,core_first,1,mf_latent,0.12469135802469136,1.0,0.8,1.0
803,181,core_first,1,mf_impute,0.12469135802469136,1.0,0.8,1.0
803,181,core_first,2,random,0.014814814814814815,0.0,0.0,0.004366812227074236
803,181,core_first,2,popular_group,0.014814814814814815,0.0,0.0,0.0014184397163120568
803,181,core_first,2,raw_distance,0.014814814814814815,1.0,0.8,1.0
803,181,core_first,2,raw_correlation,0.014814814814814815,1.0,0.8,1.0
803,181,core_first,2,mf_latent,0.014814814814814815,1.0,0.8,1.0
803,181,core_first,2,mf_impute,0.014814814814814815,1.0,0.8,1.0
830,181,core_first,1,random,0.12469135802469136,0.2,0.2,0.2
830,181,core_first,1,popular_group,0.12469135802469136,0.0,0.0,0.008064516129032258
830,181,core_first,1,raw_distance,0.12469135802469136,1.0,1.0,1.0
830,181,core_first,1,raw_correlation,0.12469135802469136,1.0,1.0,1.0
830,181,core_first,1,mf_latent,0.12469135802469136,1.0,1.0,1.0
830,181,core_first,1,mf_impute,0.12469135802469136,1.0,1.0,1.0
830,181,core_first,2,random,0.08271604938271605,0.0,0.1,0.16666666666666666
830,181,core_first,2,popular_group,0.08271604938271605,0.0,0.0,0.014492753623188406
830,181,core_first,2,raw_distance,0.08271604938271605,1.0,1.0,1.0
830,181,core_first,2,raw_correlation,0.08271604938271605,1.0,1.0,1.0
830,181,core_first,2,mf_latent,0.08271604938271605,1.0,1.0,1.0
830,181,core_first,2,mf_impute,0.08271604938271605,1.0,1.0,1.0
837,181,core_first,1,random,0.12469135802469136,0.2,0.1,0.2
837,181,core_first,1,popular_group,0.12469135802469136,0.0,0.0,0.008064516129032258
837,181,core_first,1,raw_distance,0.12469135802469136,1.0,1.0,1.0
837,181,core_first,1,raw_correlation,0.12469135802469136,1.0,1.0,1.0
837,181,core_first,1,mf_latent,0.12469135802469136,1.0,1.0,1.0
837,181,core_first,1,mf_impute,0.12469135802469136,1.0,1.0,1.0
837,181,core_first,2,random,0.08271604938271605,0.0,0.0,0.05
837,181,core_first,2,popular_group,0.08271604938271605,0.0,0.0,0.014492753623188406
837,181,core_first,2,raw_distance,0.08271604938271605,1.0,1.0,1.0
837,181,core_first,2,raw_correlation,0.08271604938271605,1.0,1.0,1.0
837,181,core_first,2,mf_latent,0.08271604938271605,1.0,1.0,1.0
837,181,core_first,2,mf_impute,0.08271604938271605,1.0,1.0,1.0
842,181,core_first,1,random,0.12469135802469136,0.4,0.2,0.5
842,181,core_first,1,popular_group,0.12469135802469136,0.0,0.0,0.008064516129032258
842,181,core_first,1,raw_distance,0.12469135802469136,1.0,1.0,1.0
842,181,core_first,1,raw_correlation,0.12469135802469136,1.0,1.0,1.0
842,181,core_first,1,mf_latent,0.12469135802469136,1.0,1.0,1.0
842,181,core_first,1,mf_impute,0.12469135802469136,1.0,1.0,1.0
842,181,core_first,2,random,0.08271604938271605,0.4,0.2,0.5
842,181,core_first,2,popular_group,0.08271604938271605,0.0,0.0,0.014492753623188406
842,181,core_first,2,raw_distance,0.08271604938271605,1.0,1.0,1.0
842,181,core_first,2,raw_correlation,0.08271604938271605,1.0,1.0,1.0
842,181,core_first,2,mf_latent,0.08271604938271605,1.0,1.0,1.0
842,181,core_first,2,mf_impute,0.08271604938271605,1.0,1.0,1.0
845,181,core_first,1,random,0.12469135802469136,0.0,0.0,0.03571428571428571
845,181,core_first,1,popular_group,0.12469135802469136,0.0,0.0,0.008064516129032258
845,181,core_first,1,raw_distance,0.12469135802469136,1.0,1.0,1.0
845,181,core_first,1,raw_correlation,0.12469135802469136,1.0,0.9,1.0
845,181,core_first,1,mf_latent,0.12469135802469136,1.0,1.0,1.0
845,181,core_first,1,mf_impute,0.12469135802469136,1.0,1.0,1.0
845,181,core_first,2,random,0.08271604938271605,0.0,0.0,0.015151515151515152
845,181,core_first,2,popular_group,0.08271604938271605,0.0,0.0,0.014492753623188406
845,181,core_first,2,raw_distance,0.08271604938271605,1.0,1.0,1.0
845,181,core_first,2,raw_correlation,0.08271604938271605,1.0,0.9,1.0
845,181,core_first,2,mf_latent,0.08271604938271605,1.0,1.0,1.0
845,181,core_first,2,mf_impute,0.08271604938271605,1.0,1.0,1.0
868,181,core_first,1,random,0.12469135802469136,0.2,0.2,1.0
868,181,core_first,1,popular_group,0.12469135802469136,0.0,0.0,0.008064516129032258
868,181,core_first,1,raw_distance,0.12469135802469136,1.0,0.9,1.0
868,181,core_first,1,raw_correlation,0.12469135802469136,1.0,0.9,1.0
868,181,core_first,1,mf_latent,0.12469135802469136,0.8,0.9,1.0
868,181,core_first,1,mf_impute,0.12469135802469136,1.0,0.9,1.0
868,181,core_first,2,random,0.08271604938271605,0.0,0.0,0.07692307692307693
868,181,core_first,2,popular_group,0.08271604938271605,0.0,0.0,0.014492753623188406
868,181,core_first,2,raw_distance,0.08271604938271605,1.0,0.9,1.0
868,181,core_first,2,raw_correlation,0.08271604938271605,1.0,0.8,1.0
868,181,core_first,2,mf_latent,0.08271604938271605,0.8,0.9,1.0
868,181,core_first,2,mf_impute,0.08271604938271605,1.0,0.8,1.0
871,181,core_first,1,random,0.12469135802469136,0.0,0.0,0.0625
871,181,core_first,1,popular_group,0.12469135802469136,0.0,0.0,0.008064516129032258
871,181,core_first,1,raw_distance,0.12469135802469136,1.0,1.0,1.0
871,181,core_first,1,raw_correlation,0.12469135802469136,1.0,1.0,1.0
871,181,core_first,1,mf_latent,0.12469135802469136,1.0,1.0,1.0
871,181,core_first,1,mf_impute,0.12469135802469136,1.0,1.0,1.0
871,181,core_first,2,random,0.08271604938271605,0.0,0.0,0.0625
871,181,core_first,2,popular_group,0.08271604938271605,0.0,0.0,0.014492753623188406
871,181,core_first,2,raw_distance,0.08271604938271605,1.0,1.0,1.0
871,181,core_first,2,raw_correlation,0.08271604938271605,1.0,1.0,1.0
871,181,core_first,2,mf_latent,0.08271604938271605,1.0,0.9,1.0
871,181,core_first,2,mf_impute,0.08271604938271605,1.0,1.0,1.0
880,181,core_first,1,random,0.12469135802469136,0.0,0.1,0.16666666666666666
880,181,core_first,1,popular_group,0.12469135802469136,0.0,0.0,0.008064516129032258
880,181,core_first,1,raw_distance,0.12469135802469136,0.8,0.8,1.0
880,181,core_first,1,raw_correlation,0.12469135802469136,0.4,0.2,0.5
880,181,core_first,1,mf_latent,0.12469135802469136,0.6,0.5,1.0
880,181,core_first,1,mf_impute,0.12469135802469136,0.8,0.5,1.0
880,181,core_first,2,random,0.08271604938271605,0.0,0.1,0.16666666666666666
880,181,core_first,2,popular_group,0.08271604938271605,0.0,0.0,0.014492753623188406
880,181,core_first,2,raw_distance,0.08271604938271605,0.4,0.6,1.0
880,181,core_first,2,raw_correlation,0.08271604938271605,0.2,0.1,0.5
880,181,core_first,2,mf_latent,0.08271604938271605,0.4,0.3,1.0
880,181,core_first,2,mf_impute,0.08271604938271605,0.4,0.3,0.5
881,181,core_first,1,random,0.12469135802469136,0.0,0.1,0.125
881,181,core_first,1,popular_group,0.12469135802469136,0.0,0.0,0.008064516129032258
881,181,core_first,1,raw_distance,0.12469135802469136,1.0,0.9,1.0
881,181,core_first,1,raw_correlation,0.12469135802469136,1.0,0.9,1.0
881,181,core_first,1,mf_latent,0.12469135802469136,1.0,0.9,1.0
881,181,core_first,1,mf_impute,0.12469135802469136,1.0,0.9,1.0
881,181,core_first,2,random,0.08271604938271605,0.0,0.1,0.125
881,181,core_first,2,popular_group,0.08271604938271605,0.0,0.0,0.014492753623188406
881,181,core_first,2,raw_distance,0.08271604938271605,1.0,0.9,1.0
881,181,core_first,2,raw_correlation,0.08271604938271605,1.0,0.9,1.0
881,181,core_first,2,mf_latent,0.08271604938271605,1.0,0.9,1.0
881,181,core_first,2,mf_impute,0.08271604938271605,1.0,0.9,1.0
895,181,core_first,1,random,0.12469135802469136,0.0,0.1,0.16666666666666666
895,181,core_first,1,popular_group,0.12469135802469136,0.0,0.0,0.008064516129032258
895,181,core_first,1,raw_distance,0.12469135802469136,1.0,1.0,1.0
895,181,core_first,1,raw_correlation,0.12469135802469136,1.0,1.0,1.0
895,181,core_first,1,mf_latent,0.12469135802469136,1.0,0.9,1.0
895,181,core_first,1,mf_impute,0.12469135802469136,1.0,0.9,1.0
895,181,core_first,2,random,0.013580246913580247,0.0,0.1,0.16666666666666666
895,181,core_first,2,popular_group,0.013580246913580247,0.0,0.0,0.014705882352941176
895,181,core_first,2,raw_distance,0.013580246913580247,0.4,0.2,1.0
895,181,core_first,2,raw_correlation,0.013580246913580247,0.4,0.2,1.0
895,181,core_first,2,mf_latent,0.013580246913580247,0.4,0.2,1.0
895,181,core_first,2,mf_impute,0.013580246913580247,0.4,0.2,1.0
37,5,uniform,1,random,0.10617283950617284,0.0,0.1,0.1
37,5,uniform,1,popular_group,0.10617283950617284,0.0,0.0,0.007142857142857143
37,5,uniform,1,raw_distance,0.10617283950617284,0.8,0.7,1.0
37,5,uniform,1,raw_correlation,0.10617283950617284,0.4,0.2,1.0
37,5,uniform,1,mf_latent,0.10617283950617284,0.4,0.2,1.0
37,5,uniform,1,mf_impute,0.10617283950617284,0.2,0.2,0.2
37,5,uniform,2,random,0.02345679012345679,0.0,0.0,0.012195121951219513
37,5,uniform,2,popular_group,0.02345679012345679,0.0,0.0,0.0016501650165016502
37,5,uniform,2,raw_distance,0.02345679012345679,0.6,0.4,1.0
37,5,uniform,2,raw_correlation,0.02345679012345679,0.2,0.1,0.5
37,5,uniform,2,mf_latent,0.02345679012345679,0.2,0.1,1.0
37,5,uniform,2,mf_impute,0.02345679012345679,0.2,0.1,0.2
53,5,uniform,1,random,0.10617283950617284,0.4,0.2,0.3333333333333333
53,5,uniform,1,popular_group,0.10617283950617284,0.0,0.0,0.007142857142857143
53,5,uniform,1,raw_distance,0.10617283950617284,0.6,0.4,1.0
53,5,uniform,1,raw_correlation,0.10617283950617284,0.6,0.4,1.0
53,5,uniform,1,mf_latent,0.10617283950617284,0.0,0.0,0.021739130434782608
53,5,uniform,1,mf_impute,0.10617283950617284,0.0,0.0,0.008620689655172414
53,5,uniform,2,random,0.02345679012345679,0.0,0.0,0.009615384615384616
53,5,uniform,2,popular_group,0.02345679012345679,0.0,0.0,0.0016501650165016502
53,5,uniform,2,raw_distance,0.02345679012345679,0.2,0.2,1.0
53,5,uniform,2,raw_correlation,0.02345679012345679,0.2,0.2,1.0
53,5,uniform,2,mf_latent,0.02345679012345679,0.0,0.0,0.021739130434782608
53,5,uniform,2,mf_impute,0.02345679012345679,0.0,0.0,0.008620689655172414
58,5,uniform,1,random,0.10617283950617284,0.0,0.0,0.08333333333333333
58,5,uniform,1,popular_group,0.10617283950617284,0.0,0.0,0.007142857142857143
58,5,uniform,1,raw_distance,0.10617283950617284,1.0,0.8,1.0
58,5,uniform,1,raw_correlation,0.10617283950617284,0.4,0.6,1.0
58,5,uniform,1,mf_latent,0.10617283950617284,1.0,1.0,1.0
58,5,uniform,1,mf_impute,0.10617283950617284,1.0,1.0,1.0
58,5,uniform,2,random,0.02345679012345679,0.0,0.0,0.016129032258064516
58,5,uniform,2,popular_group,0.02345679012345679,0.0,0.0,0.0016501650165016502
58,5,uniform,2,raw_distance,0.02345679012345679,1.0,0.7,1.0
58,5,uniform,2,raw_correlation,0.02345679012345679,0.2,0.1,1.0
58,5,uniform,2,mf_latent,0.02345679012345679,0.0,0.1,0.125
58,5,uniform,2,mf_impute,0.02345679012345679,0.4,0.3,0.5
67,5,uniform,1,random,0.10617283950617284,0.6,0.4,0.3333333333333333
67,5,uniform,1,popular_group,0.10617283950617284,0.0,0.0,0.007142857142857143
67,5,uniform,1,raw_distance,0.10617283950617284,0.0,0.0,0.03571428571428571
67,5,uniform,1,raw_correlation,0.10617283950617284,0.0,0.0,0.04
67,5,uniform,1,mf_latent,0.10617283950617284,0.2,0.1,0.3333333333333333
67,5,uniform,1,mf_impute,0.10617283950617284,0.0,0.0,0.047619047619047616
67,5,uniform,2,random,0.011111111111111112,0.0,0.0,0.009174311926605505
67,5,uniform,2,popular_group,0.011111111111111112,0.0,0.0,0.0016750418760469012
67,5,uniform,2,raw_distance,0.011111111111111112,0.0,0.0,0.034482758620689655
67,5,uniform,2,raw_correlation,0.011111111111111112,0.0,0.0,0.04
67,5,uniform,2,mf_latent,0.011111111111111112,0.0,0.0,0.05263157894736842
67,5,uniform,2,mf_impute,0.011111111111111112,0.0,0.0,0.030303030303030304
70,5,uniform,1,random,0.10617283950617284,0.0,0.1,0.14285714285714285
70,5,uniform,1,popular_group,0.10617283950617284,0.0,0.0,0.007142857142857143
70,5,uniform,1,raw_distance,0.10617283950617284,0.8,0.7,1.0
70,5,uniform,1,raw_correlation,0.10617283950617284,0.6,0.5,1.0
70,5,uniform,1,mf_latent,0.10617283950617284,0.2,0.1,1.0
70,5,uniform,1,mf_impute,0.10617283950617284,0.0,0.0,0.058823529411764705
70,5,uniform,2,random,0.03333333333333333,0.0,0.0,0.0136986301369863
70,5,uniform,2,popular_group,0.03333333333333333,0.0,0.0,0.0017605633802816902
70,5,uniform,2,raw_distance,0.03333333333333333,0.6,0.3,1.0
70,5,uniform,2,raw_correlation,0.03333333333333333,0.2,0.3,0.25
70,5,uniform,2,mf_latent,0.03333333333333333,0.2,0.1,1.0
70,5,uniform,2,mf_impute,0.03333333333333333,0.0,0.0,0.058823529411764705
72,5,uniform,1,random,0.10617283950617284,0.2,0.1,0.3333333333333333
72,5,uniform,1,popular_group,0.10617283950617284,0.0,0.0,0.007142857142857143
72,5,uniform,1,raw_distance,0.10617283950617284,0.6,0.8,0.3333333333333333
72,5,uniform,1,raw_correlation,0.10617283950617284,0.4,0.7,0.3333333333333333
72,5,uniform,1,mf_latent,0.10617283950617284,0.2,0.3,0.25
72,5,uniform,1,mf_impute,0.10617283950617284,0.0,0.0,0.029411764705882353
72,5,uniform,2,random,0.03333333333333333,0.0,0.0,0.058823529411764705
72,5,uniform,2,popular_group,0.03333333333333333,0.0,0.0,0.0017605633802816902
72,5,uniform,2,raw_distance,0.03333333333333333,0.6,0.7,0.3333333333333333
72,5,uniform,2,raw_correlation,0.03333333333333333,0.0,0.5,0.16666666666666666
72,5,uniform,2,mf_latent,0.03333333333333333,0.0,0.1,0.125
72,5,uniform,2,mf_impute,0.03333333333333333,0.0,0.0,0.029411764705882353
77,5,uniform,1,random,0.10617283950617284,0.2,0.2,0.25
77,5,uniform,1,popular_group,0.10617283950617284,0.0,0.0,0.007142857142857143
77,5,uniform,1,raw_distance,0.10617283950617284,0.8,0.7,1.0
77,5,uniform,1,raw_correlation,0.10617283950617284,0.6,0.3,1.0
77,5,uniform,1,mf_latent,0.10617283950617284,0.8,0.4,1.0
77,5,uniform,1,mf_impute,0.10617283950617284,0.0,0.0,0.08333333333333333
77,5,uniform,2,random,0.03333333333333333,0.2,0.2,0.25
77,5,uniform,2,popular_group,0.03333333333333333,0.0,0.0,0.0017605633802816902
77,5,uniform,2,raw_distance,0.03333333333333333,0.6,0.4,0.5
77,5,uniform,2,raw_correlation,0.03333333333333333,0.0,0.0,0.038461538461538464
77,5,uniform,2,mf_latent,0.03333333333333333,0.4,0.2,0.5
77,5,uniform,2,mf_impute,0.03333333333333333,0.0,0.0,0.08333333333333333
87,5,uniform,1,random,0.10617283950617284,0.0,0.1,0.16666666666666666
87,5,uniform,1,popular_group,0.10617283950617284,0.0,0.0,0.007142857142857143
87,5,uniform,1,raw_distance,0.10617283950617284,0.0,0.2,0.1111111111111111
87,5,uniform,1,raw_correlation,0.10617283950617284,0.2,0.1,0.25
87,5,uniform,1,mf_latent,0.10617283950617284,0.0,0.0,0.058823529411764705
87,5,uniform,1,mf_impute,0.10617283950617284,0.0,0.0,0.07692307692307693
87,5,uniform,2,random,0.03333333333333333,0.0,0.0,0.05555555555555555
87,5,uniform,2,popular_group,0.03333333333333333,0.0,0.0,0.0017605633802816902
87,5,uniform,2,raw_distance,0.03333333333333333,0.0,0.2,0.1111111111111111
87,5,uniform,2,raw_correlation,0.03333333333333333,0.0,0.0,0.07692307692307693
87,5,uniform,2,mf_latent,0.03333333333333333,0.0,0.0,0.058823529411764705
87,5,uniform,2,mf_impute,0.03333333333333333,0.0,0.0,0.07692307692307693
106,5,uniform,1,random,0.1259259259259259,0.0,0.1,0.16666666666666666
106,5,uniform,1,popular_group,0.1259259259259259,0.0,0.0,0.00641025641025641
106,5,uniform,1,raw_distance,0.1259259259259259,0.8,0.5,1.0
106,5,uniform,1,raw_correlation,0.1259259259259259,1.0,1.0,1.0
106,5,uniform,1,mf_latent,0.1259259259259259,1.0,0.8,1.0
106,5,uniform,1,mf_impute,0.1259259259259259,1.0,0.8,1.0
106,5,uniform,2,random,0.05432098765432099,0.0,0.1,0.16666666666666666
106,5,uniform,2,popular_group,0.05432098765432099,0.0,0.0,0.01
106,5,uniform,2,raw_distance,0.05432098765432099,0.8,0.5,1.0
106,5,uniform,2,raw_correlation,0.05432098765432099,1.0,0.8,1.0
106,5,uniform,2,mf_latent,0.05432098765432099,1.0,0.8,1.0
106,5,uniform,2,mf_impute,0.05432098765432099,1.0,0.8,1.0
114,5,uniform,1,random,0.1259259259259259,0.2,0.2,0.25
114,5,uniform,1,popular_group,0.1259259259259259,0.0,0.0,0.00641025641025641
114,5,uniform,1,raw_distance,0.1259259259259259,0.4,0.2,0.5
114,5,uniform,1,raw_correlation,0.1259259259259259,0.4,0.4,1.0
114,5,uniform,1,mf_latent,0.1259259259259259,0.0,0.0,0.038461538461538464
114,5,uniform,1,mf_impute,0.1259259259259259,0.0,0.0,0.019230769230769232
114,5,uniform,2,random,0.05432098765432099,0.2,0.2,0.25
114,5,uniform,2,popular_group,0.05432098765432099,0.0,0.0,0.01
114,5,uniform,2,raw_distance,0.05432098765432099,0.4,0.2,0.5
114,5,uniform,2,raw_correlation,0.05432098765432099,0.4,0.4,1.0
114,5,uniform,2,mf_latent,0.05432098765432099,0.0,0.0,0.018867924528301886
114,5,uniform,2,mf_impute,0.05432098765432099,0.0,0.0,0.014084507042253521
133,5,uniform,1,random,0.1259259259259259,0.0,0.1,0.125
133,5,uniform,1,popular_group,0.1259259259259259,0.0,0.0,0.00641025641025641
133,5,uniform,1,raw_distance,0.1259259259259259,0.4,0.3,0.3333333333333333
133,5,uniform,1,raw_correlation,0.1259259259259259,0.4,0.4,0.25
133,5,uniform,1,mf_latent,0.1259259259259259,0.0,0.0,0.012195121951219513
133,5,uniform,1,mf_impute,0.1259259259259259,0.0,0.0,0.009009009009009009
133,5,uniform,2,random,0.05432098765432099,0.0,0.1,0.125
133,5,uniform,2,popular_group,0.05432098765432099,0.0,0.0,0.01
133,5,uniform,2,raw_distance,0.05432098765432099,0.4,0.3,0.3333333333333333
133,5,uniform,2,raw_correlation,0.05432098765432099,0.4,0.3,0.25
133,5,uniform,2,mf_latent,0.05432098765432099,0.0,0.0,0.007246376811594203
133,5,uniform,2,mf_impute,0.05432098765432099,0.0,0.0,0.006535947712418301
140,5,uniform,1,random,0.1259259259259259,0.2,0.1,0.5
140,5,uniform,1,popular_group,0.1259259259259259,0.0,0.0,0.00641025641025641
140,5,uniform,1,raw_distance,0.1259259259259259,0.6,0.6,1.0
140,5,uniform,1,raw_correlation,0.1259259259259259,0.6,0.6,0.5
140,5,uniform,1,mf_latent,0.1259259259259259,0.0,0.1,0.1111111111111111
140,5,uniform,1,mf_impute,0.1259259259259259,0.0,0.1,0.125
140,5,uniform,2,random,0.05432098765432099,0.2,0.1,0.5
140,5,uniform,2,popular_group,0.05432098765432099,0.0,0.0,0.01
140,5,uniform,2,raw_distance,0.05432098765432099,0.6,0.6,1.0
140,5,uniform,2,raw_correlation,0.05432098765432099,0.6,0.6,0.5
140,5,uniform,2,mf_latent,0.05432098765432099,0.0,0.1,0.1111111111111111
140,5,uniform,2,mf_impute,0.05432098765432099,0.0,0.1,0.125
143,5,uniform,1,random,0.1259259259259259,0.0,0.0,0.08333333333333333
143,5,uniform,1,popular_group,0.1259259259259259,0.0,0.0,0.00641025641025641
143,5,uniform,1,raw_distance,0.1259259259259259,0.6,0.3,1.0
143,5,uniform,1,raw_correlation,0.1259259259259259,0.0,0.0,0.08333333333333333
143,5,uniform,1,mf_latent,0.1259259259259259,0.0,0.0,0.047619047619047616
143,5,uniform,1,mf_impute,0.1259259259259259,0.0,0.0,0.025
143,5,uniform,2,random,0.05432098765432099,0.0,0.0,0.02857142857142857
143,5,uniform,2,popular_group,0.05432098765432099,0.0,0.0,0.01
143,5,uniform,2,raw_distance,0.05432098765432099,0.6,0.3,1.0
143,5,uniform,2,raw_correlation,0.05432098765432099,0.0,0.0,0.08333333333333333
143,5,uniform,2,mf_latent,0.05432098765432099,0.0,0.0,0.011764705882352941
143,5,uniform,2,mf_impute,0.05432098765432099,0.0,0.0,0.013888888888888888
152,5,uniform,1,random,0.1259259259259259,0.0,0.1,0.125
152,5,uniform,1,popular_group,0.1259259259259259,0.0,0.0,0.00641025641025641
152,5,uniform,1,raw_distance,0.1259259259259259,0.8,0.7,0.5
152,5,uniform,1,raw_correlation,0.1259259259259259,0.4,0.7,0.25
152,5,uniform,1,mf_latent,0.1259259259259259,1.0,1.0,1.0
152,5,uniform,1,mf_impute,0.1259259259259259,0.4,0.5,1.0
152,5,uniform,2,random,0.05432098765432099,0.0,0.0,0.09090909090909091
152,5,uniform,2,popular_group,0.05432098765432099,0.0,0.0,0.01
152,5,uniform,2,raw_distance,0.05432098765432099,0.8,0.5,0.5
152,5,uniform,2,raw_correlation,0.05432098765432099,0.4,0.6,0.25
152,5,uniform,2,mf_latent,0.05432098765432099,0.8,0.7,1.0
152,5,uniform,2,mf_impute,0.05432098765432099,0.4,0.4,1.0
165,5,uniform,1,random,0.1259259259259259,0.4,0.3,0.25
165,5,uniform,1,popular_group,0.1259259259259259,0.0,0.0,0.00641025641025641
165,5,uniform,1,raw_distance,0.1259259259259259,0.0,0.3,0.16666666666666666
165,5,uniform,1,raw_correlation,0.1259259259259259,0.4,0.4,0.3333333333333333
165,5,uniform,1,mf_latent,0.1259259259259259,0.0,0.0,0.06666666666666667
165,5,uniform,1,mf_impute,0.1259259259259259,0.2,0.3,0.3333333333333333
165,5,uniform,2,random,0.06666666666666667,0.4,0.3,0.25
165,5,uniform,2,popular_group,0.06666666666666667,0.0,0.0,0.007575757575757576
165,5,uniform,2,raw_distance,0.06666666666666667,0.0,0.3,0.16666666666666666
165,5,uniform,2,raw_correlation,0.06666666666666667,0.4,0.4,0.3333333333333333
165,5,uniform,2,mf_latent,0.06666666666666667,0.0,0.0,0.06666666666666667
165,5,uniform,2,mf_impute,0.06666666666666667,0.2,0.2,0.3333333333333333
167,5,uniform,1,random,0.1259259259259259,0.2,0.3,0.5
167,5,uniform,1,popular_group,0.1259259259259259,0.0,0.0,0.00641025641025641
167,5,uniform,1,raw_distance,0.1259259259259259,0.0,0.1,0.1
167,5,uniform,1,raw_correlation,0.1259259259259259,0.2,0.1,1.0
167,5,uniform,1,mf_latent,0.1259259259259259,0.0,0.0,0.007936507936507936
167,5,uniform,1,mf_impute,0.1259259259259259,0.0,0.0,0.009259259259259259
167,5,uniform,2,random,0.06666666666666667,0.0,0.1,0.1
167,5,uniform,2,popular_group,0.06666666666666667,0.0,0.0,0.007575757575757576
167,5,uniform,2,raw_distance,0.06666666666666667,0.0,0.1,0.1
167,5,uniform,2,raw_correlation,0.06666666666666667,0.2,0.1,1.0
167,5,uniform,2,mf_latent,0.06666666666666667,0.0,0.0,0.007936507936507936
167,5,uniform,2,mf_impute,0.06666666666666667,0.0,0.0,0.009259259259259259
191,5,uniform,1,random,0.1259259259259259,0.0,0.1,0.16666666666666666
191,5,uniform,1,popular_group,0.1259259259259259,0.0,0.0,0.00641025641025641
191,5,uniform,1,raw_distance,0.1259259259259259,0.8,0.8,0.5
191,5,uniform,1,raw_correlation,0.1259259259259259,0.6,0.8,0.3333333333333333
191,5,uniform,1,mf_latent,0.1259259259259259,0.8,0.9,1.0
191,5,uniform,1,mf_impute,0.1259259259259259,0.6,0.5,1.0
191,5,uniform,2,random,0.06666666666666667,0.0,0.0,0.058823529411764705
191,5,uniform,2,popular_group,0.06666666666666667,0.0,0.0,0.007575757575757576
191,5,uniform,2,raw_distance,0.06666666666666667,0.8,0.8,0.5
191,5,uniform,2,raw_correlation,0.06666666666666667,0.6,0.8,0.3333333333333333
191,5,uniform,2,mf_latent,0.06666666666666667,0.6,0.8,1.0
191,5,uniform,2,mf_impute,0.06666666666666667,0.4,0.4,1.0
201,5,uniform,1,random,0.1259259259259259,0.0,0.0,0.07142857142857142
201,5,uniform,1,popular_group,0.1259259259259259,0.0,0.0,0.00641025641025641
201,5,uniform,1,raw_distance,0.1259259259259259,0.4,0.2,1.0
201,5,uniform,1,raw_correlation,0.1259259259259259,0.4,0.4,0.3333333333333333
201,5,uniform,1,mf_latent,0.1259259259259259,0.8,0.4,1.0
201,5,uniform,1,mf_impute,0.1259259259259259,0.2,0.2,0.25
201,5,uniform,2,random,0.06666666666666667,0.0,0.0,0.07142857142857142
201,5,uniform,2,popular_group,0.06666666666666667,0.0,0.0,0.007575757575757576
201,5,uniform,2,raw_distance,0.06666666666666667,0.4,0.2,1.0
201,5,uniform,2,raw_correlation,0.06666666666666667,0.4,0.4,0.3333333333333333
201,5,uniform,2,mf_latent,0.06666666666666667,0.4,0.2,0.5
201,5,uniform,2,mf_impute,0.06666666666666667,0.0,0.1,0.1
234,5,uniform,1,random,0.12345679012345678,0.4,0.3,0.5
234,5,uniform,1,popular_group,0.12345679012345678,0.0,0.0,0.004901960784313725
234,5,uniform,1,raw_distance,0.12345679012345678,0.8,0.8,0.5
234,5,uniform,1,raw_correlation,0.12345679012345678,0.2,0.3,0.3333333333333333
234,5,uniform,1,mf_latent,0.12345679012345678,1.0,0.9,1.0
234,5,uniform,1,mf_impute,0.12345679012345678,1.0,1.0,1.0
234,5,uniform,2,random,0.0654320987654321,0.2,0.2,0.5
234,5,uniform,2,popular_group,0.0654320987654321,0.0,0.0,0.00510204081632653
234,5,uniform,2,raw_distance,0.0654320987654321,0.8,0.8,0.5
234,5,uniform,2,raw_correlation,0.0654320987654321,0.2,0.3,0.3333333333333333
234,5,uniform,2,mf_latent,0.0654320987654321,1.0,0.9,1.0
234,5,uniform,2,mf_impute,0.0654320987654321,1.0,1.0,1.0
280,5,uniform,1,random,0.12345679012345678,0.0,0.1,0.125
280,5,uniform,1,popular_group,0.12345679012345678,0.0,0.0,0.004901960784313725
280,5,uniform,1,raw_distance,0.12345679012345678,0.4,0.5,1.0
280,5,uniform,1,raw_correlation,0.12345679012345678,0.6,0.4,1.0
280,5,uniform,1,mf_latent,0.12345679012345678,0.2,0.5,0.5
280,5,uniform,1,mf_impute,0.12345679012345678,1.0,0.7,1.0
280,5,uniform,2,random,0.043209876543209874,0.0,0.1,0.125
280,5,uniform,2,popular_group,0.043209876543209874,0.0,0.0,0.004098360655737705
280,5,uniform,2,raw_distance,0.043209876543209874,0.2,0.2,0.3333333333333333
280,5,uniform,2,raw_correlation,0.043209876543209874,0.2,0.2,0.5
280,5,uniform,2,mf_latent,0.043209876543209874,0.2,0.2,0.5
280,5,uniform,2,mf_impute,0.043209876543209874,0.4,0.4,0.25
285,5,uniform,1,random,0.12345679012345678,0.2,0.1,0.2
285,5,uniform,1,popular_group,0.12345679012345678,0.0,0.0,0.004901960784313725
285,5,uniform,1,raw_distance,0.12345679012345678,0.4,0.4,1.0
285,5,uniform,1,raw_correlation,0.12345679012345678,0.4,0.2,0.3333333333333333
285,5,uniform,1,mf_latent,0.12345679012345678,0.0,0.0,0.015873015873015872
285,5,uniform,1,mf_impute,0.12345679012345678,0.2,0.2,0.3333333333333333
285,5,uniform,2,random,0.043209876543209874,0.0,0.0,0.09090909090909091
285,5,uniform,2,popular_group,0.043209876543209874,0.0,0.0,0.004098360655737705
285,5,uniform,2,raw_distance,0.043209876543209874,0.4,0.4,1.0
285,5,uniform,2,raw_correlation,0.043209876543209874,0.4,0.2,0.3333333333333333
285,5,uniform,2,mf_latent,0.043209876543209874,0.0,0.0,0.0136986301369863
285,5,uniform,2,mf_impute,0.043209876543209874,0.2,0.2,0.3333333333333333
292,5,uniform,1,random,0.12345679012345678,0.4,0.2,0.5
292,5,uniform,1,popular_group,0.12345679012345678,0.0,0.0,0.004901960784313725
292,5,uniform,1,raw_distance,0.12345679012345678,0.2,0.3,0.2
292,5,uniform,1,raw_correlation,0.12345679012345678,0.0,0.0,0.09090909090909091
292,5,uniform,1,mf_latent,0.12345679012345678,0.2,0.1,0.5
292,5,uniform,1,mf_impute,0.12345679012345678,0.8,0.7,1.0
292,5,uniform,2,random,0.043209876543209874,0.0,0.0,0.02702702702702703
292,5,uniform,2,popular_group,0.043209876543209874,0.0,0.0,0.004098360655737705
292,5,uniform,2,raw_distance,0.043209876543209874,0.0,0.2,0.16666666666666666
292,5,uniform,2,raw_correlation,0.043209876543209874,0.0,0.0,0.016129032258064516
292,5,uniform,2,mf_latent,0.043209876543209874,0.2,0.1,0.5
292,5,uniform,2,mf_impute,0.043209876543209874,0.0,0.2,0.125
302,5,uniform,1,random,0.12345679012345678,0.0,0.0,0.05555555555555555
302,5,uniform,1,popular_group,0.12345679012345678,0.0,0.0,0.004901960784313725
302,5,uniform,1,raw_distance,0.12345679012345678,0.0,0.0,0.058823529411764705
302,5,uniform,1,raw_correlation,0.12345679012345678,0.2,0.5,0.2
302,5,uniform,1,mf_latent,0.12345679012345678,0.2,0.1,0.2
302,5,uniform,1,mf_impute,0.12345679012345678,0.8,0.6,1.0
302,5,uniform,2,random,0.043209876543209874,0.0,0.0,0.041666666666666664
302,5,uniform,2,popular_group,0.043209876543209874,0.0,0.0,0.004098360655737705
302,5,uniform,2,raw_distance,0.043209876543209874,0.0,0.0,0.04
302,5,uniform,2,raw_correlation,0.043209876543209874,0.0,0.3,0.16666666666666666
302,5,uniform,2,mf_latent,0.043209876543209874,0.0,0.0,0.034482758620689655
302,5,uniform,2,mf_impute,0.043209876543209874,0.0,0.0,0.02
308,5,uniform,1,random,0.12345679012345678,0.0,0.2,0.14285714285714285
308,5,uniform,1,popular_group,0.12345679012345678,0.0,0.0,0.004901960784313725
308,5,uniform,1,raw_distance,0.12345679012345678,0.0,0.0,0.07692307692307693
308,5,uniform,1,raw_correlation,0.12345679012345678,0.0,0.4,0.16666666666666666
308,5,uniform,1,mf_latent,0.12345679012345678,0.2,0.4,0.25
308,5,uniform,1,mf_impute,0.12345679012345678,1.0,1.0,1.0
308,5,uniform,2,random,0.013580246913580247,0.0,0.0,0.058823529411764705
308,5,uniform,2,popular_group,0.013580246913580247,0.0,0.0,0.0036231884057971015
308,5,uniform,2,raw_distance,0.013580246913580247,0.0,0.0,0.07692307692307693
308,5,uniform,2,raw_correlation,0.013580246913580247,0.0,0.0,0.02857142857142857
308,5,uniform,2,mf_latent,0.013580246913580247,0.0,0.0,0.005494505494505495
308,5,uniform,2,mf_impute,0.013580246913580247,0.0,0.0,0.012658227848101266
314,5,uniform,1,random,0.12345679012345678,0.0,0.0,0.07142857142857142
314,5,uniform,1,popular_group,0.12345679012345678,0.0,0.0,0.004901960784313725
314,5,uniform,1,raw_distance,0.12345679012345678,0.4,0.4,0.25
314,5,uniform,1,raw_correlation,0.12345679012345678,0.0,0.0,0.058823529411764705
314,5,uniform,1,mf_latent,0.12345679012345678,0.0,0.0,0.045454545454545456
314,5,uniform,1,mf_impute,0.12345679012345678,0.8,0.9,1.0
314,5,uniform,2,random,0.013580246913580247,0.0,0.0,0.0034965034965034965
314,5,uniform,2,popular_group,0.013580246913580247,0.0,0.0,0.0036231884057971015
314,5,uniform,2,raw_distance,0.013580246913580247,0.4,0.3,0.25
314,5,uniform,2,raw_correlation,0.013580246913580247,0.0,0.0,0.058823529411764705
314,5,uniform,2,mf_latent,0.013580246913580247,0.0,0.0,0.045454545454545456
314,5,uniform,2,mf_impute,0.013580246913580247,0.4,0.2,1.0
320,5,uniform,1,random,0.1,0.2,0.1,1.0
320,5,uniform,1,popular_group,0.1,0.0,0.0,0.0033333333333333335
320,5,uniform,1,raw_distance,0.1,0.6,0.7,0.5
320,5,uniform,1,raw_correlation,0.1,0.8,0.4,1.0
320,5,uniform,1,mf_latent,0.1,0.6,0.4,1.0
320,5,uniform,1,mf_impute,0.1,0.6,0.5,0.5
320,5,uniform,2,random,0.013580246913580247,0.0,0.0,0.05555555555555555
320,5,uniform,2,popular_group,0.013580246913580247,0.0,0.0,0.003424657534246575
320,5,uniform,2,raw_distance,0.013580246913580247,0.2,0.4,0.5
320,5,uniform,2,raw_correlation,0.013580246913580247,0.2,0.1,1.0
320,5,uniform,2,mf_latent,0.013580246913580247,0.2,0.1,0.3333333333333333
320,5,uniform,2,mf_impute,0.013580246913580247,0.2,0.1,0.5
325,5,uniform,1,random,0.1,0.2,0.2,0.25
325,5,uniform,1,popular_group,0.1,0.0,0.0,0.0033333333333333335
325,5,uniform,1,raw_distance,0.1,0.4,0.5,0.5
325,5,uniform,1,raw_correlation,0.1,0.2,0.4,0.2
325,5,uniform,1,mf_latent,0.1,1.0,0.8,1.0
325,5,uniform,1,mf_impute,0.1,0.8,0.8,1.0
325,5,uniform,2,random,0.013580246913580247,0.0,0.0,0.007874015748031496
325,5,uniform,2,popular_group,0.013580246913580247,0.0,0.0,0.003424657534246575
325,5,uniform,2,raw_distance,0.013580246913580247,0.0,0.0,0.07692307692307693
325,5,uniform,2,raw_correlation,0.013580246913580247,0.0,0.1,0.16666666666666666
325,5,uniform,2,mf_latent,0.013580246913580247,0.0,0.0,0.030303030303030304
325,5,uniform,2,mf_impute,0.013580246913580247,0.0,0.0,0.06666666666666667
336,5,uniform,1,random,0.1,0.0,0.1,0.1111111111111111
336,5,uniform,1,popular_group,0.1,0.0,0.0,0.0033333333333333335
336,5,uniform,1,raw_distance,0.1,0.2,0.1,0.5
336,5,uniform,1,raw_correlation,0.1,0.2,0.1,1.0
336,5,uniform,1,mf_latent,0.1,0.2,0.2,0.25
336,5,uniform,1,mf_impute,0.1,0.2,0.3,1.0
336,5,uniform,2,random,0.04814814814814815,0.0,0.0,0.03225806451612903
336,5,uniform,2,popular_group,0.04814814814814815,0.0,0.0,0.003246753246753247
336,5,uniform,2,raw_distance,0.04814814814814815,0.0,0.0,0.07692307692307693
336,5,uniform,2,raw_correlation,0.04814814814814815,0.0,0.0,0.03571428571428571
336,5,uniform,2,mf_latent,0.04814814814814815,0.2,0.2,0.25
336,5,uniform,2,mf_impute,0.04814814814814815,0.2,0.3,1.0
352,5,uniform,1,random,0.1,0.2,0.1,0.3333333333333333
352,5,uniform,1,popular_group,0.1,0.0,0.0,0.0033333333333333335
352,5,uniform,1,raw_distance,0.1,0.0,0.0,0.02127659574468085
352,5,uniform,1,raw_correlation,0.1,0.0,0.0,0.05263157894736842
352,5,uniform,1,mf_latent,0.1,0.2,0.3,1.0
352,5,uniform,1,mf_impute,0.1,0.2,0.2,0.25
352,5,uniform,2,random,0.04814814814814815,0.0,0.0,0.041666666666666664
352,5,uniform,2,popular_group,0.04814814814814815,0.0,0.0,0.003246753246753247
352,5,uniform,2,raw_distance,0.04814814814814815,0.0,0.0,0.0196078431372549
352,5,uniform,2,raw_correlation,0.04814814814814815,0.0,0.0,0.021739130434782608
352,5,uniform,2,mf_latent,0.04814814814814815,0.2,0.3,1.0
352,5,uniform,2,mf_impute,0.04814814814814815,0.2,0.2,0.25
357,5,uniform,1,random,0.1,0.2,0.3,1.0
357,5,uniform,1,popular_group,0.1,0.0,0.0,0.0033333333333333335
357,5,uniform,1,raw_distance,0.1,0.2,0.2,1.0
357,5,uniform,1,raw_correlation,0.1,0.2,0.1,0.5
357,5,uniform,1,mf_latent,0.1,0.2,0.5,0.25
357,5,uniform,1,mf_impute,0.1,0.8,0.6,0.5
357,5,uniform,2,random,0.04814814814814815,0.0,0.1,0.16666666666666666
357,5,uniform,2,popular_group,0.04814814814814815,0.0,0.0,0.003246753246753247
357,5,uniform,2,raw_distance,0.04814814814814815,0.2,0.2,1.0
357,5,uniform,2,raw_correlation,0.04814814814814815,0.2,0.1,0.5
357,5,uniform,2,mf_latent,0.04814814814814815,0.2,0.5,0.25
357,5,uniform,2,mf_impute,0.04814814814814815,0.8,0.6,0.5
359,5,uniform,1,random,0.1,0.2,0.2,1.0
359,5,uniform,1,popular_group,0.1,0.0,0.0,0.0033333333333333335
359,5,uniform,1,raw_distance,0.1,0.2,0.5,0.5
359,5,uniform,1,raw_correlation,0.1,0.4,0.2,1.0
359,5,uniform,1,mf_latent,0.1,0.4,0.4,1.0
359,5,uniform,1,mf_impute,0.1,0.4,0.5,1.0
359,5,uniform,2,random,0.04814814814814815,0.2,0.1,1.0
359,5,uniform,2,popular_group,0.04814814814814815,0.0,0.0,0.003246753246753247
359,5,uniform,2,raw_distance,0.04814814814814815,0.2,0.3,0.5
359,5,uniform,2,raw_correlation,0.04814814814814815,0.4,0.2,1.0
359,5,uniform,2,mf_latent,0.04814814814814815,0.2,0.2,0.5
359,5,uniform,2,mf_impute,0.04814814814814815,0.0,0.2,0.14285714285714285
372,5,uniform,1,random,0.1,0.0,0.1,0.125
372,5,uniform,1,popular_group,0.1,0.0,0.0,0.0033333333333333335
372,5,uniform,1,raw_distance,0.1,0.2,0.3,0.2
372,5,uniform,1,raw_correlation,0.1,0.0,0.3,0.14285714285714285
372,5,uniform,1,mf_latent,0.1,0.8,0.7,1.0
372,5,uniform,1,mf_impute,0.1,0.4,0.6,0.5
372,5,uniform,2,random,0.04814814814814815,0.0,0.0,0.058823529411764705
372,5,uniform,2,popular_group,0.04814814814814815,0.0,0.0,0.003246753246753247
372,5,uniform,2,raw_distance,0.04814814814814815,0.2,0.3,0.2
372,5,uniform,2,raw_correlation,0.04814814814814815,0.0,0.3,0.14285714285714285
372,5,uniform,2,mf_latent,0.04814814814814815,0.8,0.7,1.0
372,5,uniform,2,mf_impute,0.04814814814814815,0.4,0.5,0.5
373,5,uniform,1,random,0.1,0.0,0.0,0.05
373,5,uniform,1,popular_group,0.1,0.0,0.0,0.0033333333333333335
373,5,uniform,1,raw_distance,0.1,0.2,0.4,0.5
373,5,uniform,1,raw_correlation,0.1,0.0,0.0,0.07692307692307693
373,5,uniform,1,mf_latent,0.1,0.8,0.5,1.0
373,5,uniform,1,mf_impute,0.1,0.4,0.5,0.5
373,5,uniform,2,random,0.04814814814814815,0.0,0.0,0.05
373,5,uniform,2,popular_group,0.04814814814814815,0.0,0.0,0.003246753246753247
373,5,uniform,2,raw_distance,0.04814814814814815,0.2,0.3,0.5
373,5,uniform,2,raw_correlation,0.04814814814814815,0.0,0.0,0.07692307692307693
373,5,uniform,2,mf_latent,0.04814814814814815,0.8,0.5,1.0
373,5,uniform,2,mf_impute,0.04814814814814815,0.4,0.4,0.5
378,5,uniform,1,random,0.1,0.0,0.2,0.1111111111111111
378,5,uniform,1,popular_group,0.1,0.0,0.0,0.0033333333333333335
378,5,uniform,1,raw_distance,0.1,0.2,0.3,1.0
378,5,uniform,1,raw_correlation,0.1,0.2,0.3,1.0
378,5,uniform,1,mf_latent,0.1,0.0,0.2,0.16666666666666666
378,5,uniform,1,mf_impute,0.1,0.2,0.2,0.5
378,5,uniform,2,random,0.012345679012345678,0.0,0.1,0.1111111111111111
378,5,uniform,2,popular_group,0.012345679012345678,0.0,0.0,0.0029411764705882353
378,5,uniform,2,raw_distance,0.012345679012345678,0.2,0.1,1.0
378,5,uniform,2,raw_correlation,0.012345679012345678,0.2,0.1,1.0
378,5,uniform,2,mf_latent,0.012345679012345678,0.0,0.0,0.018518518518518517
378,5,uniform,2,mf_impute,0.012345679012345678,0.0,0.0,0.02631578947368421
381,5,uniform,1,random,0.1,0.0,0.0,0.07142857142857142
381,5,uniform,1,popular_group,0.1,0.0,0.0,0.0033333333333333335
381,5,uniform,1,raw_distance,0.1,0.4,0.6,1.0
381,5,uniform,1,raw_correlation,0.1,0.6,0.8,0.5
381,5,uniform,1,mf_latent,0.1,1.0,1.0,1.0
381,5,uniform,1,mf_impute,0.1,0.4,0.6,0.5
381,5,uniform,2,random,0.012345679012345678,0.0,0.0,0.003424657534246575
381,5,uniform,2,popular_group,0.012345679012345678,0.0,0.0,0.0029411764705882353
381,5,uniform,2,raw_distance,0.012345679012345678,0.0,0.1,0.16666666666666666
381,5,uniform,2,raw_correlation,0.012345679012345678,0.0,0.0,0.034482758620689655
381,5,uniform,2,mf_latent,0.012345679012345678,0.0,0.1,0.14285714285714285
381,5,uniform,2,mf_impute,0.012345679012345678,0.0,0.2,0.14285714285714285
389,5,uniform,1,random,0.1,0.0,0.2,0.125
389,5,uniform,1,popular_group,0.1,0.0,0.0,0.0033333333333333335
389,5,uniform,1,raw_distance,0.1,0.2,0.2,0.2
389,5,uniform,1,raw_correlation,0.1,0.0,0.2,0.14285714285714285
389,5,uniform,1,mf_latent,0.1,0.0,0.1,0.1111111111111111
389,5,uniform,1,mf_impute,0.1,0.6,0.6,0.3333333333333333
389,5,uniform,2,random,0.012345679012345678,0.0,0.1,0.125
389,5,uniform,2,popular_group,0.012345679012345678,0.0,0.0,0.0029411764705882353
389,5,uniform,2,raw_distance,0.012345679012345678,0.0,0.0,0.017543859649122806
389,5,uniform,2,raw_correlation,0.012345679012345678,0.0,0.0,0.00980392156862745
389,5,uniform,2,mf_latent,0.012345679012345678,0.0,0.0,0.020833333333333332
389,5,uniform,2,mf_impute,0.012345679012345678,0.0,0.0,0.043478260869565216
403,5,uniform,1,random,0.1,0.0,0.1,0.125
403,5,uniform,1,popular_group,0.1,0.0,0.0,0.0033333333333333335
403,5,uniform,1,raw_distance,0.1,0.0,0.0,0.04
403,5,uniform,1,raw_correlation,0.1,0.0,0.0,0.05555555555555555
403,5,uniform,1,mf_latent,0.1,0.0,0.1,0.1
403,5,uniform,1,mf_impute,0.1,0.0,0.0,0.045454545454545456
403,5,uniform,2,random,0.020987654320987655,0.0,0.0,0.005780346820809248
403,5,uniform,2,popular_group,0.020987654320987655,0.0,0.0,0.0028089887640449437
403,5,uniform,2,raw_distance,0.020987654320987655,0.0,0.0,0.04
403,5,uniform,2,raw_correlation,0.020987654320987655,0.0,0.0,0.034482758620689655
403,5,uniform,2,mf_latent,0.020987654320987655,0.0,0.0,0.016129032258064516
403,5,uniform,2,mf_impute,0.020987654320987655,0.0,0.0,0.020833333333333332
408,5,uniform,1,random,0.1,0.2,0.1,0.25
408,5,uniform,1,popular_group,0.1,0.0,0.0,0.0033333333333333335
408,5,uniform,1,raw_distance,0.1,0.2,0.1,1.0
408,5,uniform,1,raw_correlation,0.1,0.2,0.2,1.0
408,5,uniform,1,mf_latent,0.1,0.0,0.0,0.03571428571428571
408,5,uniform,1,mf_impute,0.1,0.0,0.0,0.02
408,5,uniform,2,random,0.003703703703703704,0.0,0.0,0.03571428571428571
408,5,uniform,2,popular_group,0.003703703703703704,0.0,0.0,0.002617801047120419
408,5,uniform,2,raw_distance,0.003703703703703704,0.2,0.1,1.0
408,5,uniform,2,raw_correlation,0.003703703703703704,0.2,0.1,1.0
408,5,uniform,2,mf_latent,0.003703703703703704,0.0,0.0,0.025
408,5,uniform,2,mf_impute,0.003703703703703704,0.0,0.0,0.017857142857142856
413,5,uniform,1,random,0.1,0.0,0.1,0.1111111111111111
413,5,uniform,1,popular_group,0.1,0.0,0.0,0.0033333333333333335
413,5,uniform,1,raw_distance,0.1,0.0,0.1,0.1111111111111111
413,5,uniform,1,raw_correlation,0.1,0.0,0.0,0.020833333333333332
413,5,uniform,1,mf_latent,0.1,0.0,0.0,0.01694915254237288
413,5,uniform,1,mf_impute,0.1,0.0,0.0,0.010309278350515464
413,5,uniform,2,random,0.0012345679012345679,0.0,0.0,0.0022471910112359553
413,5,uniform,2,popular_group,0.0012345679012345679,0.0,0.0,0.0026246719160104987
413,5,uniform,2,raw_distance,0.0012345679012345679,0.0,0.1,0.1111111111111111
413,5,uniform,2,raw_correlation,0.0012345679012345679,0.0,0.0,0.020833333333333332
413,5,uniform,2,mf_latent,0.0012345679012345679,0.0,0.0,0.0012642225031605564
413,5,uniform,2,mf_impute,0.0012345679012345679,0.0,0.0,0.00196078431372549
415,5,uniform,1,random,0.10123456790123457,0.2,0.1,1.0
415,5,uniform,1,popular_group,0.10123456790123457,0.0,0.0,0.002631578947368421
415,5,uniform,1,raw_distance,0.10123456790123457,0.0,0.0,0.0196078431372549
415,5,uniform,1,raw_correlation,0.10123456790123457,0.0,0.0,0.038461538461538464
415,5,uniform,1,mf_latent,0.10123456790123457,0.0,0.0,0.03125
415,5,uniform,1,mf_impute,0.10123456790123457,0.0,0.0,0.01818181818181818
415,5,uniform,2,random,0.0024691358024691358,0.0,0.0,0.010752688172043012
415,5,uniform,2,popular_group,0.0024691358024691358,0.0,0.0,0.002638522427440633
415,5,uniform,2,raw_distance,0.0024691358024691358,0.0,0.0,0.006993006993006993
415,5,uniform,2,raw_correlation,0.0024691358024691358,0.0,0.0,0.008771929824561403
415,5,uniform,2,mf_latent,0.0024691358024691358,0.0,0.0,0.00398406374501992
415,5,uniform,2,mf_impute,0.0024691358024691358,0.0,0.0,0.00398406374501992
421,5,uniform,1,random,0.10123456790123457,0.2,0.2,1.0
421,5,uniform,1,popular_group,0.10123456790123457,0.0,0.0,0.002631578947368421
421,5,uniform,1,raw_distance,0.10123456790123457,0.0,0.0,0.09090909090909091
421,5,uniform,1,raw_correlation,0.10123456790123457,0.2,0.1,1.0
421,5,uniform,1,mf_latent,0.10123456790123457,0.0,0.0,0.01818181818181818
421,5,uniform,1,mf_impute,0.10123456790123457,0.0,0.0,0.014492753623188406
421,5,uniform,2,random,0.028395061728395062,0.0,0.0,0.030303030303030304
421,5,uniform,2,popular_group,0.028395061728395062,0.0,0.0,0.002688172043010753
421,5,uniform,2,raw_distance,0.028395061728395062,0.0,0.0,0.06666666666666667
421,5,uniform,2,raw_correlation,0.028395061728395062,0.0,0.0,0.047619047619047616
421,5,uniform,2,mf_latent,0.028395061728395062,0.0,0.0,0.01818181818181818
421,5,uniform,2,mf_impute,0.028395061728395062,0.0,0.0,0.014492753623188406
424,5,uniform,1,random,0.10123456790123457,0.0,0.0,0.08333333333333333
424,5,uniform,1,popular_group,0.10123456790123457,0.0,0.0,0.002631578947368421
424,5,uniform,1,raw_distance,0.10123456790123457,0.2,0.1,1.0
424,5,uniform,1,raw_correlation,0.10123456790123457,0.2,0.1,0.25
424,5,uniform,1,mf_latent,0.10123456790123457,0.0,0.0,0.02631578947368421
424,5,uniform,1,mf_impute,0.10123456790123457,0.0,0.0,0.013157894736842105
424,5,uniform,2,random,0.028395061728395062,0.0,0.0,0.013888888888888888
424,5,uniform,2,popular_group,0.028395061728395062,0.0,0.0,0.002688172043010753
424,5,uniform,2,raw_distance,0.028395061728395062,0.2,0.1,1.0
424,5,uniform,2,raw_correlation,0.028395061728395062,0.2,0.1,0.25
424,5,uniform,2,mf_latent,0.028395061728395062,0.0,0.0,0.02631578947368421
424,5,uniform,2,mf_impute,0.028395061728395062,0.0,0.0,0.013157894736842105
430,5,uniform,1,random,0.10123456790123457,0.2,0.1,0.2
430,5,uniform,1,popular_group,0.10123456790123457,0.0,0.0,0.002631578947368421
430,5,uniform,1,raw_distance,0.10123456790123457,0.4,0.5,0.5
430,5,uniform,1,raw_correlation,0.10123456790123457,0.2,0.2,0.2
430,5,uniform,1,mf_latent,0.10123456790123457,0.0,0.0,0.015625
430,5,uniform,1,mf_impute,0.10123456790123457,0.0,0.0,0.02127659574468085
430,5,uniform,2,random,0.028395061728395062,0.0,0.0,0.0125
430,5,uniform,2,popular_group,0.028395061728395062,0.0,0.0,0.002688172043010753
430,5,uniform,2,raw_distance,0.028395061728395062,0.0,0.1,0.1
430,5,uniform,2,raw_correlation,0.028395061728395062,0.0,0.0,0.011111111111111112
430,5,uniform,2,mf_latent,0.028395061728395062,0.0,0.0,0.006711409395973154
430,5,uniform,2,mf_impute,0.028395061728395062,0.0,0.0,0.007518796992481203
432,5,uniform,1,random,0.10123456790123457,0.2,0.1,0.5
432,5,uniform,1,popular_group,0.10123456790123457,0.0,0.0,0.002631578947368421
432,5,uniform,1,raw_distance,0.10123456790123457,0.2,0.2,1.0
432,5,uniform,1,raw_correlation,0.10123456790123457,0.0,0.2,0.16666666666666666
432,5,uniform,1,mf_latent,0.10123456790123457,0.0,0.0,0.027777777777777776
432,5,uniform,1,mf_impute,0.10123456790123457,0.0,0.0,0.037037037037037035
432,5,uniform,2,random,0.028395061728395062,0.2,0.1,0.5
432,5,uniform,2,popular_group,0.028395061728395062,0.0,0.0,0.002688172043010753
432,5,uniform,2,raw_distance,0.028395061728395062,0.2,0.2,1.0
432,5,uniform,2,raw_correlation,0.028395061728395062,0.0,0.2,0.16666666666666666
432,5,uniform,2,mf_latent,0.028395061728395062,0.0,0.0,0.027777777777777776
432,5,uniform,2,mf_impute,0.028395061728395062,0.0,0.0,0.037037037037037035
457,5,uniform,1,random,0.10123456790123457,0.0,0.0,0.09090909090909091
457,5,uniform,1,popular_group,0.10123456790123457,0.0,0.0,0.002631578947368421
457,5,uniform,1,raw_distance,0.10123456790123457,0.0,0.1,0.14285714285714285
457,5,uniform,1,raw_correlation,0.10123456790123457,0.0,0.1,0.125
457,5,uniform,1,mf_latent,0.10123456790123457,0.0,0.0,0.02857142857142857
457,5,uniform,1,mf_impute,0.10123456790123457,0.0,0.0,0.038461538461538464
457,5,uniform,2,random,0.019753086419753086,0.0,0.0,0.05
457,5,uniform,2,popular_group,0.019753086419753086,0.0,0.0,0.0024752475247524753
457,5,uniform,2,raw_distance,0.019753086419753086,0.0,0.1,0.14285714285714285
457,5,uniform,2,raw_correlation,0.019753086419753086,0.0,0.1,0.125
457,5,uniform,2,mf_latent,0.019753086419753086,0.0,0.0,0.02857142857142857
457,5,uniform,2,mf_impute,0.019753086419753086,0.0,0.0,0.038461538461538464
468,5,uniform,1,random,0.10123456790123457,0.2,0.2,0.3333333333333333
468,5,uniform,1,popular_group,0.10123456790123457,0.0,0.0,0.002631578947368421
468,5,uniform,1,raw_distance,0.10123456790123457,0.2,0.3,0.2
468,5,uniform,1,raw_correlation,0.10123456790123457,0.0,0.0,0.007692307692307693
468,5,uniform,1,mf_latent,0.10123456790123457,0.0,0.0,0.03571428571428571
468,5,uniform,1,mf_impute,0.10123456790123457,0.0,0.0,0.07692307692307693
468,5,uniform,2,random,0.044444444444444446,0.2,0.2,0.3333333333333333
468,5,uniform,2,popular_group,0.044444444444444446,0.0,0.0,0.002380952380952381
468,5,uniform,2,raw_distance,0.044444444444444446,0.2,0.1,0.2
468,5,uniform,2,raw_correlation,0.044444444444444446,0.0,0.0,0.007575757575757576
468,5,uniform,2,mf_latent,0.044444444444444446,0.0,0.0,0.011235955056179775
468,5,uniform,2,mf_impute,0.044444444444444446,0.0,0.0,0.01282051282051282
473,5,uniform,1,random,0.10123456790123457,0.0,0.1,0.125
473,5,uniform,1,popular_group,0.10123456790123457,0.0,0.0,0.002631578947368421
473,5,uniform,1,raw_distance,0.10123456790123457,0.0,0.1,0.16666666666666666
473,5,uniform,1,raw_correlation,0.10123456790123457,0.0,0.1,0.125
473,5,uniform,1,mf_latent,0.10123456790123457,0.0,0.0,0.024390243902439025
473,5,uniform,1,mf_impute,0.10123456790123457,0.0,0.0,0.02
473,5,uniform,2,random,0.044444444444444446,0.0,0.1,0.125
473,5,uniform,2,popular_group,0.044444444444444446,0.0,0.0,0.002380952380952381
473,5,uniform,2,raw_distance,0.044444444444444446,0.0,0.0,0.047619047619047616
473,5,uniform,2,raw_correlation,0.044444444444444446,0.0,0.0,0.03571428571428571
473,5,uniform,2,mf_latent,0.044444444444444446,0.0,0.0,0.0040650406504065045
473,5,uniform,2,mf_impute,0.044444444444444446,0.0,0.0,0.012048192771084338
501,5,uniform,1,random,0.10123456790123457,0.0,0.1,0.1111111111111111
501,5,uniform,1,popular_group,0.10123456790123457,0.0,0.0,0.002631578947368421
501,5,uniform,1,raw_distance,0.10123456790123457,0.0,0.0,0.030303030303030304
501,5,uniform,1,raw_correlation,0.10123456790123457,0.4,0.3,1.0
501,5,uniform,1,mf_latent,0.10123456790123457,0.0,0.0,0.05
501,5,uniform,1,mf_impute,0.10123456790123457,0.0,0.0,0.047619047619047616
501,5,uniform,2,random,0.003703703703703704,0.0,0.0,0.002531645569620253
501,5,uniform,2,popular_group,0.003703703703703704,0.0,0.0,0.002178649237472767
501,5,uniform,2,raw_distance,0.003703703703703704,0.0,0.0,0.02
501,5,uniform,2,raw_correlation,0.003703703703703704,0.0,0.0,0.007936507936507936
501,5,uniform,2,mf_latent,0.003703703703703704,0.0,0.0,0.05
501,5,uniform,2,mf_impute,0.003703703703703704,0.0,0.0,0.015151515151515152
532,5,uniform,1,random,0.12098765432098765,0.2,0.1,1.0
532,5,uniform,1,popular_group,0.12098765432098765,0.0,0.0,0.002173913043478261
532,5,uniform,1,raw_distance,0.12098765432098765,0.0,0.0,0.023255813953488372
532,5,uniform,1,raw_correlation,0.12098765432098765,0.0,0.0,0.011627906976744186
532,5,uniform,1,mf_latent,0.12098765432098765,0.0,0.0,0.006024096385542169
532,5,uniform,1,mf_impute,0.12098765432098765,0.0,0.0,0.014925373134328358
532,5,uniform,2,random,0.018518518518518517,0.0,0.0,0.023255813953488372
532,5,uniform,2,popular_group,0.018518518518518517,0.0,0.0,0.002136752136752137
532,5,uniform,2,raw_distance,0.018518518518518517,0.0,0.0,0.004784688995215311
532,5,uniform,2,raw_correlation,0.018518518518518517,0.0,0.0,0.0022371364653243847
532,5,uniform,2,mf_latent,0.018518518518518517,0.0,0.0,0.003389830508474576
532,5,uniform,2,mf_impute,0.018518518518518517,0.0,0.0,0.010638297872340425
536,5,uniform,1,random,0.12098765432098765,0.0,0.0,0.05555555555555555
536,5,uniform,1,popular_group,0.12098765432098765,0.0,0.0,0.002173913043478261
536,5,uniform,1,raw_distance,0.12098765432098765,0.4,0.2,0.3333333333333333
536,5,uniform,1,raw_correlation,0.12098765432098765,0.8,0.8,1.0
536,5,uniform,1,mf_latent,0.12098765432098765,0.0,0.0,0.05263157894736842
536,5,uniform,1,mf_impute,0.12098765432098765,0.0,0.1,0.16666666666666666
536,5,uniform,2,random,0.018518518518518517,0.0,0.0,0.03125
536,5,uniform,2,popular_group,0.018518518518518517,0.0,0.0,0.002136752136752137
536,5,uniform,2,raw_distance,0.018518518518518517,0.0,0.0,0.011235955056179775
536,5,uniform,2,raw_correlation,0.018518518518518517,0.0,0.0,0.010869565217391304
536,5,uniform,2,mf_latent,0.018518518518518517,0.0,0.0,0.030303030303030304
536,5,uniform,2,mf_impute,0.018518518518518517,0.0,0.0,0.01818181818181818
538,5,uniform,1,random,0.12098765432098765,0.0,0.3,0.125
538,5,uniform,1,popular_group,0.12098765432098765,0.0,0.0,0.002173913043478261
538,5,uniform,1,raw_distance,0.12098765432098765,0.8,0.8,1.0
538,5,uniform,1,raw_correlation,0.12098765432098765,0.8,0.7,0.5
538,5,uniform,1,mf_latent,0.12098765432098765,1.0,0.8,1.0
538,5,uniform,1,mf_impute,0.12098765432098765,0.2,0.3,0.2
538,5,uniform,2,random,0.018518518518518517,0.0,0.1,0.125
538,5,uniform,2,popular_group,0.018518518518518517,0.0,0.0,0.002136752136752137
538,5,uniform,2,raw_distance,0.018518518518518517,0.0,0.1,0.14285714285714285
538,5,uniform,2,raw_correlation,0.018518518518518517,0.4,0.2,0.5
538,5,uniform,2,mf_latent,0.018518518518518517,0.0,0.0,0.02857142857142857
538,5,uniform,2,mf_impute,0.018518518518518517,0.2,0.1,0.2
563,5,uniform,1,random,0.12098765432098765,0.0,0.2,0.125
563,5,uniform,1,popular_group,0.12098765432098765,0.0,0.0,0.002173913043478261
563,5,uniform,1,raw_distance,0.12098765432098765,0.8,0.8,1.0
563,5,uniform,1,raw_correlation,0.12098765432098765,0.6,0.5,1.0
563,5,uniform,1,mf_latent,0.12098765432098765,0.8,0.7,1.0
563,5,uniform,1,mf_impute,0.12098765432098765,0.6,0.8,1.0
563,5,uniform,2,random,0.03827160493827161,0.0,0.0,0.05263157894736842
563,5,uniform,2,popular_group,0.03827160493827161,0.0,0.0,0.002066115702479339
563,5,uniform,2,raw_distance,0.03827160493827161,0.6,0.7,1.0
563,5,uniform,2,raw_correlation,0.03827160493827161,0.4,0.4,1.0
563,5,uniform,2,mf_latent,0.03827160493827161,0.6,0.6,1.0
563,5,uniform,2,mf_impute,0.03827160493827161,0.6,0.8,1.0
570,5,uniform,1,random,0.12098765432098765,0.0,0.0,0.07692307692307693
570,5,uniform,1,popular_group,0.12098765432098765,0.0,0.0,0.002173913043478261
570,5,uniform,1,raw_distance,0.12098765432098765,0.6,0.7,0.3333333333333333
570,5,uniform,1,raw_correlation,0.12098765432098765,0.6,0.3,1.0
570,5,uniform,1,mf_latent,0.12098765432098765,0.4,0.3,0.5
570,5,uniform,1,mf_impute,0.12098765432098765,0.0,0.1,0.1111111111111111
570,5,uniform,2,random,0.03827160493827161,0.0,0.0,0.023809523809523808
570,5,uniform,2,popular_group,0.03827160493827161,0.0,0.0,0.002066115702479339
570,5,uniform,2,raw_distance,0.03827160493827161,0.6,0.6,0.3333333333333333
570,5,uniform,2,raw_correlation,0.03827160493827161,0.0,0.0,0.06666666666666667
570,5,uniform,2,mf_latent,0.03827160493827161,0.4,0.3,0.5
570,5,uniform,2,mf_impute,0.03827160493827161,0.0,0.1,0.1111111111111111
582,5,uniform,1,random,0.12098765432098765,0.0,0.1,0.125
582,5,uniform,1,popular_group,0.12098765432098765,0.0,0.0,0.002173913043478261
582,5,uniform,1,raw_distance,0.12098765432098765,0.0,0.2,0.16666666666666666
582,5,uniform,1,raw_correlation,0.12098765432098765,0.0,0.0,0.0625
582,5,uniform,1,mf_latent,0.12098765432098765,0.4,0.2,1.0
582,5,uniform,1,mf_impute,0.12098765432098765,0.0,0.1,0.1
582,5,uniform,2,random,0.037037037037037035,0.0,0.1,0.125
582,5,uniform,2,popular_group,0.037037037037037035,0.0,0.0,0.001937984496124031
582,5,uniform,2,raw_distance,0.037037037037037035,0.0,0.0,0.038461538461538464
582,5,uniform,2,raw_correlation,0.037037037037037035,0.0,0.0,0.017857142857142856
582,5,uniform,2,mf_latent,0.037037037037037035,0.4,0.2,1.0
582,5,uniform,2,mf_impute,0.037037037037037035,0.0,0.0,0.034482758620689655
591,5,uniform,1,random,0.12098765432098765,0.0,0.0,0.058823529411764705
591,5,uniform,1,popular_group,0.12098765432098765,0.0,0.0,0.002173913043478261
591,5,uniform,1,raw_distance,0.12098765432098765,0.6,0.3,0.5
591,5,uniform,1,raw_correlation,0.12098765432098765,0.6,0.3,1.0
591,5,uniform,1,mf_latent,0.12098765432098765,0.8,0.8,1.0
591,5,uniform,1,mf_impute,0.12098765432098765,0.2,0.3,0.2
591,5,uniform,2,random,0.037037037037037035,0.0,0.0,0.038461538461538464
591,5,uniform,2,popular_group,0.037037037037037035,0.0,0.0,0.001937984496124031
591,5,uniform,2,raw_distance,0.037037037037037035,0.2,0.1,0.25
591,5,uniform,2,raw_correlation,0.037037037037037035,0.2,0.1,0.3333333333333333
591,5,uniform,2,mf_latent,0.037037037037037035,0.8,0.7,1.0
591,5,uniform,2,mf_impute,0.037037037037037035,0.2,0.3,0.2
594,5,uniform,1,random,0.12098765432098765,0.0,0.0,0.05263157894736842
594,5,uniform,1,popular_group,0.12098765432098765,0.0,0.0,0.002173913043478261
594,5,uniform,1,raw_distance,0.12098765432098765,0.8,0.8,0.5
594,5,uniform,1,raw_correlation,0.12098765432098765,0.8,0.9,1.0
594,5,uniform,1,mf_latent,0.12098765432098765,0.6,0.6,0.5
594,5,uniform,1,mf_impute,0.12098765432098765,0.0,0.0,0.07142857142857142
594,5,uniform,2,random,0.037037037037037035,0.0,0.0,0.018867924528301886
594,5,uniform,2,popular_group,0.037037037037037035,0.0,0.0,0.001937984496124031
594,5,uniform,2,raw_distance,0.037037037037037035,0.0,0.2,0.1111111111111111
594,5,uniform,2,raw_correlation,0.037037037037037035,0.0,0.0,0.08333333333333333
594,5,uniform,2,mf_latent,0.037037037037037035,0.0,0.0,0.05263157894736842
594,5,uniform,2,mf_impute,0.037037037037037035,0.0,0.0,0.006802721088435374
596,5,uniform,1,random,0.12098765432098765,0.0,0.2,0.16666666666666666
596,5,uniform,1,popular_group,0.12098765432098765,0.0,0.0,0.002173913043478261
596,5,uniform,1,raw_distance,0.12098765432098765,0.4,0.4,1.0
596,5,uniform,1,raw_correlation,0.12098765432098765,0.4,0.2,0.3333333333333333
596,5,uniform,1,mf_latent,0.12098765432098765,0.2,0.1,0.2
596,5,uniform,1,mf_impute,0.12098765432098765,0.0,0.0,0.012048192771084338
596,5,uniform,2,random,0.037037037037037035,0.0,0.1,0.16666666666666666
596,5,uniform,2,popular_group,0.037037037037037035,0.0,0.0,0.001937984496124031
596,5,uniform,2,raw_distance,0.037037037037037035,0.4,0.4,1.0
596,5,uniform,2,raw_correlation,0.037037037037037035,0.4,0.2,0.3333333333333333
596,5,uniform,2,mf_latent,0.037037037037037035,0.2,0.1,0.2
596,5,uniform,2,mf_impute,0.037037037037037035,0.0,0.0,0.006535947712418301
597,5,uniform,1,random,0.12098765432098765,0.0,0.2,0.14285714285714285
597,5,uniform,1,popular_group,0.12098765432098765,0.0,0.0,0.002173913043478261
597,5,uniform,1,raw_distance,0.12098765432098765,1.0,0.8,1.0
597,5,uniform,1,raw_correlation,0.12098765432098765,0.0,0.0,0.002183406113537118
597,5,uniform,1,mf_latent,0.12098765432098765,1.0,1.0,1.0
597,5,uniform,1,mf_impute,0.12098765432098765,0.6,0.4,1.0
597,5,uniform,2,random,0.037037037037037035,0.0,0.1,0.14285714285714285
597,5,uniform,2,popular_group,0.037037037037037035,0.0,0.0,0.001937984496124031
597,5,uniform,2,raw_distance,0.037037037037037035,1.0,0.8,1.0
597,5,uniform,2,raw_correlation,0.037037037037037035,0.0,0.0,0.0019011406844106464
597,5,uniform,2,mf_latent,0.037037037037037035,1.0,1.0,1.0
597,5,uniform,2,mf_impute,0.037037037037037035,0.4,0.2,0.25
605,5,uniform,1,random,0.12098765432098765,0.2,0.3,0.3333333333333333
605,5,uniform,1,popular_group,0.12098765432098765,0.0,0.0,0.002173913043478261
605,5,uniform,1,raw_distance,0.12098765432098765,0.4,0.7,0.5
605,5,uniform,1,raw_correlation,0.12098765432098765,0.0,0.1,0.1111111111111111
605,5,uniform,1,mf_latent,0.12098765432098765,0.6,0.6,1.0
605,5,uniform,1,mf_impute,0.12098765432098765,0.0,0.1,0.1111111111111111
605,5,uniform,2,random,0.037037037037037035,0.2,0.2,0.3333333333333333
605,5,uniform,2,popular_group,0.037037037037037035,0.0,0.0,0.001937984496124031
605,5,uniform,2,raw_distance,0.037037037037037035,0.0,0.5,0.16666666666666666
605,5,uniform,2,raw_correlation,0.037037037037037035,0.0,0.1,0.1111111111111111
605,5,uniform,2,mf_latent,0.037037037037037035,0.0,0.1,0.14285714285714285
605,5,uniform,2,mf_impute,0.037037037037037035,0.0,0.0,0.0196078431372549
607,5,uniform,1,random,0.12098765432098765,0.2,0.3,0.2
607,5,uniform,1,popular_group,0.12098765432098765,0.0,0.0,0.002173913043478261
607,5,uniform,1,raw_distance,0.12098765432098765,1.0,1.0,1.0
607,5,uniform,1,raw_correlation,0.12098765432098765,1.0,0.7,1.0
607,5,uniform,1,mf_latent,0.12098765432098765,0.6,0.4,1.0
607,5,uniform,1,mf_impute,0.12098765432098765,0.6,0.7,1.0
607,5,uniform,2,random,0.037037037037037035,0.2,0.2,0.2
607,5,uniform,2,popular_group,0.037037037037037035,0.0,0.0,0.001937984496124031
607,5,uniform,2,raw_distance,0.037037037037037035,1.0,0.9,1.0
607,5,uniform,2,raw_correlation,0.037037037037037035,0.8,0.6,1.0
607,5,uniform,2,mf_latent,0.037037037037037035,0.6,0.4,1.0
607,5,uniform,2,mf_impute,0.037037037037037035,0.6,0.7,1.0
627,5,uniform,1,random,0.15185185185185185,0.0,0.0,0.06666666666666667
627,5,uniform,1,popular_group,0.15185185185185185,1.0,1.0,1.0
627,5,uniform,1,raw_distance,0.15185185185185185,1.0,0.9,1.0
627,5,uniform,1,raw_correlation,0.15185185185185185,0.4,0.3,0.3333333333333333
627,5,uniform,1,mf_latent,0.15185185185185185,0.6,0.5,1.0
627,5,uniform,1,mf_impute,0.15185185185185185,0.0,0.0,0.037037037037037035
627,5,uniform,2,random,0.08271604938271605,0.0,0.0,0.058823529411764705
627,5,uniform,2,popular_group,0.08271604938271605,1.0,1.0,1.0
627,5,uniform,2,raw_distance,0.08271604938271605,1.0,0.9,1.0
627,5,uniform,2,raw_correlation,0.08271604938271605,0.4,0.3,0.3333333333333333
627,5,uniform,2,mf_latent,0.08271604938271605,0.4,0.4,1.0
627,5,uniform,2,mf_impute,0.08271604938271605,0.0,0.0,0.024390243902439025
628,5,uniform,1,random,0.15185185185185185,0.4,0.2,0.3333333333333333
628,5,uniform,1,popular_group,0.15185185185185185,1.0,1.0,1.0
628,5,uniform,1,raw_distance,0.15185185185185185,0.0,0.0,0.08333333333333333
628,5,uniform,1,raw_correlation,0.15185185185185185,0.0,0.1,0.1111111111111111
628,5,uniform,1,mf_latent,0.15185185185185185,0.2,0.2,0.25
628,5,uniform,1,mf_impute,0.15185185185185185,0.4,0.2,1.0
628,5,uniform,2,random,0.08271604938271605,0.0,0.0,0.047619047619047616
628,5,uniform,2,popular_group,0.08271604938271605,1.0,1.0,1.0
628,5,uniform,2,raw_distance,0.08271604938271605,0.0,0.0,0.08333333333333333
628,5,uniform,2,raw_correlation,0.08271604938271605,0.0,0.0,0.07692307692307693
628,5,uniform,2,mf_latent,0.08271604938271605,0.2,0.2,0.25
628,5,uniform,2,mf_impute,0.08271604938271605,0.4,0.2,1.0
645,5,uniform,1,random,0.15185185185185185,0.2,0.2,0.25
645,5,uniform,1,popular_group,0.15185185185185185,1.0,1.0,1.0
645,5,uniform,1,raw_distance,0.15185185185185185,0.8,0.6,1.0
645,5,uniform,1,raw_correlation,0.15185185185185185,0.8,0.5,1.0
645,5,uniform,1,mf_latent,0.15185185185185185,0.6,0.5,0.5
645,5,uniform,1,mf_impute,0.15185185185185185,1.0,0.9,1.0
645,5,uniform,2,random,0.08271604938271605,0.0,0.0,0.0625
645,5,uniform,2,popular_group,0.08271604938271605,1.0,1.0,1.0
645,5,uniform,2,raw_distance,0.08271604938271605,0.8,0.4,1.0
645,5,uniform,2,raw_correlation,0.08271604938271605,0.8,0.5,1.0
645,5,uniform,2,mf_latent,0.08271604938271605,0.2,0.1,0.5
645,5,uniform,2,mf_impute,0.08271604938271605,1.0,0.7,1.0
649,5,uniform,1,random,0.15185185185185185,0.0,0.1,0.1111111111111111
649,5,uniform,1,popular_group,0.15185185185185185,1.0,1.0,1.0
649,5,uniform,1,raw_distance,0.15185185185185185,0.2,0.3,1.0
649,5,uniform,1,raw_correlation,0.15185185185185185,0.4,0.3,1.0
649,5,uniform,1,mf_latent,0.15185185185185185,0.4,0.7,1.0
649,5,uniform,1,mf_impute,0.15185185185185185,0.2,0.2,0.5
649,5,uniform,2,random,0.08271604938271605,0.0,0.0,0.07142857142857142
649,5,uniform,2,popular_group,0.08271604938271605,1.0,1.0,1.0
649,5,uniform,2,raw_distance,0.08271604938271605,0.2,0.2,1.0
649,5,uniform,2,raw_correlation,0.08271604938271605,0.2,0.2,1.0
649,5,uniform,2,mf_latent,0.08271604938271605,0.4,0.7,1.0
649,5,uniform,2,mf_impute,0.08271604938271605,0.0,0.0,0.06666666666666667
652,5,uniform,1,random,0.15185185185185185,0.4,0.2,0.5
652,5,uniform,1,popular_group,0.15185185185185185,1.0,1.0,1.0
652,5,uniform,1,raw_distance,0.15185185185185185,0.4,0.3,0.25
652,5,uniform,1,raw_correlation,0.15185185185185185,0.4,0.3,1.0
652,5,uniform,1,mf_latent,0.15185185185185185,0.4,0.3,0.25
652,5,uniform,1,mf_impute,0.15185185185185185,0.8,0.9,1.0
652,5,uniform,2,random,0.08271604938271605,0.0,0.0,0.05
652,5,uniform,2,popular_group,0.08271604938271605,1.0,1.0,1.0
652,5,uniform,2,raw_distance,0.08271604938271605,0.2,0.1,0.2
652,5,uniform,2,raw_correlation,0.08271604938271605,0.2,0.1,1.0
652,5,uniform,2,mf_latent,0.08271604938271605,0.4,0.3,0.25
652,5,uniform,2,mf_impute,0.08271604938271605,0.8,0.9,1.0
654,5,uniform,1,random,0.15185185185185185,0.2,0.1,1.0
654,5,uniform,1,popular_group,0.15185185185185185,1.0,1.0,1.0
654,5,uniform,1,raw_distance,0.15185185185185185,0.0,0.4,0.14285714285714285
654,5,uniform,1,raw_correlation,0.15185185185185185,1.0,0.6,1.0
654,5,uniform,1,mf_latent,0.15185185185185185,0.6,0.7,0.5
654,5,uniform,1,mf_impute,0.15185185185185185,0.6,0.5,0.5
654,5,uniform,2,random,0.08271604938271605,0.0,0.0,0.0625
654,5,uniform,2,popular_group,0.08271604938271605,1.0,1.0,1.0
654,5,uniform,2,raw_distance,0.08271604938271605,0.0,0.2,0.14285714285714285
654,5,uniform,2,raw_correlation,0.08271604938271605,0.6,0.4,0.3333333333333333
654,5,uniform,2,mf_latent,0.08271604938271605,0.2,0.1,0.5
654,5,uniform,2,mf_impute,0.08271604938271605,0.0,0.1,0.125
669,5,uniform,1,random,0.15185185185185185,0.0,0.0,0.047619047619047616
669,5,uniform,1,popular_group,0.15185185185185185,1.0,1.0,1.0
669,5,uniform,1,raw_distance,0.15185185185185185,0.0,0.0,0.05
669,5,uniform,1,raw_correlation,0.15185185185185185,0.6,0.6,0.5
669,5,uniform,1,mf_latent,0.15185185185185185,0.0,0.0,0.03571428571428571
669,5,uniform,1,mf_impute,0.15185185185185185,0.0,0.0,0.011494252873563218
669,5,uniform,2,random,0.08271604938271605,0.0,0.0,0.047619047619047616
669,5,uniform,2,popular_group,0.08271604938271605,1.0,1.0,1.0
669,5,uniform,2,raw_distance,0.08271604938271605,0.0,0.0,0.05
669,5,uniform,2,raw_correlation,0.08271604938271605,0.0,0.3,0.14285714285714285
669,5,uniform,2,mf_latent,0.08271604938271605,0.0,0.0,0.03571428571428571
669,5,uniform,2,mf_impute,0.08271604938271605,0.0,0.0,0.011494252873563218
689,5,uniform,1,random,0.15185185185185185,0.4,0.4,1.0
689,5,uniform,1,popular_group,0.15185185185185185,1.0,1.0,1.0
689,5,uniform,1,raw_distance,0.15185185185185185,0.0,0.0,0.058823529411764705
689,5,uniform,1,raw_correlation,0.15185185185185185,0.0,0.0,0.09090909090909091
689,5,uniform,1,mf_latent,0.15185185185185185,0.0,0.0,0.004166666666666667
689,5,uniform,1,mf_impute,0.15185185185185185,0.0,0.0,0.022222222222222223
689,5,uniform,2,random,0.08271604938271605,0.0,0.1,0.1111111111111111
689,5,uniform,2,popular_group,0.08271604938271605,1.0,1.0,1.0
689,5,uniform,2,raw_distance,0.08271604938271605,0.0,0.0,0.058823529411764705
689,5,uniform,2,raw_correlation,0.08271604938271605,0.0,0.0,0.047619047619047616
689,5,uniform,2,mf_latent,0.08271604938271605,0.0,0.0,0.00390625
689,5,uniform,2,mf_impute,0.08271604938271605,0.0,0.0,0.022222222222222223
690,5,uniform,1,random,0.15185185185185185,0.4,0.2,0.5
690,5,uniform,1,popular_group,0.15185185185185185,1.0,1.0,1.0
690,5,uniform,1,raw_distance,0.15185185185185185,0.2,0.2,1.0
690,5,uniform,1,raw_correlation,0.15185185185185185,0.2,0.2,0.25
690,5,uniform,1,mf_latent,0.15185185185185185,0.2,0.2,0.2
690,5,uniform,1,mf_impute,0.15185185185185185,0.0,0.0,0.07692307692307693
690,5,uniform,2,random,0.08271604938271605,0.2,0.1,0.25
690,5,uniform,2,popular_group,0.08271604938271605,1.0,1.0,1.0
690,5,uniform,2,raw_distance,0.08271604938271605,0.2,0.2,1.0
690,5,uniform,2,raw_correlation,0.08271604938271605,0.2,0.1,0.25
690,5,uniform,2,mf_latent,0.08271604938271605,0.2,0.2,0.2
690,5,uniform,2,mf_impute,0.08271604938271605,0.0,0.0,0.07692307692307693
696,5,uniform,1,random,0.15185185185185185,0.4,0.2,0.3333333333333333
696,5,uniform,1,popular_group,0.15185185185185185,1.0,1.0,1.0
696,5,uniform,1,raw_distance,0.15185185185185185,0.0,0.1,0.16666666666666666
696,5,uniform,1,raw_correlation,0.15185185185185185,0.0,0.2,0.14285714285714285
696,5,uniform,1,mf_latent,0.15185185185185185,0.0,0.0,0.038461538461538464
696,5,uniform,1,mf_impute,0.15185185185185185,0.2,0.2,0.2
696,5,uniform,2,random,0.08271604938271605,0.2,0.1,0.25
696,5,uniform,2,popular_group,0.08271604938271605,1.0,1.0,1.0
696,5,uniform,2,raw_distance,0.08271604938271605,0.0,0.1,0.16666666666666666
696,5,uniform,2,raw_correlation,0.08271604938271605,0.0,0.2,0.14285714285714285
696,5,uniform,2,mf_latent,0.08271604938271605,0.0,0.0,0.038461538461538464
696,5,uniform,2,mf_impute,0.08271604938271605,0.2,0.2,0.2
700,5,uniform,1,random,0.15185185185185185,0.0,0.2,0.14285714285714285
700,5,uniform,1,popular_group,0.15185185185185185,1.0,1.0,1.0
700,5,uniform,1,raw_distance,0.15185185185185185,0.4,0.5,0.3333333333333333
700,5,uniform,1,raw_correlation,0.15185185185185185,0.6,0.5,0.3333333333333333
700,5,uniform,1,mf_latent,0.15185185185185185,0.0,0.0,0.05
700,5,uniform,1,mf_impute,0.15185185185185185,0.0,0.0,0.043478260869565216
700,5,uniform,2,random,0.030864197530864196,0.0,0.1,0.1111111111111111
700,5,uniform,2,popular_group,0.030864197530864196,0.0,0.0,0.0015873015873015873
700,5,uniform,2,raw_distance,0.030864197530864196,0.0,0.0,0.08333333333333333
700,5,uniform,2,raw_correlation,0.030864197530864196,0.4,0.4,0.3333333333333333
700,5,uniform,2,mf_latent,0.030864197530864196,0.0,0.0,0.05
700,5,uniform,2,mf_impute,0.030864197530864196,0.0,0.0,0.015625
701,5,uniform,1,random,0.15185185185185185,0.2,0.3,0.5
701,5,uniform,1,popular_group,0.15185185185185185,1.0,1.0,1.0
701,5,uniform,1,raw_distance,0.15185185185185185,0.2,0.1,0.5
701,5,uniform,1,raw_correlation,0.15185185185185185,0.2,0.2,0.5
701,5,uniform,1,mf_latent,0.15185185185185185,0.0,0.1,0.16666666666666666
701,5,uniform,1,mf_impute,0.15185185185185185,0.4,0.4,0.3333333333333333
701,5,uniform,2,random,0.030864197530864196,0.0,0.0,0.03571428571428571
701,5,uniform,2,popular_group,0.030864197530864196,0.0,0.0,0.0015873015873015873
701,5,uniform,2,raw_distance,0.030864197530864196,0.2,0.1,0.5
701,5,uniform,2,raw_correlation,0.030864197530864196,0.2,0.1,0.5
701,5,uniform,2,mf_latent,0.030864197530864196,0.0,0.0,0.08333333333333333
701,5,uniform,2,mf_impute,0.030864197530864196,0.4,0.4,0.3333333333333333
726,5,uniform,1,random,0.15185185185185185,0.2,0.3,0.2
726,5,uniform,1,popular_group,0.15185185185185185,1.0,1.0,1.0
726,5,uniform,1,raw_distance,0.15185185185185185,0.0,0.0,0.02631578947368421
726,5,uniform,1,raw_correlation,0.15185185185185185,0.0,0.0,0.022222222222222223
726,5,uniform,1,mf_latent,0.15185185185185185,0.0,0.0,0.045454545454545456
726,5,uniform,1,mf_impute,0.15185185185185185,0.0,0.0,0.03333333333333333
726,5,uniform,2,random,0.014814814814814815,0.0,0.1,0.14285714285714285
726,5,uniform,2,popular_group,0.014814814814814815,0.0,0.0,0.0015600624024961
726,5,uniform,2,raw_distance,0.014814814814814815,0.0,0.0,0.02631578947368421
726,5,uniform,2,raw_correlation,0.014814814814814815,0.0,0.0,0.022222222222222223
726,5,uniform,2,mf_latent,0.014814814814814815,0.0,0.0,0.045454545454545456
726,5,uniform,2,mf_impute,0.014814814814814815,0.0,0.0,0.03333333333333333
744,5,uniform,1,random,0.15185185185185185,0.4,0.2,1.0
744,5,uniform,1,popular_group,0.15185185185185185,1.0,1.0,1.0
744,5,uniform,1,raw_distance,0.15185185185185185,0.2,0.1,0.5
744,5,uniform,1,raw_correlation,0.15185185185185185,0.0,0.1,0.14285714285714285
744,5,uniform,1,mf_latent,0.15185185185185185,0.0,0.0,0.037037037037037035
744,5,uniform,1,mf_impute,0.15185185185185185,0.0,0.2,0.125
744,5,uniform,2,random,0.014814814814814815,0.0,0.0,0.05263157894736842
744,5,uniform,2,popular_group,0.014814814814814815,0.0,0.0,0.0015220700152207
744,5,uniform,2,raw_distance,0.014814814814814815,0.2,0.1,0.5
744,5,uniform,2,raw_correlation,0.014814814814814815,0.0,0.1,0.14285714285714285
744,5,uniform,2,mf_latent,0.014814814814814815,0.0,0.0,0.037037037037037035
744,5,uniform,2,mf_impute,0.014814814814814815,0.0,0.0,0.0014684287812041115
749,5,uniform,1,random,0.15185185185185185,0.4,0.2,0.5
749,5,uniform,1,popular_group,0.15185185185185185,1.0,1.0,1.0
749,5,uniform,1,raw_distance,0.15185185185185185,0.0,0.3,0.125
749,5,uniform,1,raw_correlation,0.15185185185185185,0.0,0.2,0.1111111111111111
749,5,uniform,1,mf_latent,0.15185185185185185,0.2,0.5,1.0
749,5,uniform,1,mf_impute,0.15185185185185185,0.6,0.5,0.5
749,5,uniform,2,random,0.014814814814814815,0.2,0.1,0.2
749,5,uniform,2,popular_group,0.014814814814814815,0.0,0.0,0.0015220700152207
749,5,uniform,2,raw_distance,0.014814814814814815,0.0,0.0,0.07692307692307693
749,5,uniform,2,raw_correlation,0.014814814814814815,0.0,0.0,0.05555555555555555
749,5,uniform,2,mf_latent,0.014814814814814815,0.0,0.0,0.03571428571428571
749,5,uniform,2,mf_impute,0.014814814814814815,0.0,0.0,0.009433962264150943
750,5,uniform,1,random,0.15185185185185185,0.0,0.2,0.125
750,5,uniform,1,popular_group,0.15185185185185185,1.0,1.0,1.0
750,5,uniform,1,raw_distance,0.15185185185185185,0.4,0.6,1.0
750,5,uniform,1,raw_correlation,0.15185185185185185,0.8,0.8,1.0
750,5,uniform,1,mf_latent,0.15185185185185185,0.8,0.6,0.5
750,5,uniform,1,mf_impute,0.15185185185185185,1.0,0.6,1.0
750,5,uniform,2,random,0.014814814814814815,0.0,0.1,0.125
750,5,uniform,2,popular_group,0.014814814814814815,0.0,0.0,0.0015220700152207
750,5,uniform,2,raw_distance,0.014814814814814815,0.2,0.4,1.0
750,5,uniform,2,raw_correlation,0.014814814814814815,0.4,0.3,1.0
750,5,uniform,2,mf_latent,0.014814814814814815,0.2,0.1,0.25
750,5,uniform,2,mf_impute,0.014814814814814815,0.0,0.0,0.09090909090909091
766,5,uniform,1,random,0.03827160493827161,0.0,0.0,0.027777777777777776
766,5,uniform,1,popular_group,0.03827160493827161,0.0,0.0,0.0014727540500736377
766,5,uniform,1,raw_distance,0.03827160493827161,0.2,0.2,0.25
766,5,uniform,1,raw_correlation,0.03827160493827161,0.0,0.1,0.125
766,5,uniform,1,mf_latent,0.03827160493827161,0.2,0.6,0.2
766,5,uniform,1,mf_impute,0.03827160493827161,0.0,0.0,0.06666666666666667
766,5,uniform,2,random,0.006172839506172839,0.0,0.0,0.006172839506172839
766,5,uniform,2,popular_group,0.006172839506172839,0.0,0.0,0.0014285714285714286
766,5,uniform,2,raw_distance,0.006172839506172839,0.0,0.0,0.07692307692307693
766,5,uniform,2,raw_correlation,0.006172839506172839,0.0,0.0,0.0625
766,5,uniform,2,mf_latent,0.006172839506172839,0.0,0.1,0.1
766,5,uniform,2,mf_impute,0.006172839506172839,0.0,0.0,0.043478260869565216
772,5,uniform,1,random,0.03827160493827161,0.0,0.0,0.016129032258064516
772,5,uniform,1,popular_group,0.03827160493827161,0.0,0.0,0.0014727540500736377
772,5,uniform,1,raw_distance,0.03827160493827161,0.2,0.2,1.0
772,5,uniform,1,raw_correlation,0.03827160493827161,0.2,0.2,1.0
772,5,uniform,1,mf_latent,0.03827160493827161,0.0,0.0,0.022222222222222223
772,5,uniform,1,mf_impute,0.03827160493827161,0.0,0.0,0.014705882352941176
772,5,uniform,2,random,0.008641975308641974,0.0,0.0,0.012658227848101266
772,5,uniform,2,popular_group,0.008641975308641974,0.0,0.0,0.001443001443001443
772,5,uniform,2,raw_distance,0.008641975308641974,0.0,0.1,0.14285714285714285
772,5,uniform,2,raw_correlation,0.008641975308641974,0.0,0.1,0.16666666666666666
772,5,uniform,2,mf_latent,0.008641975308641974,0.0,0.0,0.014084507042253521
772,5,uniform,2,mf_impute,0.008641975308641974,0.0,0.0,0.0022988505747126436
794,5,uniform,1,random,0.12469135802469136,0.2,0.2,0.25
794,5,uniform,1,popular_group,0.12469135802469136,0.0,0.0,0.008064516129032258
794,5,uniform,1,raw_distance,0.12469135802469136,0.4,0.4,0.5
794,5,uniform,1,raw_correlation,0.12469135802469136,0.4,0.3,1.0
794,5,uniform,1,mf_latent,0.12469135802469136,0.2,0.4,0.2
794,5,uniform,1,mf_impute,0.12469135802469136,0.2,0.6,0.2
794,5,uniform,2,random,0.014814814814814815,0.0,0.1,0.14285714285714285
794,5,uniform,2,popular_group,0.014814814814814815,0.0,0.0,0.0014184397163120568
794,5,uniform,2,raw_distance,0.014814814814814815,0.4,0.4,0.5
794,5,uniform,2,raw_correlation,0.014814814814814815,0.4,0.3,1.0
794,5,uniform,2,mf_latent,0.014814814814814815,0.2,0.3,0.2
794,5,uniform,2,mf_impute,0.014814814814814815,0.2,0.6,0.2
801,5,uniform,1,random,0.12469135802469136,0.0,0.1,0.16666666666666666
801,5,uniform,1,popular_group,0.12469135802469136,0.0,0.0,0.008064516129032258
801,5,uniform,1,raw_distance,0.12469135802469136,0.4,0.7,0.25
801,5,uniform,1,raw_correlation,0.12469135802469136,0.8,0.9,1.0
801,5,uniform,1,mf_latent,0.12469135802469136,0.0,0.0,0.07142857142857142
801,5,uniform,1,mf_impute,0.12469135802469136,0.0,0.3,0.14285714285714285
801,5,uniform,2,random,0.014814814814814815,0.0,0.0,0.005649717514124294
801,5,uniform,2,popular_group,0.014814814814814815,0.0,0.0,0.0014184397163120568
801,5,uniform,2,raw_distance,0.014814814814814815,0.4,0.7,0.25
801,5,uniform,2,raw_correlation,0.014814814814814815,0.0,0.5,0.16666666666666666
801,5,uniform,2,mf_latent,0.014814814814814815,0.0,0.0,0.07142857142857142
801,5,uniform,2,mf_impute,0.014814814814814815,0.0,0.3,0.14285714285714285
803,5,uniform,1,random,0.12469135802469136,0.0,0.1,0.14285714285714285
803,5,uniform,1,popular_group,0.12469135802469136,0.0,0.0,0.008064516129032258
803,5,uniform,1,raw_distance,0.12469135802469136,1.0,0.5,1.0
803,5,uniform,1,raw_correlation,0.12469135802469136,0.2,0.5,0.25
803,5,uniform,1,mf_latent,0.12469135802469136,0.0,0.0,0.02857142857142857
803,5,uniform,1,mf_impute,0.12469135802469136,0.0,0.0,0.03333333333333333
803,5,uniform,2,random,0.014814814814814815,0.0,0.0,0.014492753623188406
803,5,uniform,2,popular_group,0.014814814814814815,0.0,0.0,0.0014184397163120568
803,5,uniform,2,raw_distance,0.014814814814814815,1.0,0.5,1.0
803,5,uniform,2,raw_correlation,0.014814814814814815,0.2,0.5,0.25
803,5,uniform,2,mf_latent,0.014814814814814815,0.0,0.0,0.01020408163265306
803,5,uniform,2,mf_impute,0.014814814814814815,0.0,0.0,0.03333333333333333
830,5,uniform,1,random,0.12469135802469136,0.2,0.2,0.2
830,5,uniform,1,popular_group,0.12469135802469136,0.0,0.0,0.008064516129032258
830,5,uniform,1,raw_distance,0.12469135802469136,1.0,1.0,1.0
830,5,uniform,1,raw_correlation,0.12469135802469136,1.0,1.0,1.0
830,5,uniform,1,mf_latent,0.12469135802469136,1.0,1.0,1.0
830,5,uniform,1,mf_impute,0.12469135802469136,0.8,0.7,0.5
830,5,uniform,2,random,0.08271604938271605,0.0,0.1,0.16666666666666666
830,5,uniform,2,popular_group,0.08271604938271605,0.0,0.0,0.014492753623188406
830,5,uniform,2,raw_distance,0.08271604938271605,1.0,1.0,1.0
830,5,uniform,2,raw_correlation,0.08271604938271605,1.0,1.0,1.0
830,5,uniform,2,mf_latent,0.08271604938271605,1.0,1.0,1.0
830,5,uniform,2,mf_impute,0.08271604938271605,0.8,0.7,0.5
837,5,uniform,1,random,0.12469135802469136,0.2,0.1,0.2
837,5,uniform,1,popular_group,0.12469135802469136,0.0,0.0,0.008064516129032258
837,5,uniform,1,raw_distance,0.12469135802469136,0.4,0.4,0.3333333333333333
837,5,uniform,1,raw_correlation,0.12469135802469136,0.0,0.0,0.011363636363636364
837,5,uniform,1,mf_latent,0.12469135802469136,0.0,0.0,0.058823529411764705
837,5,uniform,1,mf_impute,0.12469135802469136,0.0,0.1,0.1111111111111111
837,5,uniform,2,random,0.08271604938271605,0.0,0.0,0.05
837,5,uniform,2,popular_group,0.08271604938271605,0.0,0.0,0.014492753623188406
837,5,uniform,2,raw_distance,0.08271604938271605,0.2,0.2,0.3333333333333333
837,5,uniform,2,raw_correlation,0.08271604938271605,0.0,0.0,0.011363636363636364
837,5,uniform,2,mf_latent,0.08271604938271605,0.0,0.0,0.058823529411764705
837,5,uniform,2,mf_impute,0.08271604938271605,0.0,0.1,0.1111111111111111
842,5,uniform,1,random,0.12469135802469136,0.4,0.2,0.5
842,5,uniform,1,popular_group,0.12469135802469136,0.0,0.0,0.008064516129032258
842,5,uniform,1,raw_distance,0.12469135802469136,0.6,0.7,1.0
842,5,uniform,1,raw_correlation,0.12469135802469136,0.8,0.6,1.0
842,5,uniform,1,mf_latent,0.12469135802469136,0.6,0.5,1.0
842,5,uniform,1,mf_impute,0.12469135802469136,1.0,0.9,1.0
842,5,uniform,2,random,0.08271604938271605,0.4,0.2,0.5
842,5,uniform,2,popular_group,0.08271604938271605,0.0,0.0,0.014492753623188406
842,5,uniform,2,raw_distance,0.08271604938271605,0.6,0.7,1.0
842,5,uniform,2,raw_correlation,0.08271604938271605,0.8,0.6,1.0
842,5,uniform,2,mf_latent,0.08271604938271605,0.6,0.5,1.0
842,5,uniform,2,mf_impute,0.08271604938271605,1.0,0.9,1.0
845,5,uniform,1,random,0.12469135802469136,0.0,0.0,0.0625
845,5,uniform,1,popular_group,0.12469135802469136,0.0,0.0,0.008064516129032258
845,5,uniform,1,raw_distance,0.12469135802469136,0.2,0.2,0.25
845,5,uniform,1,raw_correlation,0.12469135802469136,0.0,0.0,0.02702702702702703
845,5,uniform,1,mf_latent,0.12469135802469136,0.0,0.2,0.14285714285714285
845,5,uniform,1,mf_impute,0.12469135802469136,0.0,0.1,0.1111111111111111
845,5,uniform,2,random,0.08271604938271605,0.0,0.0,0.034482758620689655
845,5,uniform,2,popular_group,0.08271604938271605,0.0,0.0,0.014492753623188406
845,5,uniform,2,raw_distance,0.08271604938271605,0.2,0.2,0.25
845,5,uniform,2,raw_correlation,0.08271604938271605,0.0,0.0,0.025
845,5,uniform,2,mf_latent,0.08271604938271605,0.0,0.1,0.14285714285714285
845,5,uniform,2,mf_impute,0.08271604938271605,0.0,0.0,0.043478260869565216
868,5,uniform,1,random,0.12469135802469136,0.2,0.1,1.0
868,5,uniform,1,popular_group,0.12469135802469136,0.0,0.0,0.008064516129032258
868,5,uniform,1,raw_distance,0.12469135802469136,0.4,0.6,1.0
868,5,uniform,1,raw_correlation,0.12469135802469136,0.4,0.2,1.0
868,5,uniform,1,mf_latent,0.12469135802469136,1.0,0.8,1.0
868,5,uniform,1,mf_impute,0.12469135802469136,0.6,0.5,1.0
868,5,uniform,2,random,0.08271604938271605,0.2,0.1,1.0
868,5,uniform,2,popular_group,0.08271604938271605,0.0,0.0,0.014492753623188406
868,5,uniform,2,raw_distance,0.08271604938271605,0.4,0.6,1.0
868,5,uniform,2,raw_correlation,0.08271604938271605,0.4,0.2,1.0
868,5,uniform,2,mf_latent,0.08271604938271605,0.6,0.4,1.0
868,5,uniform,2,mf_impute,0.08271604938271605,0.6,0.5,1.0
871,5,uniform,1,random,0.12469135802469136,0.0,0.0,0.0625
871,5,uniform,1,popular_group,0.12469135802469136,0.0,0.0,0.008064516129032258
871,5,uniform,1,raw_distance,0.12469135802469136,0.2,0.1,0.3333333333333333
871,5,uniform,1,raw_correlation,0.12469135802469136,0.2,0.1,0.3333333333333333
871,5,uniform,1,mf_latent,0.12469135802469136,0.0,0.0,0.058823529411764705
871,5,uniform,1,mf_impute,0.12469135802469136,0.6,0.5,1.0
871,5,uniform,2,random,0.08271604938271605,0.0,0.0,0.0625
871,5,uniform,2,popular_group,0.08271604938271605,0.0,0.0,0.014492753623188406
871,5,uniform,2,raw_distance,0.08271604938271605,0.0,0.0,0.058823529411764705
871,5,uniform,2,raw_correlation,0.08271604938271605,0.0,0.0,0.041666666666666664
871,5,uniform,2,mf_latent,0.08271604938271605,0.0,0.0,0.058823529411764705
871,5,uniform,2,mf_impute,0.08271604938271605,0.6,0.5,1.0
880,5,uniform,1,random,0.12469135802469136,0.0,0.1,0.16666666666666666
880,5,uniform,1,popular_group,0.12469135802469136,0.0,0.0,0.008064516129032258
880,5,uniform,1,raw_distance,0.12469135802469136,0.8,0.4,1.0
880,5,uniform,1,raw_correlation,0.12469135802469136,0.6,0.4,1.0
880,5,uniform,1,mf_latent,0.12469135802469136,0.6,0.5,0.5
880,5,uniform,1,mf_impute,0.12469135802469136,0.6,0.6,0.3333333333333333
880,5,uniform,2,random,0.08271604938271605,0.0,0.1,0.16666666666666666
880,5,uniform,2,popular_group,0.08271604938271605,0.0,0.0,0.014492753623188406
880,5,uniform,2,raw_distance,0.08271604938271605,0.8,0.4,1.0
880,5,uniform,2,raw_correlation,0.08271604938271605,0.6,0.4,1.0
880,5,uniform,2,mf_latent,0.08271604938271605,0.2,0.3,0.5
880,5,uniform,2,mf_impute,0.08271604938271605,0.2,0.4,0.2
881,5,uniform,1,random,0.12469135802469136,0.0,0.1,0.14285714285714285
881,5,uniform,1,popular_group,0.12469135802469136,0.0,0.0,0.008064516129032258
881,5,uniform,1,raw_distance,0.12469135802469136,1.0,1.0,1.0
881,5,uniform,1,raw_correlation,0.12469135802469136,0.8,0.6,1.0
881,5,uniform,1,mf_latent,0.12469135802469136,1.0,0.9,1.0
881,5,uniform,1,mf_impute,0.12469135802469136,1.0,0.7,1.0
881,5,uniform,2,random,0.08271604938271605,0.0,0.1,0.14285714285714285
881,5,uniform,2,popular_group,0.08271604938271605,0.0,0.0,0.014492753623188406
881,5,uniform,2,raw_distance,0.08271604938271605,1.0,1.0,1.0
881,5,uniform,2,raw_correlation,0.08271604938271605,0.8,0.6,1.0
881,5,uniform,2,mf_latent,0.08271604938271605,1.0,0.9,1.0
881,5,uniform,2,mf_impute,0.08271604938271605,1.0,0.7,1.0
895,5,uniform,1,random,0.12469135802469136,0.0,0.1,0.16666666666666666
895,5,uniform,1,popular_group,0.12469135802469136,0.0,0.0,0.008064516129032258
895,5,uniform,1,raw_distance,0.12469135802469136,1.0,0.7,1.0
895,5,uniform,1,raw_correlation,0.12469135802469136,1.0,0.5,1.0
895,5,uniform,1,mf_latent,0.12469135802469136,0.8,0.9,1.0
895,5,uniform,1,mf_impute,0.12469135802469136,0.6,0.5,1.0
895,5,uniform,2,random,0.013580246913580247,0.0,0.0,0.0125
895,5,uniform,2,popular_group,0.013580246913580247,0.0,0.0,0.014705882352941176
895,5,uniform,2,raw_distance,0.013580246913580247,0.4,0.2,1.0
895,5,uniform,2,raw_correlation,0.013580246913580247,0.4,0.2,1.0
895,5,uniform,2,mf_latent,0.013580246913580247,0.2,0.2,0.3333333333333333
895,5,uniform,2,mf_impute,0.013580246913580247,0.2,0.2,0.5
37,10,uniform,1,random,0.10617283950617284,0.0,0.1,0.1
37,10,uniform,1,popular_group,0.10617283950617284,0.0,0.0,0.007142857142857143
37,10,uniform,1,raw_distance,0.10617283950617284,0.8,0.6,1.0
37,10,uniform,1,raw_correlation,0.10617283950617284,0.8,0.7,1.0
37,10,uniform,1,mf_latent,0.10617283950617284,0.8,0.7,1.0
37,10,uniform,1,mf_impute,0.10617283950617284,0.6,0.5,1.0
37,10,uniform,2,random,0.02345679012345679,0.0,0.0,0.041666666666666664
37,10,uniform,2,popular_group,0.02345679012345679,0.0,0.0,0.0016501650165016502
37,10,uniform,2,raw_distance,0.02345679012345679,0.6,0.5,1.0
37,10,uniform,2,raw_correlation,0.02345679012345679,0.4,0.4,1.0
37,10,uniform,2,mf_latent,0.02345679012345679,0.2,0.3,0.25
37,10,uniform,2,mf_impute,0.02345679012345679,0.4,0.2,1.0
53,10,uniform,1,random,0.10617283950617284,0.4,0.2,0.3333333333333333
53,10,uniform,1,popular_group,0.10617283950617284,0.0,0.0,0.007142857142857143
53,10,uniform,1,raw_distance,0.10617283950617284,0.4,0.4,1.0
53,10,uniform,1,raw_correlation,0.10617283950617284,0.2,0.1,1.0
53,10,uniform,1,mf_latent,0.10617283950617284,0.0,0.1,0.14285714285714285
53,10,uniform,1,mf_impute,0.10617283950617284,0.2,0.2,0.3333333333333333
53,10,uniform,2,random,0.02345679012345679,0.0,0.0,0.03225806451612903
53,10,uniform,2,popular_group,0.02345679012345679,0.0,0.0,0.0016501650165016502
53,10,uniform,2,raw_distance,0.02345679012345679,0.2,0.1,0.25
53,10,uniform,2,raw_correlation,0.02345679012345679,0.0,0.0,0.08333333333333333
53,10,uniform,2,mf_latent,0.02345679012345679,0.0,0.0,0.03571428571428571
53,10,uniform,2,mf_impute,0.02345679012345679,0.0,0.0,0.023809523809523808
58,10,uniform,1,random,0.10617283950617284,0.0,0.0,0.08333333333333333
58,10,uniform,1,popular_group,0.10617283950617284,0.0,0.0,0.007142857142857143
58,10,uniform,1,raw_distance,0.10617283950617284,0.8,0.8,0.5
58,10,uniform,1,raw_correlation,0.10617283950617284,0.4,0.6,0.25
58,10,uniform,1,mf_latent,0.10617283950617284,0.2,0.2,0.3333333333333333
58,10,uniform,1,mf_impute,0.10617283950617284,0.2,0.2,0.25
58,10,uniform,2,random,0.02345679012345679,0.0,0.0,0.016129032258064516
58,10,uniform,2,popular_group,0.02345679012345679,0.0,0.0,0.0016501650165016502
58,10,uniform,2,raw_distance,0.02345679012345679,0.6,0.3,0.5
58,10,uniform,2,raw_correlation,0.02345679012345679,0.4,0.3,0.25
58,10,uniform,2,mf_latent,0.02345679012345679,0.2,0.2,0.3333333333333333
58,10,uniform,2,mf_impute,0.02345679012345679,0.2,0.2,0.25
67,10,uniform,1,random,0.10617283950617284,0.6,0.4,0.3333333333333333
67,10,uniform,1,popular_group,0.10617283950617284,0.0,0.0,0.007142857142857143
67,10,uniform,1,raw_distance,0.10617283950617284,0.2,0.2,1.0
67,10,uniform,1,raw_correlation,0.10617283950617284,0.4,0.2,0.5
67,10,uniform,1,mf_latent,0.10617283950617284,0.0,0.0,0.07692307692307693
67,10,uniform,1,mf_impute,0.10617283950617284,0.0,0.0,0.06666666666666667
67,10,uniform,2,random,0.011111111111111112,0.0,0.0,0.013157894736842105
67,10,uniform,2,popular_group,0.011111111111111112,0.0,0.0,0.0016750418760469012
67,10,uniform,2,raw_distance,0.011111111111111112,0.0,0.1,0.1111111111111111
67,10,uniform,2,raw_correlation,0.011111111111111112,0.0,0.0,0.058823529411764705
67,10,uniform,2,mf_latent,0.011111111111111112,0.0,0.0,0.058823529411764705
67,10,uniform,2,mf_impute,0.011111111111111112,0.0,0.0,0.06666666666666667
70,10,uniform,1,random,0.10617283950617284,0.2,0.2,0.2
70,10,uniform,1,popular_group,0.10617283950617284,0.0,0.0,0.007142857142857143
70,10,uniform,1,raw_distance,0.10617283950617284,0.6,0.5,1.0
70,10,uniform,1,raw_correlation,0.10617283950617284,0.4,0.5,1.0
70,10,uniform,1,mf_latent,0.10617283950617284,0.2,0.4,0.5
70,10,uniform,1,mf_impute,0.10617283950617284,0.2,0.2,0.25
70,10,uniform,2,random,0.03333333333333333,0.2,0.1,0.2
70,10,uniform,2,popular_group,0.03333333333333333,0.0,0.0,0.0017605633802816902
70,10,uniform,2,raw_distance,0.03333333333333333,0.6,0.5,1.0
70,10,uniform,2,raw_correlation,0.03333333333333333,0.4,0.4,1.0
70,10,uniform,2,mf_latent,0.03333333333333333,0.2,0.4,0.5
70,10,uniform,2,mf_impute,0.03333333333333333,0.2,0.1,0.25
72,10,uniform,1,random,0.10617283950617284,0.2,0.1,0.3333333333333333
72,10,uniform,1,popular_group,0.10617283950617284,0.0,0.0,0.007142857142857143
72,10,uniform,1,raw_distance,0.10617283950617284,0.2,0.3,0.3333333333333333
72,10,uniform,1,raw_correlation,0.10617283950617284,0.0,0.0,0.0136986301369863
72,10,uniform,1,mf_latent,0.10617283950617284,0.2,0.2,0.3333333333333333
72,10,uniform,1,mf_impute,0.10617283950617284,0.8,0.5,1.0
72,10,uniform,2,random,0.03333333333333333,0.0,0.0,0.058823529411764705
72,10,uniform,2,popular_group,0.03333333333333333,0.0,0.0,0.0017605633802816902
72,10,uniform,2,raw_distance,0.03333333333333333,0.2,0.3,0.3333333333333333
72,10,uniform,2,raw_correlation,0.03333333333333333,0.0,0.0,0.010101010101010102
72,10,uniform,2,mf_latent,0.03333333333333333,0.2,0.2,0.3333333333333333
72,10,uniform,2,mf_impute,0.03333333333333333,0.4,0.3,1.0
77,10,uniform,1,random,0.10617283950617284,0.2,0.2,0.2
77,10,uniform,1,popular_group,0.10617283950617284,0.0,0.0,0.007142857142857143
77,10,uniform,1,raw_distance,0.10617283950617284,0.6,0.8,0.5
77,10,uniform,1,raw_correlation,0.10617283950617284,0.4,0.4,0.5
77,10,uniform,1,mf_latent,0.10617283950617284,0.8,0.6,1.0
77,10,uniform,1,mf_impute,0.10617283950617284,0.4,0.4,0.3333333333333333
77,10,uniform,2,random,0.03333333333333333,0.2,0.2,0.2
77,10,uniform,2,popular_group,0.03333333333333333,0.0,0.0,0.0017605633802816902
77,10,uniform,2,raw_distance,0.03333333333333333,0.2,0.4,0.5
77,10,uniform,2,raw_correlation,0.03333333333333333,0.0,0.0,0.05
77,10,uniform,2,mf_latent,0.03333333333333333,0.8,0.6,1.0
77,10,uniform,2,mf_impute,0.03333333333333333,0.4,0.3,0.3333333333333333
87,10,uniform,1,random,0.10617283950617284,0.0,0.1,0.16666666666666666
87,10,uniform,1,popular_group,0.10617283950617284,0.0,0.0,0.007142857142857143
87,10,uniform,1,raw_distance,0.10617283950617284,0.2,0.4,0.5
87,10,uniform,1,raw_correlation,0.10617283950617284,0.2,0.1,0.2
87,10,uniform,1,mf_latent,0.10617283950617284,0.6,0.5,0.3333333333333333
87,10,uniform,1,mf_impute,0.10617283950617284,0.0,0.0,0.09090909090909091
87,10,uniform,2,random,0.03333333333333333,0.0,0.0,0.058823529411764705
87,10,uniform,2,popular_group,0.03333333333333333,0.0,0.0,0.0017605633802816902
87,10,uniform,2,raw_distance,0.03333333333333333,0.2,0.4,0.5
87,10,uniform,2,raw_correlation,0.03333333333333333,0.2,0.1,0.2
87,10,uniform,2,mf_latent,0.03333333333333333,0.6,0.5,0.3333333333333333
87,10,uniform,2,mf_impute,0.03333333333333333,0.0,0.0,0.09090909090909091
106,10,uniform,1,random,0.1259259259259259,0.0,0.1,0.16666666666666666
106,10,uniform,1,popular_group,0.1259259259259259,0.0,0.0,0.00641025641025641
106,10,uniform,1,raw_distance,0.1259259259259259,0.4,0.5,1.0
106,10,uniform,1,raw_correlation,0.1259259259259259,0.2,0.3,0.3333333333333333
106,10,uniform,1,mf_latent,0.1259259259259259,0.4,0.2,1.0
106,10,uniform,1,mf_impute,0.1259259259259259,0.0,0.1,0.125
106,10,uniform,2,random,0.05432098765432099,0.0,0.1,0.16666666666666666
106,10,uniform,2,popular_group,0.05432098765432099,0.0,0.0,0.01
106,10,uniform,2,raw_distance,0.05432098765432099,0.4,0.5,1.0
106,10,uniform,2,raw_correlation,0.05432098765432099,0.2,0.3,0.3333333333333333
106,10,uniform,2,mf_latent,0.05432098765432099,0.4,0.2,1.0
106,10,uniform,2,mf_impute,0.05432098765432099,0.0,0.1,0.125
114,10,uniform,1,random,0.1259259259259259,0.2,0.2,0.25
114,10,uniform,1,popular_group,0.1259259259259259,0.0,0.0,0.00641025641025641
114,10,uniform,1,raw_distance,0.1259259259259259,0.4,0.3,0.3333333333333333
114,10,uniform,1,raw_correlation,0.1259259259259259,0.4,0.4,1.0
114,10,uniform,1,mf_latent,0.1259259259259259,0.4,0.3,1.0
114,10,uniform,1,mf_impute,0.1259259259259259,0.0,0.2,0.16666666666666666
114,10,uniform,2,random,0.05432098765432099,0.2,0.2,0.25
114,10,uniform,2,popular_group,0.05432098765432099,0.0,0.0,0.01
114,10,uniform,2,raw_distance,0.05432098765432099,0.2,0.2,0.25
114,10,uniform,2,raw_correlation,0.05432098765432099,0.4,0.4,1.0
114,10,uniform,2,mf_latent,0.05432098765432099,0.4,0.3,1.0
114,10,uniform,2,mf_impute,0.05432098765432099,0.0,0.2,0.16666666666666666
133,10,uniform,1,random,0.1259259259259259,0.0,0.1,0.125
133,10,uniform,1,popular_group,0.1259259259259259,0.0,0.0,0.00641025641025641
133,10,uniform,1,raw_distance,0.1259259259259259,1.0,0.7,1.0
133,10,uniform,1,raw_correlation,0.1259259259259259,0.8,0.7,1.0
133,10,uniform,1,mf_latent,0.1259259259259259,0.0,0.0,0.06666666666666667
133,10,uniform,1,mf_impute,0.1259259259259259,0.0,0.0,0.07692307692307693
133,10,uniform,2,random,0.05432098765432099,0.0,0.1,0.125
133,10,uniform,2,popular_group,0.05432098765432099,0.0,0.0,0.01
133,10,uniform,2,raw_distance,0.05432098765432099,1.0,0.7,1.0
133,10,uniform,2,raw_correlation,0.05432098765432099,0.6,0.5,1.0
133,10,uniform,2,mf_latent,0.05432098765432099,0.0,0.0,0.06666666666666667
133,10,uniform,2,mf_impute,0.05432098765432099,0.0,0.0,0.07692307692307693
140,10,uniform,1,random,0.1259259259259259,0.2,0.1,0.5
140,10,uniform,1,popular_group,0.1259259259259259,0.0,0.0,0.00641025641025641
140,10,uniform,1,raw_distance,0.1259259259259259,1.0,1.0,1.0
140,10,uniform,1,raw_correlation,0.1259259259259259,1.0,1.0,1.0
140,10,uniform,1,mf_latent,0.1259259259259259,0.8,0.9,1.0
140,10,uniform,1,mf_impute,0.1259259259259259,1.0,0.9,1.0
140,10,uniform,2,random,0.05432098765432099,0.2,0.1,0.5
140,10,uniform,2,popular_group,0.05432098765432099,0.0,0.0,0.01
140,10,uniform,2,raw_distance,0.05432098765432099,1.0,1.0,1.0
140,10,uniform,2,raw_correlation,0.05432098765432099,0.8,0.8,1.0
140,10,uniform,2,mf_latent,0.05432098765432099,0.8,0.9,1.0
140,10,uniform,2,mf_impute,0.05432098765432099,1.0,0.9,1.0
143,10,uniform,1,random,0.1259259259259259,0.0,0.0,0.08333333333333333
143,10,uniform,1,popular_group,0.1259259259259259,0.0,0.0,0.00641025641025641
143,10,uniform,1,raw_distance,0.1259259259259259,1.0,0.9,1.0
143,10,uniform,1,raw_correlation,0.1259259259259259,1.0,0.9,1.0
143,10,uniform,1,mf_latent,0.1259259259259259,1.0,0.9,1.0
143,10,uniform,1,mf_impute,0.1259259259259259,1.0,1.0,1.0
143,10,uniform,2,random,0.05432098765432099,0.0,0.0,0.027777777777777776
143,10,uniform,2,popular_group,0.05432098765432099,0.0,0.0,0.01
143,10,uniform,2,raw_distance,0.05432098765432099,1.0,0.9,1.0
143,10,uniform,2,raw_correlation,0.05432098765432099,0.8,0.8,1.0
143,10,uniform,2,mf_latent,0.05432098765432099,0.6,0.6,0.5
143,10,uniform,2,mf_impute,0.05432098765432099,0.6,0.7,0.5
152,10,uniform,1,random,0.1259259259259259,0.0,0.1,0.125
152,10,uniform,1,popular_group,0.1259259259259259,0.0,0.0,0.00641025641025641
152,10,uniform,1,raw_distance,0.1259259259259259,1.0,0.9,1.0
152,10,uniform,1,raw_correlation,0.1259259259259259,1.0,0.9,1.0
152,10,uniform,1,mf_latent,0.1259259259259259,0.8,0.8,1.0
152,10,uniform,1,mf_impute,0.1259259259259259,0.6,0.4,0.5
152,10,uniform,2,random,0.05432098765432099,0.0,0.0,0.09090909090909091
152,10,uniform,2,popular_group,0.05432098765432099,0.0,0.0,0.01
152,10,uniform,2,raw_distance,0.05432098765432099,1.0,0.9,1.0
152,10,uniform,2,raw_correlation,0.05432098765432099,1.0,0.8,1.0
152,10,uniform,2,mf_latent,0.05432098765432099,0.2,0.4,0.25
152,10,uniform,2,mf_impute,0.05432098765432099,0.2,0.2,0.25
165,10,uniform,1,random,0.1259259259259259,0.4,0.3,0.25
165,10,uniform,1,popular_group,0.1259259259259259,0.0,0.0,0.00641025641025641
165,10,uniform,1,raw_distance,0.1259259259259259,1.0,1.0,1.0
165,10,uniform,1,raw_correlation,0.1259259259259259,1.0,1.0,1.0
165,10,uniform,1,mf_latent,0.1259259259259259,0.2,0.1,1.0
165,10,uniform,1,mf_impute,0.1259259259259259,0.0,0.0,0.08333333333333333
165,10,uniform,2,random,0.06666666666666667,0.4,0.3,0.25
165,10,uniform,2,popular_group,0.06666666666666667,0.0,0.0,0.007575757575757576
165,10,uniform,2,raw_distance,0.06666666666666667,1.0,1.0,1.0
165,10,uniform,2,raw_correlation,0.06666666666666667,0.8,0.9,1.0
165,10,uniform,2,mf_latent,0.06666666666666667,0.2,0.1,1.0
165,10,uniform,2,mf_impute,0.06666666666666667,0.0,0.0,0.08333333333333333
167,10,uniform,1,random,0.1259259259259259,0.2,0.3,0.5
167,10,uniform,1,popular_group,0.1259259259259259,0.0,0.0,0.00641025641025641
167,10,uniform,1,raw_distance,0.1259259259259259,0.2,0.1,0.3333333333333333
167,10,uniform,1,raw_correlation,0.1259259259259259,0.0,0.0,0.058823529411764705
167,10,uniform,1,mf_latent,0.1259259259259259,0.0,0.0,0.09090909090909091
167,10,uniform,1,mf_impute,0.1259259259259259,0.0,0.0,0.023809523809523808
167,10,uniform,2,random,0.06666666666666667,0.0,0.1,0.1
167,10,uniform,2,popular_group,0.06666666666666667,0.0,0.0,0.007575757575757576
167,10,uniform,2,raw_distance,0.06666666666666667,0.2,0.1,0.3333333333333333
167,10,uniform,2,raw_correlation,0.06666666666666667,0.0,0.0,0.058823529411764705
167,10,uniform,2,mf_latent,0.06666666666666667,0.0,0.0,0.09090909090909091
167,10,uniform,2,mf_impute,0.06666666666666667,0.0,0.0,0.023809523809523808
191,10,uniform,1,random,0.1259259259259259,0.0,0.1,0.16666666666666666
191,10,uniform,1,popular_group,0.1259259259259259,0.0,0.0,0.00641025641025641
191,10,uniform,1,raw_distance,0.1259259259259259,0.4,0.2,0.5
191,10,uniform,1,raw_correlation,0.1259259259259259,0.4,0.6,0.3333333333333333
191,10,uniform,1,mf_latent,0.1259259259259259,0.8,0.8,1.0
191,10,uniform,1,mf_impute,0.1259259259259259,1.0,1.0,1.0
191,10,uniform,2,random,0.06666666666666667,0.0,0.0,0.058823529411764705
191,10,uniform,2,popular_group,0.06666666666666667,0.0,0.0,0.007575757575757576
191,10,uniform,2,raw_distance,0.06666666666666667,0.4,0.2,0.5
191,10,uniform,2,raw_correlation,0.06666666666666667,0.2,0.3,0.3333333333333333
191,10,uniform,2,mf_latent,0.06666666666666667,0.8,0.8,1.0
191,10,uniform,2,mf_impute,0.06666666666666667,1.0,1.0,1.0
201,10,uniform,1,random,0.1259259259259259,0.0,0.0,0.07692307692307693
201,10,uniform,1,popular_group,0.1259259259259259,0.0,0.0,0.00641025641025641
201,10,uniform,1,raw_distance,0.1259259259259259,0.8,0.6,1.0
201,10,uniform,1,raw_correlation,0.1259259259259259,0.2,0.3,1.0
201,10,uniform,1,mf_latent,0.1259259259259259,0.8,0.8,1.0
201,10,uniform,1,mf_impute,0.1259259259259259,1.0,0.8,1.0
201,10,uniform,2,random,0.06666666666666667,0.0,0.0,0.043478260869565216
201,10,uniform,2,popular_group,0.06666666666666667,0.0,0.0,0.007575757575757576
201,10,uniform,2,raw_distance,0.06666666666666667,0.8,0.5,1.0
201,10,uniform,2,raw_correlation,0.06666666666666667,0.2,0.3,1.0
201,10,uniform,2,mf_latent,0.06666666666666667,0.8,0.7,1.0
201,10,uniform,2,mf_impute,0.06666666666666667,1.0,0.7,1.0
234,10,uniform,1,random,0.12345679012345678,0.4,0.3,0.5
234,10,uniform,1,popular_group,0.12345679012345678,0.0,0.0,0.004901960784313725
234,10,uniform,1,raw_distance,0.12345679012345678,1.0,0.8,1.0
234,10,uniform,1,raw_correlation,0.12345679012345678,1.0,1.0,1.0
234,10,uniform,1,mf_latent,0.12345679012345678,1.0,1.0,1.0
234,10,uniform,1,mf_impute,0.12345679012345678,1.0,1.0,1.0
234,10,uniform,2,random,0.0654320987654321,0.2,0.2,0.5
234,10,uniform,2,popular_group,0.0654320987654321,0.0,0.0,0.00510204081632653
234,10,uniform,2,raw_distance,0.0654320987654321,1.0,0.8,1.0
234,10,uniform,2,raw_correlation,0.0654320987654321,1.0,1.0,1.0
234,10,uniform,2,mf_latent,0.0654320987654321,1.0,1.0,1.0
234,10,uniform,2,mf_impute,0.0654320987654321,1.0,0.9,1.0
280,10,uniform,1,random,0.12345679012345678,0.0,0.1,0.125
280,10,uniform,1,popular_group,0.12345679012345678,0.0,0.0,0.004901960784313725
280,10,uniform,1,raw_distance,0.12345679012345678,0.6,0.5,1.0
280,10,uniform,1,raw_correlation,0.12345679012345678,0.4,0.3,1.0
280,10,uniform,1,mf_latent,0.12345679012345678,0.0,0.3,0.16666666666666666
280,10,uniform,1,mf_impute,0.12345679012345678,0.6,0.7,1.0
280,10,uniform,2,random,0.043209876543209874,0.0,0.1,0.125
280,10,uniform,2,popular_group,0.043209876543209874,0.0,0.0,0.004098360655737705
280,10,uniform,2,raw_distance,0.043209876543209874,0.6,0.5,1.0
280,10,uniform,2,raw_correlation,0.043209876543209874,0.4,0.3,1.0
280,10,uniform,2,mf_latent,0.043209876543209874,0.0,0.2,0.16666666666666666
280,10,uniform,2,mf_impute,0.043209876543209874,0.4,0.5,1.0
285,10,uniform,1,random,0.12345679012345678,0.2,0.1,0.2
285,10,uniform,1,popular_group,0.12345679012345678,0.0,0.0,0.004901960784313725
285,10,uniform,1,raw_distance,0.12345679012345678,0.4,0.5,1.0
285,10,uniform,1,raw_correlation,0.12345679012345678,0.2,0.5,1.0
285,10,uniform,1,mf_latent,0.12345679012345678,0.0,0.0,0.0196078431372549
285,10,uniform,1,mf_impute,0.12345679012345678,0.2,0.3,0.25
285,10,uniform,2,random,0.043209876543209874,0.0,0.0,0.09090909090909091
285,10,uniform,2,popular_group,0.043209876543209874,0.0,0.0,0.004098360655737705
285,10,uniform,2,raw_distance,0.043209876543209874,0.4,0.5,1.0
285,10,uniform,2,raw_correlation,0.043209876543209874,0.2,0.5,1.0
285,10,uniform,2,mf_latent,0.043209876543209874,0.0,0.0,0.0196078431372549
285,10,uniform,2,mf_impute,0.043209876543209874,0.2,0.3,0.25
292,10,uniform,1,random,0.12345679012345678,0.4,0.2,0.5
292,10,uniform,1,popular_group,0.12345679012345678,0.0,0.0,0.004901960784313725
292,10,uniform,1,raw_distance,0.12345679012345678,0.2,0.1,0.3333333333333333
292,10,uniform,1,raw_correlation,0.12345679012345678,0.2,0.2,0.25
292,10,uniform,1,mf_latent,0.12345679012345678,0.0,0.0,0.011363636363636364
292,10,uniform,1,mf_impute,0.12345679012345678,0.2,0.1,0.2
292,10,uniform,2,random,0.043209876543209874,0.0,0.0,0.02702702702702703
292,10,uniform,2,popular_group,0.043209876543209874,0.0,0.0,0.004098360655737705
292,10,uniform,2,raw_distance,0.043209876543209874,0.0,0.0,0.058823529411764705
292,10,uniform,2,raw_correlation,0.043209876543209874,0.0,0.0,0.05263157894736842
292,10,uniform,2,mf_latent,0.043209876543209874,0.0,0.0,0.004761904761904762
292,10,uniform,2,mf_impute,0.043209876543209874,0.0,0.0,0.030303030303030304
302,10,uniform,1,random,0.12345679012345678,0.0,0.0,0.05555555555555555
302,10,uniform,1,popular_group,0.12345679012345678,0.0,0.0,0.004901960784313725
302,10,uniform,1,raw_distance,0.12345679012345678,1.0,0.8,1.0
302,10,uniform,1,raw_correlation,0.12345679012345678,1.0,0.9,1.0
302,10,uniform,1,mf_latent,0.12345679012345678,1.0,1.0,1.0
302,10,uniform,1,mf_impute,0.12345679012345678,1.0,1.0,1.0
302,10,uniform,2,random,0.043209876543209874,0.0,0.0,0.043478260869565216
302,10,uniform,2,popular_group,0.043209876543209874,0.0,0.0,0.004098360655737705
302,10,uniform,2,raw_distance,0.043209876543209874,1.0,0.5,1.0
302,10,uniform,2,raw_correlation,0.043209876543209874,1.0,0.8,1.0
302,10,uniform,2,mf_latent,0.043209876543209874,0.0,0.0,0.01694915254237288
302,10,uniform,2,mf_impute,0.043209876543209874,0.2,0.1,0.3333333333333333
308,10,uniform,1,random,0.12345679012345678,0.0,0.2,0.14285714285714285
308,10,uniform,1,popular_group,0.12345679012345678,0.0,0.0,0.004901960784313725
308,10,uniform,1,raw_distance,0.12345679012345678,0.4,0.4,0.5
308,10,uniform,1,raw_correlation,0.12345679012345678,0.4,0.5,0.5
308,10,uniform,1,mf_latent,0.12345679012345678,0.0,0.1,0.1111111111111111
308,10,uniform,1,mf_impute,0.12345679012345678,0.0,0.0,0.03125
308,10,uniform,2,random,0.013580246913580247,0.0,0.0,0.058823529411764705
308,10,uniform,2,popular_group,0.013580246913580247,0.0,0.0,0.0036231884057971015
308,10,uniform,2,raw_distance,0.013580246913580247,0.2,0.2,0.5
308,10,uniform,2,raw_correlation,0.013580246913580247,0.2,0.2,0.2
308,10,uniform,2,mf_latent,0.013580246913580247,0.0,0.0,0.00909090909090909
308,10,uniform,2,mf_impute,0.013580246913580247,0.0,0.0,0.0078125
314,10,uniform,1,random,0.12345679012345678,0.2,0.1,0.2
314,10,uniform,1,popular_group,0.12345679012345678,0.0,0.0,0.004901960784313725
314,10,uniform,1,raw_distance,0.12345679012345678,0.8,0.6,1.0
314,10,uniform,1,raw_correlation,0.12345679012345678,1.0,0.7,1.0
314,10,uniform,1,mf_latent,0.12345679012345678,0.6,0.7,0.5
314,10,uniform,1,mf_impute,0.12345679012345678,1.0,1.0,1.0
314,10,uniform,2,random,0.013580246913580247,0.2,0.1,0.2
314,10,uniform,2,popular_group,0.013580246913580247,0.0,0.0,0.0036231884057971015
314,10,uniform,2,raw_distance,0.013580246913580247,0.4,0.2,1.0
314,10,uniform,2,raw_correlation,0.013580246913580247,0.4,0.2,1.0
314,10,uniform,2,mf_latent,0.013580246913580247,0.0,0.1,0.125
314,10,uniform,2,mf_impute,0.013580246913580247,0.2,0.1,0.3333333333333333
320,10,uniform,1,random,0.1,0.4,0.2,1.0
320,10,uniform,1,popular_group,0.1,0.0,0.0,0.0033333333333333335
320,10,uniform,1,raw_distance,0.1,0.4,0.5,1.0
320,10,uniform,1,raw_correlation,0.1,0.6,0.6,1.0
320,10,uniform,1,mf_latent,0.1,0.8,0.5,1.0
320,10,uniform,1,mf_impute,0.1,0.4,0.3,1.0
320,10,uniform,2,random,0.013580246913580247,0.0,0.0,0.05555555555555555
320,10,uniform,2,popular_group,0.013580246913580247,0.0,0.0,0.003424657534246575
320,10,uniform,2,raw_distance,0.013580246913580247,0.4,0.5,1.0
320,10,uniform,2,raw_correlation,0.013580246913580247,0.4,0.4,1.0
320,10,uniform,2,mf_latent,0.013580246913580247,0.8,0.5,1.0
320,10,uniform,2,mf_impute,0.013580246913580247,0.4,0.3,1.0
325,10,uniform,1,random,0.1,0.2,0.2,0.25
325,10,uniform,1,popular_group,0.1,0.0,0.0,0.0033333333333333335
325,10,uniform,1,raw_distance,0.1,0.6,0.8,1.0
325,10,uniform,1,raw_correlation,0.1,0.4,0.2,1.0
325,10,uniform,1,mf_latent,0.1,0.4,0.3,0.5
325,10,uniform,1,mf_impute,0.1,0.6,0.6,1.0
325,10,uniform,2,random,0.013580246913580247,0.0,0.0,0.043478260869565216
325,10,uniform,2,popular_group,0.013580246913580247,0.0,0.0,0.003424657534246575
325,10,uniform,2,raw_distance,0.013580246913580247,0.6,0.4,1.0
325,10,uniform,2,raw_correlation,0.013580246913580247,0.4,0.2,1.0
325,10,uniform,2,mf_latent,0.013580246913580247,0.2,0.1,0.5
325,10,uniform,2,mf_impute,0.013580246913580247,0.6,0.5,1.0
336,10,uniform,1,random,0.1,0.0,0.1,0.1111111111111111
336,10,uniform,1,popular_group,0.1,0.0,0.0,0.0033333333333333335
336,10,uniform,1,raw_distance,0.1,0.4,0.2,0.5
336,10,uniform,1,raw_correlation,0.1,0.4,0.4,1.0
336,10,uniform,1,mf_latent,0.1,1.0,0.6,1.0
336,10,uniform,1,mf_impute,0.1,0.0,0.1,0.1
336,10,uniform,2,random,0.04814814814814815,0.0,0.0,0.03225806451612903
336,10,uniform,2,popular_group,0.04814814814814815,0.0,0.0,0.003246753246753247
336,10,uniform,2,raw_distance,0.04814814814814815,0.4,0.2,0.5
336,10,uniform,2,raw_correlation,0.04814814814814815,0.4,0.4,1.0
336,10,uniform,2,mf_latent,0.04814814814814815,1.0,0.6,1.0
336,10,uniform,2,mf_impute,0.04814814814814815,0.0,0.1,0.1
352,10,uniform,1,random,0.1,0.2,0.1,0.3333333333333333
352,10,uniform,1,popular_group,0.1,0.0,0.0,0.0033333333333333335
352,10,uniform,1,raw_distance,0.1,0.0,0.0,0.07692307692307693
352,10,uniform,1,raw_correlation,0.1,0.0,0.0,0.07142857142857142
352,10,uniform,1,mf_latent,0.1,0.0,0.1,0.1111111111111111
352,10,uniform,1,mf_impute,0.1,0.4,0.5,0.25
352,10,uniform,2,random,0.04814814814814815,0.0,0.0,0.038461538461538464
352,10,uniform,2,popular_group,0.04814814814814815,0.0,0.0,0.003246753246753247
352,10,uniform,2,raw_distance,0.04814814814814815,0.0,0.0,0.07692307692307693
352,10,uniform,2,raw_correlation,0.04814814814814815,0.0,0.0,0.07142857142857142
352,10,uniform,2,mf_latent,0.04814814814814815,0.0,0.0,0.06666666666666667
352,10,uniform,2,mf_impute,0.04814814814814815,0.2,0.2,0.2
357,10,uniform,1,random,0.1,0.2,0.3,1.0
357,10,uniform,1,popular_group,0.1,0.0,0.0,0.0033333333333333335
357,10,uniform,1,raw_distance,0.1,0.0,0.2,0.14285714285714285
357,10,uniform,1,raw_correlation,0.1,0.2,0.2,0.25
357,10,uniform,1,mf_latent,0.1,0.2,0.3,0.25
357,10,uniform,1,mf_impute,0.1,0.2,0.4,0.25
357,10,uniform,2,random,0.04814814814814815,0.0,0.0,0.08333333333333333
357,10,uniform,2,popular_group,0.04814814814814815,0.0,0.0,0.003246753246753247
357,10,uniform,2,raw_distance,0.04814814814814815,0.0,0.2,0.14285714285714285
357,10,uniform,2,raw_correlation,0.04814814814814815,0.2,0.2,0.25
357,10,uniform,2,mf_latent,0.04814814814814815,0.2,0.3,0.25
357,10,uniform,2,mf_impute,0.04814814814814815,0.2,0.4,0.25
359,10,uniform,1,random,0.1,0.2,0.2,1.0
359,10,uniform,1,popular_group,0.1,0.0,0.0,0.0033333333333333335
359,10,uniform,1,raw_distance,0.1,0.8,0.7,0.5
359,10,uniform,1,raw_correlation,0.1,0.4,0.3,0.3333333333333333
359,10,uniform,1,mf_latent,0.1,0.4,0.5,0.5
359,10,uniform,1,mf_impute,0.1,0.8,0.6,0.5
359,10,uniform,2,random,0.04814814814814815,0.2,0.1,1.0
359,10,uniform,2,popular_group,0.04814814814814815,0.0,0.0,0.003246753246753247
359,10,uniform,2,raw_distance,0.04814814814814815,0.8,0.5,0.5
359,10,uniform,2,raw_correlation,0.04814814814814815,0.4,0.3,0.3333333333333333
359,10,uniform,2,mf_latent,0.04814814814814815,0.4,0.5,0.5
359,10,uniform,2,mf_impute,0.04814814814814815,0.8,0.6,0.5
372,10,uniform,1,random,0.1,0.2,0.2,0.3333333333333333
372,10,uniform,1,popular_group,0.1,0.0,0.0,0.0033333333333333335
372,10,uniform,1,raw_distance,0.1,0.8,0.8,0.5
372,10,uniform,1,raw_correlation,0.1,0.4,0.6,0.25
372,10,uniform,1,mf_latent,0.1,1.0,1.0,1.0
372,10,uniform,1,mf_impute,0.1,1.0,0.8,1.0
372,10,uniform,2,random,0.04814814814814815,0.0,0.0,0.017857142857142856
372,10,uniform,2,popular_group,0.04814814814814815,0.0,0.0,0.003246753246753247
372,10,uniform,2,raw_distance,0.04814814814814815,0.8,0.8,0.5
372,10,uniform,2,raw_correlation,0.04814814814814815,0.4,0.6,0.25
372,10,uniform,2,mf_latent,0.04814814814814815,1.0,1.0,1.0
372,10,uniform,2,mf_impute,0.04814814814814815,1.0,0.8,1.0
373,10,uniform,1,random,0.1,0.0,0.0,0.05
373,10,uniform,1,popular_group,0.1,0.0,0.0,0.0033333333333333335
373,10,uniform,1,raw_distance,0.1,0.6,0.6,0.5
373,10,uniform,1,raw_correlation,0.1,0.6,0.3,1.0
373,10,uniform,1,mf_latent,0.1,1.0,0.6,1.0
373,10,uniform,1,mf_impute,0.1,0.8,0.6,1.0
373,10,uniform,2,random,0.04814814814814815,0.0,0.0,0.023809523809523808
373,10,uniform,2,popular_group,0.04814814814814815,0.0,0.0,0.003246753246753247
373,10,uniform,2,raw_distance,0.04814814814814815,0.6,0.6,0.5
373,10,uniform,2,raw_correlation,0.04814814814814815,0.4,0.2,1.0
373,10,uniform,2,mf_latent,0.04814814814814815,1.0,0.6,1.0
373,10,uniform,2,mf_impute,0.04814814814814815,0.8,0.6,1.0
378,10,uniform,1,random,0.1,0.0,0.3,0.14285714285714285
378,10,uniform,1,popular_group,0.1,0.0,0.0,0.0033333333333333335
378,10,uniform,1,raw_distance,0.1,0.2,0.2,1.0
378,10,uniform,1,raw_correlation,0.1,0.0,0.0,0.043478260869565216
378,10,uniform,1,mf_latent,0.1,0.0,0.0,0.03571428571428571
378,10,uniform,1,mf_impute,0.1,0.0,0.0,0.016666666666666666
378,10,uniform,2,random,0.012345679012345678,0.0,0.0,0.0196078431372549
378,10,uniform,2,popular_group,0.012345679012345678,0.0,0.0,0.0029411764705882353
378,10,uniform,2,raw_distance,0.012345679012345678,0.0,0.0,0.01694915254237288
378,10,uniform,2,raw_correlation,0.012345679012345678,0.0,0.0,0.009433962264150943
378,10,uniform,2,mf_latent,0.012345679012345678,0.0,0.0,0.0037593984962406013
378,10,uniform,2,mf_impute,0.012345679012345678,0.0,0.0,0.006024096385542169
381,10,uniform,1,random,0.1,0.0,0.0,0.07142857142857142
381,10,uniform,1,popular_group,0.1,0.0,0.0,0.0033333333333333335
381,10,uniform,1,raw_distance,0.1,0.2,0.4,0.2
381,10,uniform,1,raw_correlation,0.1,0.0,0.3,0.14285714285714285
381,10,uniform,1,mf_latent,0.1,1.0,0.8,1.0
381,10,uniform,1,mf_impute,0.1,1.0,0.5,1.0
381,10,uniform,2,random,0.012345679012345678,0.0,0.0,0.015151515151515152
381,10,uniform,2,popular_group,0.012345679012345678,0.0,0.0,0.0029411764705882353
381,10,uniform,2,raw_distance,0.012345679012345678,0.0,0.3,0.16666666666666666
381,10,uniform,2,raw_correlation,0.012345679012345678,0.0,0.0,0.041666666666666664
381,10,uniform,2,mf_latent,0.012345679012345678,0.0,0.0,0.0625
381,10,uniform,2,mf_impute,0.012345679012345678,0.0,0.0,0.05555555555555555
389,10,uniform,1,random,0.1,0.0,0.2,0.125
389,10,uniform,1,popular_group,0.1,0.0,0.0,0.0033333333333333335
389,10,uniform,1,raw_distance,0.1,0.0,0.1,0.125
389,10,uniform,1,raw_correlation,0.1,0.0,0.0,0.0625
389,10,uniform,1,mf_latent,0.1,0.6,0.5,1.0
389,10,uniform,1,mf_impute,0.1,0.8,0.5,1.0
389,10,uniform,2,random,0.012345679012345678,0.0,0.1,0.125
389,10,uniform,2,popular_group,0.012345679012345678,0.0,0.0,0.0029411764705882353
389,10,uniform,2,raw_distance,0.012345679012345678,0.0,0.0,0.043478260869565216
389,10,uniform,2,raw_correlation,0.012345679012345678,0.0,0.0,0.03125
389,10,uniform,2,mf_latent,0.012345679012345678,0.0,0.0,0.04
389,10,uniform,2,mf_impute,0.012345679012345678,0.2,0.1,0.3333333333333333
403,10,uniform,1,random,0.1,0.0,0.1,0.125
403,10,uniform,1,popular_group,0.1,0.0,0.0,0.0033333333333333335
403,10,uniform,1,raw_distance,0.1,0.2,0.2,0.25
403,10,uniform,1,raw_correlation,0.1,0.2,0.2,0.25
403,10,uniform,1,mf_latent,0.1,0.2,0.1,0.5
403,10,uniform,1,mf_impute,0.1,0.0,0.0,0.02857142857142857
403,10,uniform,2,random,0.020987654320987655,0.0,0.0,0.0625
403,10,uniform,2,popular_group,0.020987654320987655,0.0,0.0,0.0028089887640449437
403,10,uniform,2,raw_distance,0.020987654320987655,0.2,0.2,0.25
403,10,uniform,2,raw_correlation,0.020987654320987655,0.2,0.1,0.25
403,10,uniform,2,mf_latent,0.020987654320987655,0.2,0.1,0.5
403,10,uniform,2,mf_impute,0.020987654320987655,0.0,0.0,0.014084507042253521
408,10,uniform,1,random,0.1,0.2,0.1,0.25
408,10,uniform,1,popular_group,0.1,0.0,0.0,0.0033333333333333335
408,10,uniform,1,raw_distance,0.1,0.6,0.4,1.0
408,10,uniform,1,raw_correlation,0.1,0.6,0.4,1.0
408,10,uniform,1,mf_latent,0.1,0.4,0.5,1.0
408,10,uniform,1,mf_impute,0.1,0.0,0.0,0.0625
408,10,uniform,2,random,0.003703703703703704,0.0,0.0,0.03225806451612903
408,10,uniform,2,popular_group,0.003703703703703704,0.0,0.0,0.002617801047120419
408,10,uniform,2,raw_distance,0.003703703703703704,0.4,0.2,1.0
408,10,uniform,2,raw_correlation,0.003703703703703704,0.4,0.2,1.0
408,10,uniform,2,mf_latent,0.003703703703703704,0.0,0.1,0.14285714285714285
408,10,uniform,2,mf_impute,0.003703703703703704,0.0,0.0,0.027777777777777776
413,10,uniform,1,random,0.1,0.0,0.1,0.1111111111111111
413,10,uniform,1,popular_group,0.1,0.0,0.0,0.0033333333333333335
413,10,uniform,1,raw_distance,0.1,0.2,0.2,1.0
413,10,uniform,1,raw_correlation,0.1,0.2,0.1,1.0
413,10,uniform,1,mf_latent,0.1,0.0,0.0,0.07692307692307693
413,10,uniform,1,mf_impute,0.1,0.2,0.2,0.3333333333333333
413,10,uniform,2,random,0.0012345679012345679,0.0,0.0,0.0012610340479192938
413,10,uniform,2,popular_group,0.0012345679012345679,0.0,0.0,0.0026246719160104987
413,10,uniform,2,raw_distance,0.0012345679012345679,0.2,0.1,1.0
413,10,uniform,2,raw_correlation,0.0012345679012345679,0.2,0.1,1.0
413,10,uniform,2,mf_latent,0.0012345679012345679,0.0,0.0,0.07692307692307693
413,10,uniform,2,mf_impute,0.0012345679012345679,0.0,0.0,0.009900990099009901
415,10,uniform,1,random,0.10123456790123457,0.2,0.1,1.0
415,10,uniform,1,popular_group,0.10123456790123457,0.0,0.0,0.002631578947368421
415,10,uniform,1,raw_distance,0.10123456790123457,0.2,0.1,0.2
415,10,uniform,1,raw_correlation,0.10123456790123457,0.2,0.1,0.2
415,10,uniform,1,mf_latent,0.10123456790123457,0.0,0.0,0.047619047619047616
415,10,uniform,1,mf_impute,0.10123456790123457,0.0,0.0,0.024390243902439025
415,10,uniform,2,random,0.0024691358024691358,0.0,0.0,0.00641025641025641
415,10,uniform,2,popular_group,0.0024691358024691358,0.0,0.0,0.002638522427440633
415,10,uniform,2,raw_distance,0.0024691358024691358,0.2,0.1,0.2
415,10,uniform,2,raw_correlation,0.0024691358024691358,0.2,0.1,0.2
415,10,uniform,2,mf_latent,0.0024691358024691358,0.0,0.0,0.047619047619047616
415,10,uniform,2,mf_impute,0.0024691358024691358,0.0,0.0,0.024390243902439025
421,10,uniform,1,random,0.10123456790123457,0.2,0.2,1.0
421,10,uniform,1,popular_group,0.10123456790123457,0.0,0.0,0.002631578947368421
421,10,uniform,1,raw_distance,0.10123456790123457,0.6,0.4,1.0
421,10,uniform,1,raw_correlation,0.10123456790123457,0.6,0.4,1.0
421,10,uniform,1,mf_latent,0.10123456790123457,0.0,0.1,0.14285714285714285
421,10,uniform,1,mf_impute,0.10123456790123457,0.0,0.0,0.02631578947368421
421,10,uniform,2,random,0.028395061728395062,0.0,0.0,0.029411764705882353
421,10,uniform,2,popular_group,0.028395061728395062,0.0,0.0,0.002688172043010753
421,10,uniform,2,raw_distance,0.028395061728395062,0.6,0.4,1.0
421,10,uniform,2,raw_correlation,0.028395061728395062,0.6,0.4,1.0
421,10,uniform,2,mf_latent,0.028395061728395062,0.0,0.1,0.14285714285714285
421,10,uniform,2,mf_impute,0.028395061728395062,0.0,0.0,0.02631578947368421
424,10,uniform,1,random,0.10123456790123457,0.0,0.0,0.08333333333333333
424,10,uniform,1,popular_group,0.10123456790123457,0.0,0.0,0.002631578947368421
424,10,uniform,1,raw_distance,0.10123456790123457,0.0,0.1,0.1111111111111111
424,10,uniform,1,raw_correlation,0.10123456790123457,0.0,0.0,0.03225806451612903
424,10,uniform,1,mf_latent,0.10123456790123457,0.0,0.0,0.009523809523809525
424,10,uniform,1,mf_impute,0.10123456790123457,0.0,0.0,0.008547008547008548
424,10,uniform,2,random,0.028395061728395062,0.0,0.0,0.014084507042253521
424,10,uniform,2,popular_group,0.028395061728395062,0.0,0.0,0.002688172043010753
424,10,uniform,2,raw_distance,0.028395061728395062,0.0,0.1,0.1111111111111111
424,10,uniform,2,raw_correlation,0.028395061728395062,0.0,0.0,0.03225806451612903
424,10,uniform,2,mf_latent,0.028395061728395062,0.0,0.0,0.009523809523809525
424,10,uniform,2,mf_impute,0.028395061728395062,0.0,0.0,0.007518796992481203
430,10,uniform,1,random,0.10123456790123457,0.2,0.1,0.2
430,10,uniform,1,popular_group,0.10123456790123457,0.0,0.0,0.002631578947368421
430,10,uniform,1,raw_distance,0.10123456790123457,0.2,0.2,0.3333333333333333
430,10,uniform,1,raw_correlation,0.10123456790123457,0.2,0.2,0.3333333333333333
430,10,uniform,1,mf_latent,0.10123456790123457,0.2,0.2,0.5
430,10,uniform,1,mf_impute,0.10123456790123457,0.2,0.1,0.3333333333333333
430,10,uniform,2,random,0.028395061728395062,0.0,0.0,0.0125
430,10,uniform,2,popular_group,0.028395061728395062,0.0,0.0,0.002688172043010753
430,10,uniform,2,raw_distance,0.028395061728395062,0.2,0.2,0.3333333333333333
430,10,uniform,2,raw_correlation,0.028395061728395062,0.2,0.1,0.3333333333333333
430,10,uniform,2,mf_latent,0.028395061728395062,0.2,0.2,0.5
430,10,uniform,2,mf_impute,0.028395061728395062,0.2,0.1,0.3333333333333333
432,10,uniform,1,random,0.10123456790123457,0.2,0.1,0.5
432,10,uniform,1,popular_group,0.10123456790123457,0.0,0.0,0.002631578947368421
432,10,uniform,1,raw_distance,0.10123456790123457,0.4,0.4,0.3333333333333333
432,10,uniform,1,raw_correlation,0.10123456790123457,0.0,0.1,0.16666666666666666
432,10,uniform,1,mf_latent,0.10123456790123457,0.0,0.0,0.0625
432,10,uniform,1,mf_impute,0.10123456790123457,0.0,0.0,0.02702702702702703
432,10,uniform,2,random,0.028395061728395062,0.2,0.1,0.5
432,10,uniform,2,popular_group,0.028395061728395062,0.0,0.0,0.002688172043010753
432,10,uniform,2,raw_distance,0.028395061728395062,0.4,0.3,0.3333333333333333
432,10,uniform,2,raw_correlation,0.028395061728395062,0.0,0.1,0.16666666666666666
432,10,uniform,2,mf_latent,0.028395061728395062,0.0,0.0,0.0625
432,10,uniform,2,mf_impute,0.028395061728395062,0.0,0.0,0.02702702702702703
457,10,uniform,1,random,0.10123456790123457,0.0,0.0,0.09090909090909091
457,10,uniform,1,popular_group,0.10123456790123457,0.0,0.0,0.002631578947368421
457,10,uniform,1,raw_distance,0.10123456790123457,0.0,0.2,0.16666666666666666
457,10,uniform,1,raw_correlation,0.10123456790123457,0.0,0.1,0.16666666666666666
457,10,uniform,1,mf_latent,0.10123456790123457,0.4,0.3,0.25
457,10,uniform,1,mf_impute,0.10123456790123457,0.4,0.5,0.25
457,10,uniform,2,random,0.019753086419753086,0.0,0.0,0.05
457,10,uniform,2,popular_group,0.019753086419753086,0.0,0.0,0.0024752475247524753
457,10,uniform,2,raw_distance,0.019753086419753086,0.0,0.1,0.16666666666666666
457,10,uniform,2,raw_correlation,0.019753086419753086,0.0,0.1,0.16666666666666666
457,10,uniform,2,mf_latent,0.019753086419753086,0.0,0.1,0.1
457,10,uniform,2,mf_impute,0.019753086419753086,0.0,0.0,0.058823529411764705
468,10,uniform,1,random,0.10123456790123457,0.2,0.2,0.3333333333333333
468,10,uniform,1,popular_group,0.10123456790123457,0.0,0.0,0.002631578947368421
468,10,uniform,1,raw_distance,0.10123456790123457,0.2,0.1,0.25
468,10,uniform,1,raw_correlation,0.10123456790123457,0.0,0.2,0.1111111111111111
468,10,uniform,1,mf_latent,0.10123456790123457,0.0,0.1,0.1
468,10,uniform,1,mf_impute,0.10123456790123457,0.0,0.0,0.058823529411764705
468,10,uniform,2,random,0.044444444444444446,0.2,0.2,0.3333333333333333
468,10,uniform,2,popular_group,0.044444444444444446,0.0,0.0,0.002380952380952381
468,10,uniform,2,raw_distance,0.044444444444444446,0.0,0.0,0.0625
468,10,uniform,2,raw_correlation,0.044444444444444446,0.0,0.1,0.1111111111111111
468,10,uniform,2,mf_latent,0.044444444444444446,0.0,0.0,0.05555555555555555
468,10,uniform,2,mf_impute,0.044444444444444446,0.0,0.0,0.058823529411764705
473,10,uniform,1,random,0.10123456790123457,0.0,0.1,0.125
473,10,uniform,1,popular_group,0.10123456790123457,0.0,0.0,0.002631578947368421
473,10,uniform,1,raw_distance,0.10123456790123457,0.0,0.0,0.03333333333333333
473,10,uniform,1,raw_correlation,0.10123456790123457,0.0,0.0,0.037037037037037035
473,10,uniform,1,mf_latent,0.10123456790123457,0.0,0.0,0.012195121951219513
473,10,uniform,1,mf_impute,0.10123456790123457,0.0,0.0,0.014925373134328358
473,10,uniform,2,random,0.044444444444444446,0.0,0.1,0.125
473,10,uniform,2,popular_group,0.044444444444444446,0.0,0.0,0.002380952380952381
473,10,uniform,2,raw_distance,0.044444444444444446,0.0,0.0,0.03125
473,10,uniform,2,raw_correlation,0.044444444444444446,0.0,0.0,0.037037037037037035
473,10,uniform,2,mf_latent,0.044444444444444446,0.0,0.0,0.007352941176470588
473,10,uniform,2,mf_impute,0.044444444444444446,0.0,0.0,0.006802721088435374
501,10,uniform,1,random,0.10123456790123457,0.0,0.1,0.1111111111111111
501,10,uniform,1,popular_group,0.10123456790123457,0.0,0.0,0.002631578947368421
501,10,uniform,1,raw_distance,0.10123456790123457,0.0,0.3,0.16666666666666666
501,10,uniform,1,raw_correlation,0.10123456790123457,0.2,0.3,0.3333333333333333
501,10,uniform,1,mf_latent,0.10123456790123457,0.2,0.2,0.2
501,10,uniform,1,mf_impute,0.10123456790123457,0.2,0.2,1.0
501,10,uniform,2,random,0.003703703703703704,0.0,0.0,0.014285714285714285
501,10,uniform,2,popular_group,0.003703703703703704,0.0,0.0,0.002178649237472767
501,10,uniform,2,raw_distance,0.003703703703703704,0.0,0.1,0.16666666666666666
501,10,uniform,2,raw_correlation,0.003703703703703704,0.0,0.0,0.08333333333333333
501,10,uniform,2,mf_latent,0.003703703703703704,0.0,0.0,0.034482758620689655
501,10,uniform,2,mf_impute,0.003703703703703704,0.0,0.0,0.03225806451612903
532,10,uniform,1,random,0.12098765432098765,0.2,0.1,1.0
532,10,uniform,1,popular_group,0.12098765432098765,0.0,0.0,0.002173913043478261
532,10,uniform,1,raw_distance,0.12098765432098765,0.0,0.0,0.07692307692307693
532,10,uniform,1,raw_correlation,0.12098765432098765,0.0,0.2,0.16666666666666666
532,10,uniform,1,mf_latent,0.12098765432098765,0.2,0.2,0.2
532,10,uniform,1,mf_impute,0.12098765432098765,0.2,0.3,0.3333333333333333
532,10,uniform,2,random,0.018518518518518517,0.0,0.0,0.023255813953488372
532,10,uniform,2,popular_group,0.018518518518518517,0.0,0.0,0.002136752136752137
532,10,uniform,2,raw_distance,0.018518518518518517,0.0,0.0,0.06666666666666667
532,10,uniform,2,raw_correlation,0.018518518518518517,0.0,0.1,0.16666666666666666
532,10,uniform,2,mf_latent,0.018518518518518517,0.2,0.2,0.2
532,10,uniform,2,mf_impute,0.018518518518518517,0.0,0.0,0.03333333333333333
536,10,uniform,1,random,0.12098765432098765,0.0,0.0,0.05555555555555555
536,10,uniform,1,popular_group,0.12098765432098765,0.0,0.0,0.002173913043478261
536,10,uniform,1,raw_distance,0.12098765432098765,1.0,0.6,1.0
536,10,uniform,1,raw_correlation,0.12098765432098765,0.6,0.4,1.0
536,10,uniform,1,mf_latent,0.12098765432098765,0.0,0.0,0.06666666666666667
536,10,uniform,1,mf_impute,0.12098765432098765,0.0,0.0,0.03333333333333333
536,10,uniform,2,random,0.018518518518518517,0.0,0.0,0.05555555555555555
536,10,uniform,2,popular_group,0.018518518518518517,0.0,0.0,0.002136752136752137
536,10,uniform,2,raw_distance,0.018518518518518517,0.4,0.2,1.0
536,10,uniform,2,raw_correlation,0.018518518518518517,0.4,0.2,1.0
536,10,uniform,2,mf_latent,0.018518518518518517,0.0,0.0,0.0625
536,10,uniform,2,mf_impute,0.018518518518518517,0.0,0.0,0.0078125
538,10,uniform,1,random,0.12098765432098765,0.0,0.2,0.125
538,10,uniform,1,popular_group,0.12098765432098765,0.0,0.0,0.002173913043478261
538,10,uniform,1,raw_distance,0.12098765432098765,1.0,1.0,1.0
538,10,uniform,1,raw_correlation,0.12098765432098765,0.6,0.3,1.0
538,10,uniform,1,mf_latent,0.12098765432098765,1.0,0.9,1.0
538,10,uniform,1,mf_impute,0.12098765432098765,0.6,0.5,0.5
538,10,uniform,2,random,0.018518518518518517,0.0,0.1,0.125
538,10,uniform,2,popular_group,0.018518518518518517,0.0,0.0,0.002136752136752137
538,10,uniform,2,raw_distance,0.018518518518518517,0.2,0.2,0.25
538,10,uniform,2,raw_correlation,0.018518518518518517,0.0,0.0,0.017241379310344827
538,10,uniform,2,mf_latent,0.018518518518518517,0.0,0.0,0.045454545454545456
538,10,uniform,2,mf_impute,0.018518518518518517,0.4,0.3,0.5
563,10,uniform,1,random,0.12098765432098765,0.0,0.2,0.125
563,10,uniform,1,popular_group,0.12098765432098765,0.0,0.0,0.002173913043478261
563,10,uniform,1,raw_distance,0.12098765432098765,0.6,0.8,1.0
563,10,uniform,1,raw_correlation,0.12098765432098765,0.6,0.5,1.0
563,10,uniform,1,mf_latent,0.12098765432098765,1.0,0.9,1.0
563,10,uniform,1,mf_impute,0.12098765432098765,1.0,0.9,1.0
563,10,uniform,2,random,0.03827160493827161,0.0,0.0,0.05263157894736842
563,10,uniform,2,popular_group,0.03827160493827161,0.0,0.0,0.002066115702479339
563,10,uniform,2,raw_distance,0.03827160493827161,0.6,0.7,1.0
563,10,uniform,2,raw_correlation,0.03827160493827161,0.6,0.4,1.0
563,10,uniform,2,mf_latent,0.03827160493827161,0.8,0.7,1.0
563,10,uniform,2,mf_impute,0.03827160493827161,1.0,0.8,1.0
570,10,uniform,1,random,0.12098765432098765,0.0,0.0,0.07692307692307693
570,10,uniform,1,popular_group,0.12098765432098765,0.0,0.0,0.002173913043478261
570,10,uniform,1,raw_distance,0.12098765432098765,0.4,0.2,1.0
570,10,uniform,1,raw_correlation,0.12098765432098765,0.2,0.2,0.25
570,10,uniform,1,mf_latent,0.12098765432098765,0.0,0.2,0.1111111111111111
570,10,uniform,1,mf_impute,0.12098765432098765,0.0,0.1,0.16666666666666666
570,10,uniform,2,random,0.03827160493827161,0.0,0.0,0.07692307692307693
570,10,uniform,2,popular_group,0.03827160493827161,0.0,0.0,0.002066115702479339
570,10,uniform,2,raw_distance,0.03827160493827161,0.4,0.2,1.0
570,10,uniform,2,raw_correlation,0.03827160493827161,0.2,0.2,0.25
570,10,uniform,2,mf_latent,0.03827160493827161,0.0,0.2,0.1111111111111111
570,10,uniform,2,mf_impute,0.03827160493827161,0.0,0.0,0.08333333333333333
582,10,uniform,1,random,0.12098765432098765,0.0,0.1,0.125
582,10,uniform,1,popular_group,0.12098765432098765,0.0,0.0,0.002173913043478261
582,10,uniform,1,raw_distance,0.12098765432098765,0.6,0.8,1.0
582,10,uniform,1,raw_correlation,0.12098765432098765,0.2,0.3,0.3333333333333333
582,10,uniform,1,mf_latent,0.12098765432098765,0.6,0.5,0.5
582,10,uniform,1,mf_impute,0.12098765432098765,0.6,0.5,1.0
582,10,uniform,2,random,0.037037037037037035,0.0,0.1,0.125
582,10,uniform,2,popular_group,0.037037037037037035,0.0,0.0,0.001937984496124031
582,10,uniform,2,raw_distance,0.037037037037037035,0.2,0.1,1.0
582,10,uniform,2,raw_correlation,0.037037037037037035,0.2,0.1,0.3333333333333333
582,10,uniform,2,mf_latent,0.037037037037037035,0.2,0.2,0.5
582,10,uniform,2,mf_impute,0.037037037037037035,0.2,0.1,0.25
591,10,uniform,1,random,0.12098765432098765,0.0,0.0,0.058823529411764705
591,10,uniform,1,popular_group,0.12098765432098765,0.0,0.0,0.002173913043478261
591,10,uniform,1,raw_distance,0.12098765432098765,0.6,0.8,1.0
591,10,uniform,1,raw_correlation,0.12098765432098765,1.0,0.9,1.0
591,10,uniform,1,mf_latent,0.12098765432098765,0.8,0.6,0.5
591,10,uniform,1,mf_impute,0.12098765432098765,0.4,0.3,0.25
591,10,uniform,2,random,0.037037037037037035,0.0,0.0,0.038461538461538464
591,10,uniform,2,popular_group,0.037037037037037035,0.0,0.0,0.001937984496124031
591,10,uniform,2,raw_distance,0.037037037037037035,0.6,0.7,1.0
591,10,uniform,2,raw_correlation,0.037037037037037035,1.0,0.9,1.0
591,10,uniform,2,mf_latent,0.037037037037037035,0.8,0.6,0.5
591,10,uniform,2,mf_impute,0.037037037037037035,0.4,0.3,0.25
594,10,uniform,1,random,0.12098765432098765,0.0,0.0,0.05263157894736842
594,10,uniform,1,popular_group,0.12098765432098765,0.0,0.0,0.002173913043478261
594,10,uniform,1,raw_distance,0.12098765432098765,1.0,0.8,1.0
594,10,uniform,1,raw_correlation,0.12098765432098765,1.0,0.7,1.0
594,10,uniform,1,mf_latent,0.12098765432098765,0.6,0.7,0.5
594,10,uniform,1,mf_impute,0.12098765432098765,0.6,0.5,1.0
594,10,uniform,2,random,0.037037037037037035,0.0,0.0,0.018867924528301886
594,10,uniform,2,popular_group,0.037037037037037035,0.0,0.0,0.001937984496124031
594,10,uniform,2,raw_distance,0.037037037037037035,1.0,0.7,1.0
594,10,uniform,2,raw_correlation,0.037037037037037035,1.0,0.7,1.0
594,10,uniform,2,mf_latent,0.037037037037037035,0.0,0.1,0.14285714285714285
594,10,uniform,2,mf_impute,0.037037037037037035,0.0,0.0,0.06666666666666667
596,10,uniform,1,random,0.12098765432098765,0.0,0.2,0.16666666666666666
596,10,uniform,1,popular_group,0.12098765432098765,0.0,0.0,0.002173913043478261
596,10,uniform,1,raw_distance,0.12098765432098765,0.4,0.5,1.0
596,10,uniform,1,raw_correlation,0.12098765432098765,0.6,0.6,1.0
596,10,uniform,1,mf_latent,0.12098765432098765,0.8,0.9,1.0
596,10,uniform,1,mf_impute,0.12098765432098765,0.8,0.8,1.0
596,10,uniform,2,random,0.037037037037037035,0.0,0.1,0.16666666666666666
596,10,uniform,2,popular_group,0.037037037037037035,0.0,0.0,0.001937984496124031
596,10,uniform,2,raw_distance,0.037037037037037035,0.0,0.1,0.1
596,10,uniform,2,raw_correlation,0.037037037037037035,0.2,0.2,0.5
596,10,uniform,2,mf_latent,0.037037037037037035,0.2,0.2,1.0
596,10,uniform,2,mf_impute,0.037037037037037035,0.0,0.0,0.029411764705882353
597,10,uniform,1,random,0.12098765432098765,0.0,0.2,0.14285714285714285
597,10,uniform,1,popular_group,0.12098765432098765,0.0,0.0,0.002173913043478261
597,10,uniform,1,raw_distance,0.12098765432098765,1.0,0.9,1.0
597,10,uniform,1,raw_correlation,0.12098765432098765,1.0,0.9,1.0
597,10,uniform,1,mf_latent,0.12098765432098765,0.0,0.0,0.09090909090909091
597,10,uniform,1,mf_impute,0.12098765432098765,0.0,0.0,0.02631578947368421
597,10,uniform,2,random,0.037037037037037035,0.0,0.1,0.14285714285714285
597,10,uniform,2,popular_group,0.037037037037037035,0.0,0.0,0.001937984496124031
597,10,uniform,2,raw_distance,0.037037037037037035,1.0,0.9,1.0
597,10,uniform,2,raw_correlation,0.037037037037037035,1.0,0.9,1.0
597,10,uniform,2,mf_latent,0.037037037037037035,0.0,0.0,0.09090909090909091
597,10,uniform,2,mf_impute,0.037037037037037035,0.0,0.0,0.024390243902439025
605,10,uniform,1,random,0.12098765432098765,0.2,0.3,0.3333333333333333
605,10,uniform,1,popular_group,0.12098765432098765,0.0,0.0,0.002173913043478261
605,10,uniform,1,raw_distance,0.12098765432098765,0.6,0.6,1.0
605,10,uniform,1,raw_correlation,0.12098765432098765,0.6,0.6,0.5
605,10,uniform,1,mf_latent,0.12098765432098765,0.8,0.6,1.0
605,10,uniform,1,mf_impute,0.12098765432098765,0.4,0.3,0.3333333333333333
605,10,uniform,2,random,0.037037037037037035,0.2,0.2,0.3333333333333333
605,10,uniform,2,popular_group,0.037037037037037035,0.0,0.0,0.001937984496124031
605,10,uniform,2,raw_distance,0.037037037037037035,0.6,0.6,1.0
605,10,uniform,2,raw_correlation,0.037037037037037035,0.6,0.4,0.5
605,10,uniform,2,mf_latent,0.037037037037037035,0.8,0.6,1.0
605,10,uniform,2,mf_impute,0.037037037037037035,0.4,0.3,0.3333333333333333
607,10,uniform,1,random,0.12098765432098765,0.2,0.3,0.2
607,10,uniform,1,popular_group,0.12098765432098765,0.0,0.0,0.002173913043478261
607,10,uniform,1,raw_distance,0.12098765432098765,0.8,0.7,1.0
607,10,uniform,1,raw_correlation,0.12098765432098765,0.6,0.4,1.0
607,10,uniform,1,mf_latent,0.12098765432098765,0.8,0.6,1.0
607,10,uniform,1,mf_impute,0.12098765432098765,0.6,0.4,0.3333333333333333
607,10,uniform,2,random,0.037037037037037035,0.2,0.2,0.2
607,10,uniform,2,popular_group,0.037037037037037035,0.0,0.0,0.001937984496124031
607,10,uniform,2,raw_distance,0.037037037037037035,0.8,0.7,1.0
607,10,uniform,2,raw_correlation,0.037037037037037035,0.6,0.4,1.0
607,10,uniform,2,mf_latent,0.037037037037037035,0.8,0.6,1.0
607,10,uniform,2,mf_impute,0.037037037037037035,0.6,0.4,0.3333333333333333
627,10,uniform,1,random,0.15185185185185185,0.0,0.0,0.06666666666666667
627,10,uniform,1,popular_group,0.15185185185185185,1.0,1.0,1.0
627,10,uniform,1,raw_distance,0.15185185185185185,0.6,0.4,1.0
627,10,uniform,1,raw_correlation,0.15185185185185185,0.6,0.3,1.0
627,10,uniform,1,mf_latent,0.15185185185185185,0.2,0.1,0.25
627,10,uniform,1,mf_impute,0.15185185185185185,0.0,0.1,0.14285714285714285
627,10,uniform,2,random,0.08271604938271605,0.0,0.0,0.058823529411764705
627,10,uniform,2,popular_group,0.08271604938271605,1.0,1.0,1.0
627,10,uniform,2,raw_distance,0.08271604938271605,0.6,0.4,1.0
627,10,uniform,2,raw_correlation,0.08271604938271605,0.6,0.3,1.0
627,10,uniform,2,mf_latent,0.08271604938271605,0.2,0.1,0.25
627,10,uniform,2,mf_impute,0.08271604938271605,0.0,0.1,0.14285714285714285
628,10,uniform,1,random,0.15185185185185185,0.4,0.2,0.3333333333333333
628,10,uniform,1,popular_group,0.15185185185185185,1.0,1.0,1.0
628,10,uniform,1,raw_distance,0.15185185185185185,0.6,0.3,1.0
628,10,uniform,1,raw_correlation,0.15185185185185185,0.2,0.2,0.3333333333333333
628,10,uniform,1,mf_latent,0.15185185185185185,0.2,0.3,0.25
628,10,uniform,1,mf_impute,0.15185185185185185,0.4,0.2,1.0
628,10,uniform,2,random,0.08271604938271605,0.0,0.0,0.047619047619047616
628,10,uniform,2,popular_group,0.08271604938271605,1.0,1.0,1.0
628,10,uniform,2,raw_distance,0.08271604938271605,0.6,0.3,1.0
628,10,uniform,2,raw_correlation,0.08271604938271605,0.2,0.2,0.3333333333333333
628,10,uniform,2,mf_latent,0.08271604938271605,0.2,0.3,0.25
628,10,uniform,2,mf_impute,0.08271604938271605,0.4,0.2,1.0
645,10,uniform,1,random,0.15185185185185185,0.2,0.2,0.25
645,10,uniform,1,popular_group,0.15185185185185185,1.0,1.0,1.0
645,10,uniform,1,raw_distance,0.15185185185185185,0.6,0.3,1.0
645,10,uniform,1,raw_correlation,0.15185185185185185,0.4,0.4,0.5
645,10,uniform,1,mf_latent,0.15185185185185185,0.0,0.0,0.027777777777777776
645,10,uniform,1,mf_impute,0.15185185185185185,0.2,0.1,0.3333333333333333
645,10,uniform,2,random,0.08271604938271605,0.0,0.0,0.07142857142857142
645,10,uniform,2,popular_group,0.08271604938271605,1.0,1.0,1.0
645,10,uniform,2,raw_distance,0.08271604938271605,0.6,0.3,1.0
645,10,uniform,2,raw_correlation,0.08271604938271605,0.2,0.3,0.25
645,10,uniform,2,mf_latent,0.08271604938271605,0.0,0.0,0.027777777777777776
645,10,uniform,2,mf_impute,0.08271604938271605,0.2,0.1,0.3333333333333333
649,10,uniform,1,random,0.15185185185185185,0.0,0.1,0.1111111111111111
649,10,uniform,1,popular_group,0.15185185185185185,1.0,1.0,1.0
649,10,uniform,1,raw_distance,0.15185185185185185,0.8,0.5,1.0
649,10,uniform,1,raw_correlation,0.15185185185185185,0.6,0.5,1.0
649,10,uniform,1,mf_latent,0.15185185185185185,0.0,0.0,0.09090909090909091
649,10,uniform,1,mf_impute,0.15185185185185185,0.0,0.0,0.02702702702702703
649,10,uniform,2,random,0.08271604938271605,0.0,0.0,0.07142857142857142
649,10,uniform,2,popular_group,0.08271604938271605,1.0,1.0,1.0
649,10,uniform,2,raw_distance,0.08271604938271605,0.8,0.5,1.0
649,10,uniform,2,raw_correlation,0.08271604938271605,0.6,0.5,1.0
649,10,uniform,2,mf_latent,0.08271604938271605,0.0,0.0,0.09090909090909091
649,10,uniform,2,mf_impute,0.08271604938271605,0.0,0.0,0.018518518518518517
652,10,uniform,1,random,0.15185185185185185,0.4,0.2,0.5
652,10,uniform,1,popular_group,0.15185185185185185,1.0,1.0,1.0
652,10,uniform,1,raw_distance,0.15185185185185185,0.6,0.8,0.3333333333333333
652,10,uniform,1,raw_correlation,0.15185185185185185,0.8,0.8,1.0
652,10,uniform,1,mf_latent,0.15185185185185185,0.8,0.8,1.0
652,10,uniform,1,mf_impute,0.15185185185185185,1.0,1.0,1.0
652,10,uniform,2,random,0.08271604938271605,0.2,0.1,0.2
652,10,uniform,2,popular_group,0.08271604938271605,1.0,1.0,1.0
652,10,uniform,2,raw_distance,0.08271604938271605,0.4,0.5,0.3333333333333333
652,10,uniform,2,raw_correlation,0.08271604938271605,0.4,0.4,1.0
652,10,uniform,2,mf_latent,0.08271604938271605,0.4,0.4,0.3333333333333333
652,10,uniform,2,mf_impute,0.08271604938271605,0.4,0.4,0.25
654,10,uniform,1,random,0.15185185185185185,0.2,0.1,1.0
654,10,uniform,1,popular_group,0.15185185185185185,1.0,1.0,1.0
654,10,uniform,1,raw_distance,0.15185185185185185,0.4,0.7,0.5
654,10,uniform,1,raw_correlation,0.15185185185185185,0.6,0.7,0.5
654,10,uniform,1,mf_latent,0.15185185185185185,1.0,1.0,1.0
654,10,uniform,1,mf_impute,0.15185185185185185,1.0,1.0,1.0
654,10,uniform,2,random,0.08271604938271605,0.0,0.0,0.0625
654,10,uniform,2,popular_group,0.08271604938271605,1.0,1.0,1.0
654,10,uniform,2,raw_distance,0.08271604938271605,0.4,0.7,0.5
654,10,uniform,2,raw_correlation,0.08271604938271605,0.6,0.7,0.5
654,10,uniform,2,mf_latent,0.08271604938271605,1.0,0.8,1.0
654,10,uniform,2,mf_impute,0.08271604938271605,0.8,0.8,1.0
669,10,uniform,1,random,0.15185185185185185,0.0,0.0,0.07142857142857142
669,10,uniform,1,popular_group,0.15185185185185185,1.0,1.0,1.0
669,10,uniform,1,raw_distance,0.15185185185185185,1.0,0.8,1.0
669,10,uniform,1,raw_correlation,0.15185185185185185,1.0,0.8,1.0
669,10,uniform,1,mf_latent,0.15185185185185185,1.0,0.9,1.0
669,10,uniform,1,mf_impute,0.15185185185185185,1.0,1.0,1.0
669,10,uniform,2,random,0.08271604938271605,0.0,0.0,0.047619047619047616
669,10,uniform,2,popular_group,0.08271604938271605,1.0,1.0,1.0
669,10,uniform,2,raw_distance,0.08271604938271605,1.0,0.8,1.0
669,10,uniform,2,raw_correlation,0.08271604938271605,1.0,0.8,1.0
669,10,uniform,2,mf_latent,0.08271604938271605,0.8,0.7,1.0
669,10,uniform,2,mf_impute,0.08271604938271605,1.0,0.9,1.0
689,10,uniform,1,random,0.15185185185185185,0.2,0.3,1.0
689,10,uniform,1,popular_group,0.15185185185185185,1.0,1.0,1.0
689,10,uniform,1,raw_distance,0.15185185185185185,0.6,0.4,0.5
689,10,uniform,1,raw_correlation,0.15185185185185185,0.4,0.5,0.5
689,10,uniform,1,mf_latent,0.15185185185185185,0.6,0.4,0.5
689,10,uniform,1,mf_impute,0.15185185185185185,0.2,0.2,0.5
689,10,uniform,2,random,0.08271604938271605,0.0,0.1,0.1111111111111111
689,10,uniform,2,popular_group,0.08271604938271605,1.0,1.0,1.0
689,10,uniform,2,raw_distance,0.08271604938271605,0.4,0.2,0.5
689,10,uniform,2,raw_correlation,0.08271604938271605,0.2,0.3,0.5
689,10,uniform,2,mf_latent,0.08271604938271605,0.6,0.3,0.5
689,10,uniform,2,mf_impute,0.08271604938271605,0.2,0.2,0.5
690,10,uniform,1,random,0.15185185185185185,0.4,0.2,0.5
690,10,uniform,1,popular_group,0.15185185185185185,1.0,1.0,1.0
690,10,uniform,1,raw_distance,0.15185185185185185,0.4,0.3,0.25
690,10,uniform,1,raw_correlation,0.15185185185185185,0.4,0.4,0.25
690,10,uniform,1,mf_latent,0.15185185185185185,0.4,0.3,1.0
690,10,uniform,1,mf_impute,0.15185185185185185,0.2,0.3,0.2
690,10,uniform,2,random,0.08271604938271605,0.2,0.1,0.25
690,10,uniform,2,popular_group,0.08271604938271605,1.0,1.0,1.0
690,10,uniform,2,raw_distance,0.08271604938271605,0.4,0.2,0.25
690,10,uniform,2,raw_correlation,0.08271604938271605,0.2,0.3,0.2
690,10,uniform,2,mf_latent,0.08271604938271605,0.4,0.3,1.0
690,10,uniform,2,mf_impute,0.08271604938271605,0.2,0.3,0.2
696,10,uniform,1,random,0.15185185185185185,0.4,0.2,0.3333333333333333
696,10,uniform,1,popular_group,0.15185185185185185,1.0,1.0,1.0
696,10,uniform,1,raw_distance,0.15185185185185185,0.2,0.3,0.3333333333333333
696,10,uniform,1,raw_correlation,0.15185185185185185,0.6,0.6,0.3333333333333333
696,10,uniform,1,mf_latent,0.15185185185185185,0.8,0.9,1.0
696,10,uniform,1,mf_impute,0.15185185185185185,0.8,0.7,1.0
696,10,uniform,2,random,0.08271604938271605,0.4,0.2,0.3333333333333333
696,10,uniform,2,popular_group,0.08271604938271605,1.0,1.0,1.0
696,10,uniform,2,raw_distance,0.08271604938271605,0.2,0.3,0.3333333333333333
696,10,uniform,2,raw_correlation,0.08271604938271605,0.6,0.6,0.3333333333333333
696,10,uniform,2,mf_latent,0.08271604938271605,0.6,0.8,1.0
696,10,uniform,2,mf_impute,0.08271604938271605,0.6,0.6,1.0
700,10,uniform,1,random,0.15185185185185185,0.0,0.2,0.14285714285714285
700,10,uniform,1,popular_group,0.15185185185185185,1.0,1.0,1.0
700,10,uniform,1,raw_distance,0.15185185185185185,0.0,0.1,0.1111111111111111
700,10,uniform,1,raw_correlation,0.15185185185185185,0.8,0.6,0.5
700,10,uniform,1,mf_latent,0.15185185185185185,1.0,1.0,1.0
700,10,uniform,1,mf_impute,0.15185185185185185,0.8,0.7,1.0
700,10,uniform,2,random,0.030864197530864196,0.0,0.1,0.1111111111111111
700,10,uniform,2,popular_group,0.030864197530864196,0.0,0.0,0.0015873015873015873
700,10,uniform,2,raw_distance,0.030864197530864196,0.0,0.0,0.04
700,10,uniform,2,raw_correlation,0.030864197530864196,0.0,0.0,0.06666666666666667
700,10,uniform,2,mf_latent,0.030864197530864196,0.6,0.5,1.0
700,10,uniform,2,mf_impute,0.030864197530864196,0.6,0.3,1.0
701,10,uniform,1,random,0.15185185185185185,0.2,0.3,0.5
701,10,uniform,1,popular_group,0.15185185185185185,1.0,1.0,1.0
701,10,uniform,1,raw_distance,0.15185185185185185,0.8,0.5,1.0
701,10,uniform,1,raw_correlation,0.15185185185185185,0.4,0.4,1.0
701,10,uniform,1,mf_latent,0.15185185185185185,0.0,0.0,0.045454545454545456
701,10,uniform,1,mf_impute,0.15185185185185185,0.0,0.0,0.037037037037037035
701,10,uniform,2,random,0.030864197530864196,0.0,0.0,0.0196078431372549
701,10,uniform,2,popular_group,0.030864197530864196,0.0,0.0,0.0015873015873015873
701,10,uniform,2,raw_distance,0.030864197530864196,0.8,0.5,1.0
701,10,uniform,2,raw_correlation,0.030864197530864196,0.4,0.3,1.0
701,10,uniform,2,mf_latent,0.030864197530864196,0.0,0.0,0.04
701,10,uniform,2,mf_impute,0.030864197530864196,0.0,0.0,0.037037037037037035
726,10,uniform,1,random,0.15185185185185185,0.2,0.4,0.2
726,10,uniform,1,popular_group,0.15185185185185185,1.0,1.0,1.0
726,10,uniform,1,raw_distance,0.15185185185185185,0.4,0.3,0.5
726,10,uniform,1,raw_correlation,0.15185185185185185,0.0,0.2,0.125
726,10,uniform,1,mf_latent,0.15185185185185185,0.8,0.6,1.0
726,10,uniform,1,mf_impute,0.15185185185185185,0.4,0.4,1.0
726,10,uniform,2,random,0.014814814814814815,0.0,0.1,0.14285714285714285
726,10,uniform,2,popular_group,0.014814814814814815,0.0,0.0,0.0015600624024961
726,10,uniform,2,raw_distance,0.014814814814814815,0.2,0.2,0.2
726,10,uniform,2,raw_correlation,0.014814814814814815,0.0,0.2,0.125
726,10,uniform,2,mf_latent,0.014814814814814815,0.6,0.5,1.0
726,10,uniform,2,mf_impute,0.014814814814814815,0.0,0.1,0.125
744,10,uniform,1,random,0.15185185185185185,0.4,0.2,1.0
744,10,uniform,1,popular_group,0.15185185185185185,1.0,1.0,1.0
744,10,uniform,1,raw_distance,0.15185185185185185,0.2,0.2,0.5
744,10,uniform,1,raw_correlation,0.15185185185185185,0.2,0.2,0.25
744,10,uniform,1,mf_latent,0.15185185185185185,0.0,0.2,0.16666666666666666
744,10,uniform,1,mf_impute,0.15185185185185185,0.2,0.1,0.5
744,10,uniform,2,random,0.014814814814814815,0.0,0.0,0.05263157894736842
744,10,uniform,2,popular_group,0.014814814814814815,0.0,0.0,0.0015220700152207
744,10,uniform,2,raw_distance,0.014814814814814815,0.2,0.2,0.5
744,10,uniform,2,raw_correlation,0.014814814814814815,0.2,0.1,0.25
744,10,uniform,2,mf_latent,0.014814814814814815,0.0,0.1,0.1
744,10,uniform,2,mf_impute,0.014814814814814815,0.0,0.0,0.0034129692832764505
749,10,uniform,1,random,0.15185185185185185,0.4,0.2,0.5
749,10,uniform,1,popular_group,0.15185185185185185,1.0,1.0,1.0
749,10,uniform,1,raw_distance,0.15185185185185185,0.2,0.4,1.0
749,10,uniform,1,raw_correlation,0.15185185185185185,0.0,0.0,0.058823529411764705
749,10,uniform,1,mf_latent,0.15185185185185185,0.2,0.2,0.25
749,10,uniform,1,mf_impute,0.15185185185185185,0.0,0.1,0.14285714285714285
749,10,uniform,2,random,0.014814814814814815,0.0,0.0,0.007518796992481203
749,10,uniform,2,popular_group,0.014814814814814815,0.0,0.0,0.0015220700152207
749,10,uniform,2,raw_distance,0.014814814814814815,0.0,0.2,0.1111111111111111
749,10,uniform,2,raw_correlation,0.014814814814814815,0.0,0.0,0.011235955056179775
749,10,uniform,2,mf_latent,0.014814814814814815,0.0,0.0,0.027777777777777776
749,10,uniform,2,mf_impute,0.014814814814814815,0.0,0.0,0.004329004329004329
750,10,uniform,1,random,0.15185185185185185,0.0,0.2,0.125
750,10,uniform,1,popular_group,0.15185185185185185,1.0,1.0,1.0
750,10,uniform,1,raw_distance,0.15185185185185185,0.8,0.9,1.0
750,10,uniform,1,raw_correlation,0.15185185185185185,0.8,0.7,1.0
750,10,uniform,1,mf_latent,0.15185185185185185,0.4,0.6,1.0
750,10,uniform,1,mf_impute,0.15185185185185185,0.8,0.8,1.0
750,10,uniform,2,random,0.014814814814814815,0.0,0.0,0.02040816326530612
750,10,uniform,2,popular_group,0.014814814814814815,0.0,0.0,0.0015220700152207
750,10,uniform,2,raw_distance,0.014814814814814815,0.2,0.1,1.0
750,10,uniform,2,raw_correlation,0.014814814814814815,0.2,0.1,1.0
750,10,uniform,2,mf_latent,0.014814814814814815,0.2,0.1,1.0
750,10,uniform,2,mf_impute,0.014814814814814815,0.2,0.1,0.2
766,10,uniform,1,random,0.03827160493827161,0.2,0.1,0.3333333333333333
766,10,uniform,1,popular_group,0.03827160493827161,0.0,0.0,0.0014727540500736377
766,10,uniform,1,raw_distance,0.03827160493827161,0.2,0.2,1.0
766,10,uniform,1,raw_correlation,0.03827160493827161,0.2,0.1,1.0
766,10,uniform,1,mf_latent,0.03827160493827161,0.2,0.1,0.2
766,10,uniform,1,mf_impute,0.03827160493827161,0.0,0.0,0.03571428571428571
766,10,uniform,2,random,0.006172839506172839,0.0,0.0,0.0196078431372549
766,10,uniform,2,popular_group,0.006172839506172839,0.0,0.0,0.0014285714285714286
766,10,uniform,2,raw_distance,0.006172839506172839,0.2,0.1,1.0
766,10,uniform,2,raw_correlation,0.006172839506172839,0.2,0.1,1.0
766,10,uniform,2,mf_latent,0.006172839506172839,0.0,0.0,0.043478260869565216
766,10,uniform,2,mf_impute,0.006172839506172839,0.0,0.0,0.02631578947368421
772,10,uniform,1,random,0.03827160493827161,0.0,0.0,0.016129032258064516
772,10,uniform,1,popular_group,0.03827160493827161,0.0,0.0,0.0014727540500736377
772,10,uniform,1,raw_distance,0.03827160493827161,0.2,0.2,0.2
772,10,uniform,1,raw_correlation,0.03827160493827161,0.2,0.2,0.2
772,10,uniform,1,mf_latent,0.03827160493827161,0.0,0.0,0.03125
772,10,uniform,1,mf_impute,0.03827160493827161,0.0,0.0,0.006666666666666667
772,10,uniform,2,random,0.008641975308641974,0.0,0.0,0.016129032258064516
772,10,uniform,2,popular_group,0.008641975308641974,0.0,0.0,0.001443001443001443
772,10,uniform,2,raw_distance,0.008641975308641974,0.0,0.1,0.16666666666666666
772,10,uniform,2,raw_correlation,0.008641975308641974,0.0,0.1,0.16666666666666666
772,10,uniform,2,mf_latent,0.008641975308641974,0.0,0.0,0.018867924528301886
772,10,uniform,2,mf_impute,0.008641975308641974,0.0,0.0,0.006666666666666667
794,10,uniform,1,random,0.12469135802469136,0.2,0.2,0.25
794,10,uniform,1,popular_group,0.12469135802469136,0.0,0.0,0.008064516129032258
794,10,uniform,1,raw_distance,0.12469135802469136,1.0,0.7,1.0
794,10,uniform,1,raw_correlation,0.12469135802469136,0.0,0.3,0.16666666666666666
794,10,uniform,1,mf_latent,0.12469135802469136,0.0,0.0,0.07142857142857142
794,10,uniform,1,mf_impute,0.12469135802469136,0.0,0.4,0.16666666666666666
794,10,uniform,2,random,0.014814814814814815,0.0,0.1,0.14285714285714285
794,10,uniform,2,popular_group,0.014814814814814815,0.0,0.0,0.0014184397163120568
794,10,uniform,2,raw_distance,0.014814814814814815,1.0,0.7,1.0
794,10,uniform,2,raw_correlation,0.014814814814814815,0.0,0.3,0.16666666666666666
794,10,uniform,2,mf_latent,0.014814814814814815,0.0,0.0,0.06666666666666667
794,10,uniform,2,mf_impute,0.014814814814814815,0.0,0.4,0.16666666666666666
801,10,uniform,1,random,0.12469135802469136,0.0,0.1,0.16666666666666666
801,10,uniform,1,popular_group,0.12469135802469136,0.0,0.0,0.008064516129032258
801,10,uniform,1,raw_distance,0.12469135802469136,1.0,0.7,1.0
801,10,uniform,1,raw_correlation,0.12469135802469136,1.0,0.7,1.0
801,10,uniform,1,mf_latent,0.12469135802469136,0.2,0.3,0.3333333333333333
801,10,uniform,1,mf_impute,0.12469135802469136,0.0,0.4,0.16666666666666666
801,10,uniform,2,random,0.014814814814814815,0.0,0.0,0.045454545454545456
801,10,uniform,2,popular_group,0.014814814814814815,0.0,0.0,0.0014184397163120568
801,10,uniform,2,raw_distance,0.014814814814814815,1.0,0.7,1.0
801,10,uniform,2,raw_correlation,0.014814814814814815,1.0,0.7,1.0
801,10,uniform,2,mf_latent,0.014814814814814815,0.2,0.3,0.3333333333333333
801,10,uniform,2,mf_impute,0.014814814814814815,0.0,0.4,0.16666666666666666
803,10,uniform,1,random,0.12469135802469136,0.0,0.1,0.14285714285714285
803,10,uniform,1,popular_group,0.12469135802469136,0.0,0.0,0.008064516129032258
803,10,uniform,1,raw_distance,0.12469135802469136,1.0,0.7,1.0
803,10,uniform,1,raw_correlation,0.12469135802469136,0.8,0.7,0.5
803,10,uniform,1,mf_latent,0.12469135802469136,0.6,0.7,1.0
803,10,uniform,1,mf_impute,0.12469135802469136,0.8,0.8,0.5
803,10,uniform,2,random,0.014814814814814815,0.0,0.0,0.06666666666666667
803,10,uniform,2,popular_group,0.014814814814814815,0.0,0.0,0.0014184397163120568
803,10,uniform,2,raw_distance,0.014814814814814815,1.0,0.7,1.0
803,10,uniform,2,raw_correlation,0.014814814814814815,0.8,0.7,0.5
803,10,uniform,2,mf_latent,0.014814814814814815,0.6,0.6,1.0
803,10,uniform,2,mf_impute,0.014814814814814815,0.8,0.8,0.5
830,10,uniform,1,random,0.12469135802469136,0.0,0.1,0.16666666666666666
830,10,uniform,1,popular_group,0.12469135802469136,0.0,0.0,0.008064516129032258
830,10,uniform,1,raw_distance,0.12469135802469136,1.0,1.0,1.0
830,10,uniform,1,raw_correlation,0.12469135802469136,1.0,0.9,1.0
830,10,uniform,1,mf_latent,0.12469135802469136,1.0,0.9,1.0
830,10,uniform,1,mf_impute,0.12469135802469136,1.0,1.0,1.0
830,10,uniform,2,random,0.08271604938271605,0.0,0.1,0.16666666666666666
830,10,uniform,2,popular_group,0.08271604938271605,0.0,0.0,0.014492753623188406
830,10,uniform,2,raw_distance,0.08271604938271605,1.0,1.0,1.0
830,10,uniform,2,raw_correlation,0.08271604938271605,1.0,0.8,1.0
830,10,uniform,2,mf_latent,0.08271604938271605,1.0,0.9,1.0
830,10,uniform,2,mf_impute,0.08271604938271605,1.0,1.0,1.0
837,10,uniform,1,random,0.12469135802469136,0.2,0.1,0.2
837,10,uniform,1,popular_group,0.12469135802469136,0.0,0.0,0.008064516129032258
837,10,uniform,1,raw_distance,0.12469135802469136,0.6,0.7,0.3333333333333333
837,10,uniform,1,raw_correlation,0.12469135802469136,0.6,0.6,0.3333333333333333
837,10,uniform,1,mf_latent,0.12469135802469136,1.0,1.0,1.0
837,10,uniform,1,mf_impute,0.12469135802469136,1.0,0.8,1.0
837,10,uniform,2,random,0.08271604938271605,0.0,0.0,0.05263157894736842
837,10,uniform,2,popular_group,0.08271604938271605,0.0,0.0,0.014492753623188406
837,10,uniform,2,raw_distance,0.08271604938271605,0.6,0.7,0.3333333333333333
837,10,uniform,2,raw_correlation,0.08271604938271605,0.6,0.6,0.3333333333333333
837,10,uniform,2,mf_latent,0.08271604938271605,1.0,1.0,1.0
837,10,uniform,2,mf_impute,0.08271604938271605,0.8,0.6,1.0
842,10,uniform,1,random,0.12469135802469136,0.4,0.2,0.5
842,10,uniform,1,popular_group,0.12469135802469136,0.0,0.0,0.008064516129032258
842,10,uniform,1,raw_distance,0.12469135802469136,0.8,0.9,1.0
842,10,uniform,1,raw_correlation,0.12469135802469136,0.8,0.8,1.0
842,10,uniform,1,mf_latent,0.12469135802469136,0.8,0.9,1.0
842,10,uniform,1,mf_impute,0.12469135802469136,1.0,0.9,1.0
842,10,uniform,2,random,0.08271604938271605,0.4,0.2,0.5
842,10,uniform,2,popular_group,0.08271604938271605,0.0,0.0,0.014492753623188406
842,10,uniform,2,raw_distance,0.08271604938271605,0.8,0.9,1.0
842,10,uniform,2,raw_correlation,0.08271604938271605,0.8,0.7,1.0
842,10,uniform,2,mf_latent,0.08271604938271605,0.8,0.9,1.0
842,10,uniform,2,mf_impute,0.08271604938271605,1.0,0.9,1.0
845,10,uniform,1,random,0.12469135802469136,0.0,0.0,0.0625
845,10,uniform,1,popular_group,0.12469135802469136,0.0,0.0,0.008064516129032258
845,10,uniform,1,raw_distance,0.12469135802469136,1.0,0.9,1.0
845,10,uniform,1,raw_correlation,0.12469135802469136,1.0,1.0,1.0
845,10,uniform,1,mf_latent,0.12469135802469136,1.0,0.9,1.0
845,10,uniform,1,mf_impute,0.12469135802469136,0.8,0.6,1.0
845,10,uniform,2,random,0.08271604938271605,0.0,0.0,0.034482758620689655
845,10,uniform,2,popular_group,0.08271604938271605,0.0,0.0,0.014492753623188406
845,10,uniform,2,raw_distance,0.08271604938271605,1.0,0.9,1.0
845,10,uniform,2,raw_correlation,0.08271604938271605,1.0,1.0,1.0
845,10,uniform,2,mf_latent,0.08271604938271605,1.0,0.8,1.0
845,10,uniform,2,mf_impute,0.08271604938271605,0.4,0.4,0.5
868,10,uniform,1,random,0.12469135802469136,0.2,0.1,1.0
868,10,uniform,1,popular_group,0.12469135802469136,0.0,0.0,0.008064516129032258
868,10,uniform,1,raw_distance,0.12469135802469136,1.0,0.8,1.0
868,10,uniform,1,raw_correlation,0.12469135802469136,0.6,0.3,1.0
868,10,uniform,1,mf_latent,0.12469135802469136,1.0,1.0,1.0
868,10,uniform,1,mf_impute,0.12469135802469136,0.8,0.9,1.0
868,10,uniform,2,random,0.08271604938271605,0.2,0.1,1.0
868,10,uniform,2,popular_group,0.08271604938271605,0.0,0.0,0.014492753623188406
868,10,uniform,2,raw_distance,0.08271604938271605,1.0,0.8,1.0
868,10,uniform,2,raw_correlation,0.08271604938271605,0.4,0.2,1.0
868,10,uniform,2,mf_latent,0.08271604938271605,1.0,1.0,1.0
868,10,uniform,2,mf_impute,0.08271604938271605,0.8,0.9,1.0
871,10,uniform,1,random,0.12469135802469136,0.0,0.0,0.0625
871,10,uniform,1,popular_group,0.12469135802469136,0.0,0.0,0.008064516129032258
871,10,uniform,1,raw_distance,0.12469135802469136,1.0,0.8,1.0
871,10,uniform,1,raw_correlation,0.12469135802469136,1.0,0.9,1.0
871,10,uniform,1,mf_latent,0.12469135802469136,1.0,0.9,1.0
871,10,uniform,1,mf_impute,0.12469135802469136,0.6,0.5,1.0
871,10,uniform,2,random,0.08271604938271605,0.0,0.0,0.0625
871,10,uniform,2,popular_group,0.08271604938271605,0.0,0.0,0.014492753623188406
871,10,uniform,2,raw_distance,0.08271604938271605,1.0,0.8,1.0
871,10,uniform,2,raw_correlation,0.08271604938271605,1.0,0.8,1.0
871,10,uniform,2,mf_latent,0.08271604938271605,0.6,0.7,0.5
871,10,uniform,2,mf_impute,0.08271604938271605,0.6,0.4,1.0
880,10,uniform,1,random,0.12469135802469136,0.0,0.1,0.16666666666666666
880,10,uniform,1,popular_group,0.12469135802469136,0.0,0.0,0.008064516129032258
880,10,uniform,1,raw_distance,0.12469135802469136,0.0,0.2,0.1111111111111111
880,10,uniform,1,raw_correlation,0.12469135802469136,0.0,0.2,0.1111111111111111
880,10,uniform,1,mf_latent,0.12469135802469136,0.0,0.0,0.07142857142857142
880,10,uniform,1,mf_impute,0.12469135802469136,0.0,0.0,0.05263157894736842
880,10,uniform,2,random,0.08271604938271605,0.0,0.1,0.16666666666666666
880,10,uniform,2,popular_group,0.08271604938271605,0.0,0.0,0.014492753623188406
880,10,uniform,2,raw_distance,0.08271604938271605,0.0,0.2,0.1111111111111111
880,10,uniform,2,raw_correlation,0.08271604938271605,0.0,0.2,0.1111111111111111
880,10,uniform,2,mf_latent,0.08271604938271605,0.0,0.0,0.07142857142857142
880,10,uniform,2,mf_impute,0.08271604938271605,0.0,0.0,0.05263157894736842
881,10,uniform,1,random,0.12469135802469136,0.2,0.2,1.0
881,10,uniform,1,popular_group,0.12469135802469136,0.0,0.0,0.008064516129032258
881,10,uniform,1,raw_distance,0.12469135802469136,0.6,0.7,1.0
881,10,uniform,1,raw_correlation,0.12469135802469136,0.4,0.5,1.0
881,10,uniform,1,mf_latent,0.12469135802469136,0.4,0.6,1.0
881,10,uniform,1,mf_impute,0.12469135802469136,1.0,0.8,1.0
881,10,uniform,2,random,0.08271604938271605,0.0,0.1,0.125
881,10,uniform,2,popular_group,0.08271604938271605,0.0,0.0,0.014492753623188406
881,10,uniform,2,raw_distance,0.08271604938271605,0.6,0.7,1.0
881,10,uniform,2,raw_correlation,0.08271604938271605,0.4,0.5,1.0
881,10,uniform,2,mf_latent,0.08271604938271605,0.4,0.5,1.0
881,10,uniform,2,mf_impute,0.08271604938271605,1.0,0.8,1.0
895,10,uniform,1,random,0.12469135802469136,0.0,0.1,0.16666666666666666
895,10,uniform,1,popular_group,0.12469135802469136,0.0,0.0,0.008064516129032258
895,10,uniform,1,raw_distance,0.12469135802469136,0.8,0.9,1.0
895,10,uniform,1,raw_correlation,0.12469135802469136,0.8,0.8,1.0
895,10,uniform,1,mf_latent,0.12469135802469136,0.8,0.8,1.0
895,10,uniform,1,mf_impute,0.12469135802469136,1.0,0.9,1.0
895,10,uniform,2,random,0.013580246913580247,0.0,0.0,0.015873015873015872
895,10,uniform,2,popular_group,0.013580246913580247,0.0,0.0,0.014705882352941176
895,10,uniform,2,raw_distance,0.013580246913580247,0.4,0.2,1.0
895,10,uniform,2,raw_correlation,0.013580246913580247,0.4,0.2,1.0
895,10,uniform,2,mf_latent,0.013580246913580247,0.4,0.2,1.0
895,10,uniform,2,mf_impute,0.013580246913580247,0.4,0.2,1.0
37,20,uniform,1,random,0.10617283950617284,0.0,0.1,0.1
37,20,uniform,1,popular_group,0.10617283950617284,0.0,0.0,0.007142857142857143
37,20,uniform,1,raw_distance,0.10617283950617284,1.0,0.7,1.0
37,20,uniform,1,raw_correlation,0.10617283950617284,1.0,0.8,1.0
37,20,uniform,1,mf_latent,0.10617283950617284,0.6,0.4,1.0
37,20,uniform,1,mf_impute,0.10617283950617284,0.6,0.3,1.0
37,20,uniform,2,random,0.02345679012345679,0.0,0.0,0.058823529411764705
37,20,uniform,2,popular_group,0.02345679012345679,0.0,0.0,0.0016501650165016502
37,20,uniform,2,raw_distance,0.02345679012345679,0.6,0.4,1.0
37,20,uniform,2,raw_correlation,0.02345679012345679,0.6,0.4,1.0
37,20,uniform,2,mf_latent,0.02345679012345679,0.2,0.2,1.0
37,20,uniform,2,mf_impute,0.02345679012345679,0.0,0.0,0.07142857142857142
53,20,uniform,1,random,0.10617283950617284,0.4,0.2,0.3333333333333333
53,20,uniform,1,popular_group,0.10617283950617284,0.0,0.0,0.007142857142857143
53,20,uniform,1,raw_distance,0.10617283950617284,0.4,0.7,1.0
53,20,uniform,1,raw_correlation,0.10617283950617284,0.6,0.6,0.5
53,20,uniform,1,mf_latent,0.10617283950617284,1.0,1.0,1.0
53,20,uniform,1,mf_impute,0.10617283950617284,0.6,0.7,1.0
53,20,uniform,2,random,0.02345679012345679,0.0,0.0,0.03225806451612903
53,20,uniform,2,popular_group,0.02345679012345679,0.0,0.0,0.0016501650165016502
53,20,uniform,2,raw_distance,0.02345679012345679,0.0,0.4,0.16666666666666666
53,20,uniform,2,raw_correlation,0.02345679012345679,0.0,0.0,0.07142857142857142
53,20,uniform,2,mf_latent,0.02345679012345679,0.2,0.4,0.25
53,20,uniform,2,mf_impute,0.02345679012345679,0.2,0.2,1.0
58,20,uniform,1,random,0.10617283950617284,0.0,0.0,0.08333333333333333
58,20,uniform,1,popular_group,0.10617283950617284,0.0,0.0,0.007142857142857143
58,20,uniform,1,raw_distance,0.10617283950617284,1.0,0.7,1.0
58,20,uniform,1,raw_correlation,0.10617283950617284,0.2,0.3,0.25
58,20,uniform,1,mf_latent,0.10617283950617284,0.6,0.6,0.3333333333333333
58,20,uniform,1,mf_impute,0.10617283950617284,0.8,0.8,0.5
58,20,uniform,2,random,0.02345679012345679,0.0,0.0,0.01282051282051282
58,20,uniform,2,popular_group,0.02345679012345679,0.0,0.0,0.0016501650165016502
58,20,uniform,2,raw_distance,0.02345679012345679,0.4,0.3,1.0
58,20,uniform,2,raw_correlation,0.02345679012345679,0.2,0.2,0.25
58,20,uniform,2,mf_latent,0.02345679012345679,0.0,0.1,0.16666666666666666
58,20,uniform,2,mf_impute,0.02345679012345679,0.2,0.3,0.5
67,20,uniform,1,random,0.10617283950617284,0.4,0.3,0.3333333333333333
67,20,uniform,1,popular_group,0.10617283950617284,0.0,0.0,0.007142857142857143
67,20,uniform,1,raw_distance,0.10617283950617284,0.8,0.7,1.0
67,20,uniform,1,raw_correlation,0.10617283950617284,0.6,0.4,1.0
67,20,uniform,1,mf_latent,0.10617283950617284,1.0,1.0,1.0
67,20,uniform,1,mf_impute,0.10617283950617284,0.8,0.6,1.0
67,20,uniform,2,random,0.011111111111111112,0.0,0.0,0.045454545454545456
67,20,uniform,2,popular_group,0.011111111111111112,0.0,0.0,0.0016750418760469012
67,20,uniform,2,raw_distance,0.011111111111111112,0.2,0.1,1.0
67,20,uniform,2,raw_correlation,0.011111111111111112,0.2,0.1,1.0
67,20,uniform,2,mf_latent,0.011111111111111112,0.2,0.1,0.25
67,20,uniform,2,mf_impute,0.011111111111111112,0.0,0.0,0.037037037037037035
70,20,uniform,1,random,0.10617283950617284,0.2,0.2,0.2
70,20,uniform,1,popular_group,0.10617283950617284,0.0,0.0,0.007142857142857143
70,20,uniform,1,raw_distance,0.10617283950617284,0.6,0.5,1.0
70,20,uniform,1,raw_correlation,0.10617283950617284,0.2,0.1,1.0
70,20,uniform,1,mf_latent,0.10617283950617284,0.4,0.6,1.0
70,20,uniform,1,mf_impute,0.10617283950617284,0.2,0.1,0.2
70,20,uniform,2,random,0.03333333333333333,0.2,0.1,0.2
70,20,uniform,2,popular_group,0.03333333333333333,0.0,0.0,0.0017605633802816902
70,20,uniform,2,raw_distance,0.03333333333333333,0.6,0.5,1.0
70,20,uniform,2,raw_correlation,0.03333333333333333,0.2,0.1,1.0
70,20,uniform,2,mf_latent,0.03333333333333333,0.2,0.4,1.0
70,20,uniform,2,mf_impute,0.03333333333333333,0.0,0.0,0.0625
72,20,uniform,1,random,0.10617283950617284,0.0,0.1,0.16666666666666666
72,20,uniform,1,popular_group,0.10617283950617284,0.0,0.0,0.007142857142857143
72,20,uniform,1,raw_distance,0.10617283950617284,1.0,0.9,1.0
72,20,uniform,1,raw_correlation,0.10617283950617284,1.0,1.0,1.0
72,20,uniform,1,mf_latent,0.10617283950617284,1.0,1.0,1.0
72,20,uniform,1,mf_impute,0.10617283950617284,1.0,0.8,1.0
72,20,uniform,2,random,0.03333333333333333,0.0,0.1,0.16666666666666666
72,20,uniform,2,popular_group,0.03333333333333333,0.0,0.0,0.0017605633802816902
72,20,uniform,2,raw_distance,0.03333333333333333,1.0,0.6,1.0
72,20,uniform,2,raw_correlation,0.03333333333333333,0.6,0.7,0.5
72,20,uniform,2,mf_latent,0.03333333333333333,0.4,0.5,0.5
72,20,uniform,2,mf_impute,0.03333333333333333,0.4,0.4,1.0
77,20,uniform,1,random,0.10617283950617284,0.2,0.3,0.5
77,20,uniform,1,popular_group,0.10617283950617284,0.0,0.0,0.007142857142857143
77,20,uniform,1,raw_distance,0.10617283950617284,0.8,0.6,1.0
77,20,uniform,1,raw_correlation,0.10617283950617284,0.2,0.3,0.3333333333333333
77,20,uniform,1,mf_latent,0.10617283950617284,0.6,0.5,0.3333333333333333
77,20,uniform,1,mf_impute,0.10617283950617284,0.6,0.3,0.5
77,20,uniform,2,random,0.03333333333333333,0.2,0.3,0.5
77,20,uniform,2,popular_group,0.03333333333333333,0.0,0.0,0.0017605633802816902
77,20,uniform,2,raw_distance,0.03333333333333333,0.4,0.2,0.3333333333333333
77,20,uniform,2,raw_correlation,0.03333333333333333,0.0,0.0,0.0625
77,20,uniform,2,mf_latent,0.03333333333333333,0.0,0.2,0.14285714285714285
77,20,uniform,2,mf_impute,0.03333333333333333,0.2,0.1,0.25
87,20,uniform,1,random,0.10617283950617284,0.0,0.1,0.14285714285714285
87,20,uniform,1,popular_group,0.10617283950617284,0.0,0.0,0.007142857142857143
87,20,uniform,1,raw_distance,0.10617283950617284,0.2,0.2,0.25
87,20,uniform,1,raw_correlation,0.10617283950617284,0.0,0.0,0.041666666666666664
87,20,uniform,1,mf_latent,0.10617283950617284,0.0,0.0,0.09090909090909091
87,20,uniform,1,mf_impute,0.10617283950617284,0.0,0.0,0.023809523809523808
87,20,uniform,2,random,0.03333333333333333,0.0,0.0,0.043478260869565216
87,20,uniform,2,popular_group,0.03333333333333333,0.0,0.0,0.0017605633802816902
87,20,uniform,2,raw_distance,0.03333333333333333,0.2,0.2,0.25
87,20,uniform,2,raw_correlation,0.03333333333333333,0.0,0.0,0.041666666666666664
87,20,uniform,2,mf_latent,0.03333333333333333,0.0,0.0,0.09090909090909091
87,20,uniform,2,mf_impute,0.03333333333333333,0.0,0.0,0.023809523809523808
106,20,uniform,1,random,0.1259259259259259,0.0,0.1,0.16666666666666666
106,20,uniform,1,popular_group,0.1259259259259259,0.0,0.0,0.00641025641025641
106,20,uniform,1,raw_distance,0.1259259259259259,0.6,0.6,1.0
106,20,uniform,1,raw_correlation,0.1259259259259259,0.8,0.8,1.0
106,20,uniform,1,mf_latent,0.1259259259259259,0.8,0.8,1.0
106,20,uniform,1,mf_impute,0.1259259259259259,0.8,0.7,1.0
106,20,uniform,2,random,0.05432098765432099,0.0,0.1,0.16666666666666666
106,20,uniform,2,popular_group,0.05432098765432099,0.0,0.0,0.01
106,20,uniform,2,raw_distance,0.05432098765432099,0.6,0.5,1.0
106,20,uniform,2,raw_correlation,0.05432098765432099,0.8,0.8,1.0
106,20,uniform,2,mf_latent,0.05432098765432099,0.8,0.8,1.0
106,20,uniform,2,mf_impute,0.05432098765432099,0.8,0.7,1.0
114,20,uniform,1,random,0.1259259259259259,0.2,0.2,0.25
114,20,uniform,1,popular_group,0.1259259259259259,0.0,0.0,0.00641025641025641
114,20,uniform,1,raw_distance,0.1259259259259259,1.0,0.9,1.0
114,20,uniform,1,raw_correlation,0.1259259259259259,1.0,1.0,1.0
114,20,uniform,1,mf_latent,0.1259259259259259,1.0,1.0,1.0
114,20,uniform,1,mf_impute,0.1259259259259259,1.0,1.0,1.0
114,20,uniform,2,random,0.05432098765432099,0.2,0.2,0.25
114,20,uniform,2,popular_group,0.05432098765432099,0.0,0.0,0.01
114,20,uniform,2,raw_distance,0.05432098765432099,1.0,0.9,1.0
114,20,uniform,2,raw_correlation,0.05432098765432099,1.0,1.0,1.0
114,20,uniform,2,mf_latent,0.05432098765432099,1.0,1.0,1.0
114,20,uniform,2,mf_impute,0.05432098765432099,1.0,1.0,1.0
133,20,uniform,1,random,0.1259259259259259,0.0,0.0,0.043478260869565216
133,20,uniform,1,popular_group,0.1259259259259259,0.0,0.0,0.00641025641025641
133,20,uniform,1,raw_distance,0.1259259259259259,0.4,0.3,0.5
133,20,uniform,1,raw_correlation,0.1259259259259259,0.6,0.5,1.0
133,20,uniform,1,mf_latent,0.1259259259259259,0.4,0.3,0.5
133,20,uniform,1,mf_impute,0.1259259259259259,0.4,0.3,0.25
133,20,uniform,2,random,0.05432098765432099,0.0,0.0,0.043478260869565216
133,20,uniform,2,popular_group,0.05432098765432099,0.0,0.0,0.01
133,20,uniform,2,raw_distance,0.05432098765432099,0.4,0.3,0.5
133,20,uniform,2,raw_correlation,0.05432098765432099,0.4,0.4,1.0
133,20,uniform,2,mf_latent,0.05432098765432099,0.4,0.3,0.5
133,20,uniform,2,mf_impute,0.05432098765432099,0.4,0.3,0.25
140,20,uniform,1,random,0.1259259259259259,0.0,0.0,0.05
140,20,uniform,1,popular_group,0.1259259259259259,0.0,0.0,0.00641025641025641
140,20,uniform,1,raw_distance,0.1259259259259259,1.0,1.0,1.0
140,20,uniform,1,raw_correlation,0.1259259259259259,1.0,1.0,1.0
140,20,uniform,1,mf_latent,0.1259259259259259,1.0,1.0,1.0
140,20,uniform,1,mf_impute,0.1259259259259259,1.0,1.0,1.0
140,20,uniform,2,random,0.05432098765432099,0.0,0.0,0.029411764705882353
140,20,uniform,2,popular_group,0.05432098765432099,0.0,0.0,0.01
140,20,uniform,2,raw_distance,0.05432098765432099,1.0,0.9,1.0
140,20,uniform,2,raw_correlation,0.05432098765432099,0.8,0.8,1.0
140,20,uniform,2,mf_latent,0.05432098765432099,0.6,0.8,1.0
140,20,uniform,2,mf_impute,0.05432098765432099,1.0,1.0,1.0
143,20,uniform,1,random,0.1259259259259259,0.0,0.0,0.08333333333333333
143,20,uniform,1,popular_group,0.1259259259259259,0.0,0.0,0.00641025641025641
143,20,uniform,1,raw_distance,0.1259259259259259,1.0,1.0,1.0
143,20,uniform,1,raw_correlation,0.1259259259259259,1.0,1.0,1.0
143,20,uniform,1,mf_latent,0.1259259259259259,1.0,1.0,1.0
143,20,uniform,1,mf_impute,0.1259259259259259,1.0,1.0,1.0
143,20,uniform,2,random,0.05432098765432099,0.0,0.0,0.08333333333333333
143,20,uniform,2,popular_group,0.05432098765432099,0.0,0.0,0.01
143,20,uniform,2,raw_distance,0.05432098765432099,1.0,1.0,1.0
143,20,uniform,2,raw_correlation,0.05432098765432099,1.0,1.0,1.0
143,20,uniform,2,mf_latent,0.05432098765432099,1.0,1.0,1.0
143,20,uniform,2,mf_impute,0.05432098765432099,1.0,1.0,1.0
152,20,uniform,1,random,0.1259259259259259,0.0,0.1,0.125
152,20,uniform,1,popular_group,0.1259259259259259,0.0,0.0,0.00641025641025641
152,20,uniform,1,raw_distance,0.1259259259259259,1.0,1.0,1.0
152,20,uniform,1,raw_correlation,0.1259259259259259,1.0,1.0,1.0
152,20,uniform,1,mf_latent,0.1259259259259259,1.0,1.0,1.0
152,20,uniform,1,mf_impute,0.1259259259259259,1.0,1.0,1.0
152,20,uniform,2,random,0.05432098765432099,0.0,0.0,0.09090909090909091
152,20,uniform,2,popular_group,0.05432098765432099,0.0,0.0,0.01
152,20,uniform,2,raw_distance,0.05432098765432099,1.0,1.0,1.0
152,20,uniform,2,raw_correlation,0.05432098765432099,1.0,1.0,1.0
152,20,uniform,2,mf_latent,0.05432098765432099,1.0,1.0,1.0
152,20,uniform,2,mf_impute,0.05432098765432099,1.0,1.0,1.0
165,20,uniform,1,random,0.1259259259259259,0.4,0.3,0.25
165,20,uniform,1,popular_group,0.1259259259259259,0.0,0.0,0.00641025641025641
165,20,uniform,1,raw_distance,0.1259259259259259,0.8,0.7,1.0
165,20,uniform,1,raw_correlation,0.1259259259259259,0.6,0.6,1.0
165,20,uniform,1,mf_latent,0.1259259259259259,0.6,0.3,0.5
165,20,uniform,1,mf_impute,0.1259259259259259,0.6,0.3,1.0
165,20,uniform,2,random,0.06666666666666667,0.4,0.3,0.25
165,20,uniform,2,popular_group,0.06666666666666667,0.0,0.0,0.007575757575757576
165,20,uniform,2,raw_distance,0.06666666666666667,0.8,0.7,1.0
165,20,uniform,2,raw_correlation,0.06666666666666667,0.6,0.6,1.0
165,20,uniform,2,mf_latent,0.06666666666666667,0.6,0.3,0.5
165,20,uniform,2,mf_impute,0.06666666666666667,0.6,0.3,1.0
167,20,uniform,1,random,0.1259259259259259,0.2,0.3,0.5
167,20,uniform,1,popular_group,0.1259259259259259,0.0,0.0,0.00641025641025641
167,20,uniform,1,raw_distance,0.1259259259259259,0.0,0.0,0.037037037037037035
167,20,uniform,1,raw_correlation,0.1259259259259259,0.0,0.0,0.011904761904761904
167,20,uniform,1,mf_latent,0.1259259259259259,0.0,0.0,0.009900990099009901
167,20,uniform,1,mf_impute,0.1259259259259259,0.0,0.0,0.010638297872340425
167,20,uniform,2,random,0.06666666666666667,0.0,0.1,0.1
167,20,uniform,2,popular_group,0.06666666666666667,0.0,0.0,0.007575757575757576
167,20,uniform,2,raw_distance,0.06666666666666667,0.0,0.0,0.037037037037037035
167,20,uniform,2,raw_correlation,0.06666666666666667,0.0,0.0,0.011904761904761904
167,20,uniform,2,mf_latent,0.06666666666666667,0.0,0.0,0.009900990099009901
167,20,uniform,2,mf_impute,0.06666666666666667,0.0,0.0,0.010638297872340425
191,20,uniform,1,random,0.1259259259259259,0.0,0.1,0.16666666666666666
191,20,uniform,1,popular_group,0.1259259259259259,0.0,0.0,0.00641025641025641
191,20,uniform,1,raw_distance,0.1259259259259259,0.4,0.5,0.25
191,20,uniform,1,raw_correlation,0.1259259259259259,0.2,0.1,0.5
191,20,uniform,1,mf_latent,0.1259259259259259,0.4,0.2,1.0
191,20,uniform,1,mf_impute,0.1259259259259259,0.2,0.3,0.25
191,20,uniform,2,random,0.06666666666666667,0.0,0.0,0.058823529411764705
191,20,uniform,2,popular_group,0.06666666666666667,0.0,0.0,0.007575757575757576
191,20,uniform,2,raw_distance,0.06666666666666667,0.4,0.5,0.25
191,20,uniform,2,raw_correlation,0.06666666666666667,0.0,0.0,0.08333333333333333
191,20,uniform,2,mf_latent,0.06666666666666667,0.2,0.1,0.5
191,20,uniform,2,mf_impute,0.06666666666666667,0.0,0.2,0.14285714285714285
201,20,uniform,1,random,0.1259259259259259,0.0,0.0,0.07692307692307693
201,20,uniform,1,popular_group,0.1259259259259259,0.0,0.0,0.00641025641025641
201,20,uniform,1,raw_distance,0.1259259259259259,1.0,0.8,1.0
201,20,uniform,1,raw_correlation,0.1259259259259259,1.0,0.9,1.0
201,20,uniform,1,mf_latent,0.1259259259259259,1.0,1.0,1.0
201,20,uniform,1,mf_impute,0.1259259259259259,1.0,1.0,1.0
201,20,uniform,2,random,0.06666666666666667,0.0,0.0,0.04
201,20,uniform,2,popular_group,0.06666666666666667,0.0,0.0,0.007575757575757576
201,20,uniform,2,raw_distance,0.06666666666666667,1.0,0.8,1.0
201,20,uniform,2,raw_correlation,0.06666666666666667,0.6,0.5,1.0
201,20,uniform,2,mf_latent,0.06666666666666667,0.4,0.3,1.0
201,20,uniform,2,mf_impute,0.06666666666666667,1.0,1.0,1.0
234,20,uniform,1,random,0.12345679012345678,0.2,0.2,0.25
234,20,uniform,1,popular_group,0.12345679012345678,0.0,0.0,0.004901960784313725
234,20,uniform,1,raw_distance,0.12345679012345678,0.8,0.8,1.0
234,20,uniform,1,raw_correlation,0.12345679012345678,1.0,1.0,1.0
234,20,uniform,1,mf_latent,0.12345679012345678,1.0,1.0,1.0
234,20,uniform,1,mf_impute,0.12345679012345678,1.0,1.0,1.0
234,20,uniform,2,random,0.0654320987654321,0.2,0.2,0.25
234,20,uniform,2,popular_group,0.0654320987654321,0.0,0.0,0.00510204081632653
234,20,uniform,2,raw_distance,0.0654320987654321,0.8,0.8,1.0
234,20,uniform,2,raw_correlation,0.0654320987654321,1.0,1.0,1.0
234,20,uniform,2,mf_latent,0.0654320987654321,1.0,1.0,1.0
234,20,uniform,2,mf_impute,0.0654320987654321,1.0,1.0,1.0
280,20,uniform,1,random,0.12345679012345678,0.0,0.1,0.125
280,20,uniform,1,popular_group,0.12345679012345678,0.0,0.0,0.004901960784313725
280,20,uniform,1,raw_distance,0.12345679012345678,0.8,0.6,1.0
280,20,uniform,1,raw_correlation,0.12345679012345678,1.0,0.6,1.0
280,20,uniform,1,mf_latent,0.12345679012345678,0.2,0.2,0.3333333333333333
280,20,uniform,1,mf_impute,0.12345679012345678,0.2,0.2,0.25
280,20,uniform,2,random,0.043209876543209874,0.0,0.1,0.125
280,20,uniform,2,popular_group,0.043209876543209874,0.0,0.0,0.004098360655737705
280,20,uniform,2,raw_distance,0.043209876543209874,0.8,0.5,1.0
280,20,uniform,2,raw_correlation,0.043209876543209874,0.6,0.4,1.0
280,20,uniform,2,mf_latent,0.043209876543209874,0.2,0.1,0.3333333333333333
280,20,uniform,2,mf_impute,0.043209876543209874,0.2,0.1,0.25
285,20,uniform,1,random,0.12345679012345678,0.2,0.1,0.2
285,20,uniform,1,popular_group,0.12345679012345678,0.0,0.0,0.004901960784313725
285,20,uniform,1,raw_distance,0.12345679012345678,1.0,0.9,1.0
285,20,uniform,1,raw_correlation,0.12345679012345678,1.0,0.9,1.0
285,20,uniform,1,mf_latent,0.12345679012345678,1.0,1.0,1.0
285,20,uniform,1,mf_impute,0.12345679012345678,1.0,1.0,1.0
285,20,uniform,2,random,0.043209876543209874,0.0,0.0,0.017543859649122806
285,20,uniform,2,popular_group,0.043209876543209874,0.0,0.0,0.004098360655737705
285,20,uniform,2,raw_distance,0.043209876543209874,1.0,0.9,1.0
285,20,uniform,2,raw_correlation,0.043209876543209874,1.0,0.8,1.0
285,20,uniform,2,mf_latent,0.043209876543209874,0.8,0.8,1.0
285,20,uniform,2,mf_impute,0.043209876543209874,0.6,0.6,1.0
292,20,uniform,1,random,0.12345679012345678,0.2,0.1,0.25
292,20,uniform,1,popular_group,0.12345679012345678,0.0,0.0,0.004901960784313725
292,20,uniform,1,raw_distance,0.12345679012345678,0.2,0.1,0.2
292,20,uniform,1,raw_correlation,0.12345679012345678,0.4,0.3,0.3333333333333333
292,20,uniform,1,mf_latent,0.12345679012345678,0.0,0.0,0.04
292,20,uniform,1,mf_impute,0.12345679012345678,1.0,0.9,1.0
292,20,uniform,2,random,0.043209876543209874,0.0,0.0,0.02631578947368421
292,20,uniform,2,popular_group,0.043209876543209874,0.0,0.0,0.004098360655737705
292,20,uniform,2,raw_distance,0.043209876543209874,0.2,0.1,0.2
292,20,uniform,2,raw_correlation,0.043209876543209874,0.0,0.1,0.1111111111111111
292,20,uniform,2,mf_latent,0.043209876543209874,0.0,0.0,0.007692307692307693
292,20,uniform,2,mf_impute,0.043209876543209874,0.0,0.0,0.04
302,20,uniform,1,random,0.12345679012345678,0.0,0.0,0.058823529411764705
302,20,uniform,1,popular_group,0.12345679012345678,0.0,0.0,0.004901960784313725
302,20,uniform,1,raw_distance,0.12345679012345678,1.0,0.8,1.0
302,20,uniform,1,raw_correlation,0.12345679012345678,1.0,0.9,1.0
302,20,uniform,1,mf_latent,0.12345679012345678,0.4,0.4,0.5
302,20,uniform,1,mf_impute,0.12345679012345678,0.6,0.4,0.5
302,20,uniform,2,random,0.043209876543209874,0.0,0.0,0.043478260869565216
302,20,uniform,2,popular_group,0.043209876543209874,0.0,0.0,0.004098360655737705
302,20,uniform,2,raw_distance,0.043209876543209874,1.0,0.8,1.0
302,20,uniform,2,raw_correlation,0.043209876543209874,0.8,0.5,1.0
302,20,uniform,2,mf_latent,0.043209876543209874,0.0,0.1,0.14285714285714285
302,20,uniform,2,mf_impute,0.043209876543209874,0.2,0.1,0.3333333333333333
308,20,uniform,1,random,0.12345679012345678,0.0,0.2,0.14285714285714285
308,20,uniform,1,popular_group,0.12345679012345678,0.0,0.0,0.004901960784313725
308,20,uniform,1,raw_distance,0.12345679012345678,1.0,0.9,1.0
308,20,uniform,1,raw_correlation,0.12345679012345678,1.0,1.0,1.0
308,20,uniform,1,mf_latent,0.12345679012345678,1.0,1.0,1.0
308,20,uniform,1,mf_impute,0.12345679012345678,1.0,1.0,1.0
308,20,uniform,2,random,0.013580246913580247,0.0,0.0,0.015625
308,20,uniform,2,popular_group,0.013580246913580247,0.0,0.0,0.0036231884057971015
308,20,uniform,2,raw_distance,0.013580246913580247,0.2,0.2,0.2
308,20,uniform,2,raw_correlation,0.013580246913580247,0.0,0.0,0.07692307692307693
308,20,uniform,2,mf_latent,0.013580246913580247,0.2,0.3,1.0
308,20,uniform,2,mf_impute,0.013580246913580247,0.0,0.1,0.1111111111111111
314,20,uniform,1,random,0.12345679012345678,0.2,0.1,0.2
314,20,uniform,1,popular_group,0.12345679012345678,0.0,0.0,0.004901960784313725
314,20,uniform,1,raw_distance,0.12345679012345678,0.8,0.6,1.0
314,20,uniform,1,raw_correlation,0.12345679012345678,0.8,0.7,0.5
314,20,uniform,1,mf_latent,0.12345679012345678,0.0,0.1,0.125
314,20,uniform,1,mf_impute,0.12345679012345678,1.0,1.0,1.0
314,20,uniform,2,random,0.013580246913580247,0.0,0.0,0.01694915254237288
314,20,uniform,2,popular_group,0.013580246913580247,0.0,0.0,0.0036231884057971015
314,20,uniform,2,raw_distance,0.013580246913580247,0.6,0.4,1.0
314,20,uniform,2,raw_correlation,0.013580246913580247,0.0,0.0,0.07142857142857142
314,20,uniform,2,mf_latent,0.013580246913580247,0.0,0.1,0.125
314,20,uniform,2,mf_impute,0.013580246913580247,0.0,0.0,0.023255813953488372
320,20,uniform,1,random,0.1,0.4,0.3,1.0
320,20,uniform,1,popular_group,0.1,0.0,0.0,0.0033333333333333335
320,20,uniform,1,raw_distance,0.1,0.6,0.4,1.0
320,20,uniform,1,raw_correlation,0.1,0.6,0.3,1.0
320,20,uniform,1,mf_latent,0.1,0.6,0.5,1.0
320,20,uniform,1,mf_impute,0.1,0.6,0.5,1.0
320,20,uniform,2,random,0.013580246913580247,0.0,0.1,0.1
320,20,uniform,2,popular_group,0.013580246913580247,0.0,0.0,0.003424657534246575
320,20,uniform,2,raw_distance,0.013580246913580247,0.6,0.4,1.0
320,20,uniform,2,raw_correlation,0.013580246913580247,0.6,0.3,1.0
320,20,uniform,2,mf_latent,0.013580246913580247,0.6,0.5,1.0
320,20,uniform,2,mf_impute,0.013580246913580247,0.6,0.5,1.0
325,20,uniform,1,random,0.1,0.2,0.2,0.25
325,20,uniform,1,popular_group,0.1,0.0,0.0,0.0033333333333333335
325,20,uniform,1,raw_distance,0.1,0.4,0.5,1.0
325,20,uniform,1,raw_correlation,0.1,0.4,0.2,1.0
325,20,uniform,1,mf_latent,0.1,0.6,0.7,0.5
325,20,uniform,1,mf_impute,0.1,0.6,0.6,1.0
325,20,uniform,2,random,0.013580246913580247,0.0,0.0,0.013888888888888888
325,20,uniform,2,popular_group,0.013580246913580247,0.0,0.0,0.003424657534246575
325,20,uniform,2,raw_distance,0.013580246913580247,0.4,0.3,1.0
325,20,uniform,2,raw_correlation,0.013580246913580247,0.4,0.2,1.0
325,20,uniform,2,mf_latent,0.013580246913580247,0.4,0.4,0.3333333333333333
325,20,uniform,2,mf_impute,0.013580246913580247,0.6,0.5,1.0
336,20,uniform,1,random,0.1,0.0,0.1,0.125
336,20,uniform,1,popular_group,0.1,0.0,0.0,0.0033333333333333335
336,20,uniform,1,raw_distance,0.1,0.6,0.3,1.0
336,20,uniform,1,raw_correlation,0.1,0.4,0.3,0.3333333333333333
336,20,uniform,1,mf_latent,0.1,0.4,0.4,0.5
336,20,uniform,1,mf_impute,0.1,0.6,0.5,1.0
336,20,uniform,2,random,0.04814814814814815,0.0,0.0,0.03225806451612903
336,20,uniform,2,popular_group,0.04814814814814815,0.0,0.0,0.003246753246753247
336,20,uniform,2,raw_distance,0.04814814814814815,0.6,0.3,1.0
336,20,uniform,2,raw_correlation,0.04814814814814815,0.4,0.3,0.3333333333333333
336,20,uniform,2,mf_latent,0.04814814814814815,0.4,0.4,0.5
336,20,uniform,2,mf_impute,0.04814814814814815,0.6,0.5,1.0
352,20,uniform,1,random,0.1,0.2,0.1,0.3333333333333333
352,20,uniform,1,popular_group,0.1,0.0,0.0,0.0033333333333333335
352,20,uniform,1,raw_distance,0.1,0.0,0.0,0.07142857142857142
352,20,uniform,1,raw_correlation,0.1,0.0,0.0,0.06666666666666667
352,20,uniform,1,mf_latent,0.1,0.0,0.0,0.058823529411764705
352,20,uniform,1,mf_impute,0.1,0.0,0.0,0.09090909090909091
352,20,uniform,2,random,0.04814814814814815,0.0,0.0,0.038461538461538464
352,20,uniform,2,popular_group,0.04814814814814815,0.0,0.0,0.003246753246753247
352,20,uniform,2,raw_distance,0.04814814814814815,0.0,0.0,0.06666666666666667
352,20,uniform,2,raw_correlation,0.04814814814814815,0.0,0.0,0.06666666666666667
352,20,uniform,2,mf_latent,0.04814814814814815,0.0,0.0,0.05555555555555555
352,20,uniform,2,mf_impute,0.04814814814814815,0.0,0.0,0.09090909090909091
357,20,uniform,1,random,0.1,0.2,0.1,1.0
357,20,uniform,1,popular_group,0.1,0.0,0.0,0.0033333333333333335
357,20,uniform,1,raw_distance,0.1,1.0,0.7,1.0
357,20,uniform,1,raw_correlation,0.1,1.0,0.7,1.0
357,20,uniform,1,mf_latent,0.1,1.0,1.0,1.0
357,20,uniform,1,mf_impute,0.1,1.0,0.8,1.0
357,20,uniform,2,random,0.04814814814814815,0.0,0.0,0.08333333333333333
357,20,uniform,2,popular_group,0.04814814814814815,0.0,0.0,0.003246753246753247
357,20,uniform,2,raw_distance,0.04814814814814815,1.0,0.7,1.0
357,20,uniform,2,raw_correlation,0.04814814814814815,1.0,0.7,1.0
357,20,uniform,2,mf_latent,0.04814814814814815,1.0,1.0,1.0
357,20,uniform,2,mf_impute,0.04814814814814815,1.0,0.8,1.0
359,20,uniform,1,random,0.1,0.2,0.2,1.0
359,20,uniform,1,popular_group,0.1,0.0,0.0,0.0033333333333333335
359,20,uniform,1,raw_distance,0.1,0.6,0.5,0.3333333333333333
359,20,uniform,1,raw_correlation,0.1,0.6,0.7,1.0
359,20,uniform,1,mf_latent,0.1,0.8,0.8,0.5
359,20,uniform,1,mf_impute,0.1,0.6,0.7,1.0
359,20,uniform,2,random,0.04814814814814815,0.2,0.2,1.0
359,20,uniform,2,popular_group,0.04814814814814815,0.0,0.0,0.003246753246753247
359,20,uniform,2,raw_distance,0.04814814814814815,0.4,0.4,0.3333333333333333
359,20,uniform,2,raw_correlation,0.04814814814814815,0.4,0.4,1.0
359,20,uniform,2,mf_latent,0.04814814814814815,0.8,0.7,0.5
359,20,uniform,2,mf_impute,0.04814814814814815,0.6,0.4,1.0
372,20,uniform,1,random,0.1,0.2,0.2,0.3333333333333333
372,20,uniform,1,popular_group,0.1,0.0,0.0,0.0033333333333333335
372,20,uniform,1,raw_distance,0.1,0.6,0.5,1.0
372,20,uniform,1,raw_correlation,0.1,0.6,0.4,1.0
372,20,uniform,1,mf_latent,0.1,1.0,0.7,1.0
372,20,uniform,1,mf_impute,0.1,0.8,0.7,1.0
372,20,uniform,2,random,0.04814814814814815,0.0,0.1,0.125
372,20,uniform,2,popular_group,0.04814814814814815,0.0,0.0,0.003246753246753247
372,20,uniform,2,raw_distance,0.04814814814814815,0.6,0.5,1.0
372,20,uniform,2,raw_correlation,0.04814814814814815,0.6,0.4,1.0
372,20,uniform,2,mf_latent,0.04814814814814815,1.0,0.7,1.0
372,20,uniform,2,mf_impute,0.04814814814814815,0.8,0.7,1.0
373,20,uniform,1,random,0.1,0.0,0.1,0.14285714285714285
373,20,uniform,1,popular_group,0.1,0.0,0.0,0.0033333333333333335
373,20,uniform,1,raw_distance,0.1,1.0,0.8,1.0
373,20,uniform,1,raw_correlation,0.1,0.8,0.8,0.5
373,20,uniform,1,mf_latent,0.1,1.0,1.0,1.0
373,20,uniform,1,mf_impute,0.1,1.0,1.0,1.0
373,20,uniform,2,random,0.04814814814814815,0.0,0.0,0.022222222222222223
373,20,uniform,2,popular_group,0.04814814814814815,0.0,0.0,0.003246753246753247
373,20,uniform,2,raw_distance,0.04814814814814815,1.0,0.7,1.0
373,20,uniform,2,raw_correlation,0.04814814814814815,0.8,0.7,0.5
373,20,uniform,2,mf_latent,0.04814814814814815,1.0,1.0,1.0
373,20,uniform,2,mf_impute,0.04814814814814815,1.0,0.9,1.0
378,20,uniform,1,random,0.1,0.0,0.3,0.14285714285714285
378,20,uniform,1,popular_group,0.1,0.0,0.0,0.0033333333333333335
378,20,uniform,1,raw_distance,0.1,0.2,0.3,1.0
378,20,uniform,1,raw_correlation,0.1,0.6,0.3,1.0
378,20,uniform,1,mf_latent,0.1,0.0,0.1,0.125
378,20,uniform,1,mf_impute,0.1,0.0,0.1,0.1111111111111111
378,20,uniform,2,random,0.012345679012345678,0.0,0.0,0.004273504273504274
378,20,uniform,2,popular_group,0.012345679012345678,0.0,0.0,0.0029411764705882353
378,20,uniform,2,raw_distance,0.012345679012345678,0.2,0.1,1.0
378,20,uniform,2,raw_correlation,0.012345679012345678,0.2,0.1,1.0
378,20,uniform,2,mf_latent,0.012345679012345678,0.0,0.0,0.047619047619047616
378,20,uniform,2,mf_impute,0.012345679012345678,0.0,0.0,0.020833333333333332
381,20,uniform,1,random,0.1,0.0,0.0,0.07692307692307693
381,20,uniform,1,popular_group,0.1,0.0,0.0,0.0033333333333333335
381,20,uniform,1,raw_distance,0.1,0.8,0.7,1.0
381,20,uniform,1,raw_correlation,0.1,0.8,0.7,1.0
381,20,uniform,1,mf_latent,0.1,1.0,0.8,1.0
381,20,uniform,1,mf_impute,0.1,1.0,0.7,1.0
381,20,uniform,2,random,0.012345679012345678,0.0,0.0,0.025
381,20,uniform,2,popular_group,0.012345679012345678,0.0,0.0,0.0029411764705882353
381,20,uniform,2,raw_distance,0.012345679012345678,0.4,0.3,1.0
381,20,uniform,2,raw_correlation,0.012345679012345678,0.4,0.2,1.0
381,20,uniform,2,mf_latent,0.012345679012345678,0.8,0.4,1.0
381,20,uniform,2,mf_impute,0.012345679012345678,0.8,0.4,1.0
389,20,uniform,1,random,0.1,0.0,0.2,0.125
389,20,uniform,1,popular_group,0.1,0.0,0.0,0.0033333333333333335
389,20,uniform,1,raw_distance,0.1,0.0,0.1,0.125
389,20,uniform,1,raw_correlation,0.1,0.4,0.3,0.5
389,20,uniform,1,mf_latent,0.1,0.2,0.4,1.0
389,20,uniform,1,mf_impute,0.1,0.8,0.6,1.0
389,20,uniform,2,random,0.012345679012345678,0.0,0.0,0.017857142857142856
389,20,uniform,2,popular_group,0.012345679012345678,0.0,0.0,0.0029411764705882353
389,20,uniform,2,raw_distance,0.012345679012345678,0.0,0.0,0.05263157894736842
389,20,uniform,2,raw_correlation,0.012345679012345678,0.0,0.0,0.047619047619047616
389,20,uniform,2,mf_latent,0.012345679012345678,0.0,0.0,0.08333333333333333
389,20,uniform,2,mf_impute,0.012345679012345678,0.2,0.3,0.25
403,20,uniform,1,random,0.1,0.0,0.1,0.125
403,20,uniform,1,popular_group,0.1,0.0,0.0,0.0033333333333333335
403,20,uniform,1,raw_distance,0.1,0.2,0.2,1.0
403,20,uniform,1,raw_correlation,0.1,0.4,0.2,0.3333333333333333
403,20,uniform,1,mf_latent,0.1,0.0,0.0,0.05
403,20,uniform,1,mf_impute,0.1,0.0,0.0,0.009708737864077669
403,20,uniform,2,random,0.020987654320987655,0.0,0.0,0.058823529411764705
403,20,uniform,2,popular_group,0.020987654320987655,0.0,0.0,0.0028089887640449437
403,20,uniform,2,raw_distance,0.020987654320987655,0.2,0.2,1.0
403,20,uniform,2,raw_correlation,0.020987654320987655,0.0,0.0,0.08333333333333333
403,20,uniform,2,mf_latent,0.020987654320987655,0.0,0.0,0.025
403,20,uniform,2,mf_impute,0.020987654320987655,0.0,0.0,0.009708737864077669
408,20,uniform,1,random,0.1,0.2,0.1,0.25
408,20,uniform,1,popular_group,0.1,0.0,0.0,0.0033333333333333335
408,20,uniform,1,raw_distance,0.1,0.6,0.7,1.0
408,20,uniform,1,raw_correlation,0.1,0.8,0.7,1.0
408,20,uniform,1,mf_latent,0.1,0.6,0.5,1.0
408,20,uniform,1,mf_impute,0.1,0.8,0.6,1.0
408,20,uniform,2,random,0.003703703703703704,0.0,0.0,0.04
408,20,uniform,2,popular_group,0.003703703703703704,0.0,0.0,0.002617801047120419
408,20,uniform,2,raw_distance,0.003703703703703704,0.4,0.2,1.0
408,20,uniform,2,raw_correlation,0.003703703703703704,0.4,0.2,1.0
408,20,uniform,2,mf_latent,0.003703703703703704,0.4,0.2,1.0
408,20,uniform,2,mf_impute,0.003703703703703704,0.4,0.2,0.5
413,20,uniform,1,random,0.1,0.0,0.0,0.058823529411764705
413,20,uniform,1,popular_group,0.1,0.0,0.0,0.0033333333333333335
413,20,uniform,1,raw_distance,0.1,0.2,0.1,1.0
413,20,uniform,1,raw_correlation,0.1,0.4,0.4,1.0
413,20,uniform,1,mf_latent,0.1,0.2,0.2,0.5
413,20,uniform,1,mf_impute,0.1,0.0,0.1,0.125
413,20,uniform,2,random,0.0012345679012345679,0.0,0.0,0.0021141649048625794
413,20,uniform,2,popular_group,0.0012345679012345679,0.0,0.0,0.0026246719160104987
413,20,uniform,2,raw_distance,0.0012345679012345679,0.2,0.1,1.0
413,20,uniform,2,raw_correlation,0.0012345679012345679,0.2,0.1,1.0
413,20,uniform,2,mf_latent,0.0012345679012345679,0.2,0.1,0.5
413,20,uniform,2,mf_impute,0.0012345679012345679,0.0,0.0,0.07142857142857142
415,20,uniform,1,random,0.10123456790123457,0.2,0.1,1.0
415,20,uniform,1,popular_group,0.10123456790123457,0.0,0.0,0.002631578947368421
415,20,uniform,1,raw_distance,0.10123456790123457,0.0,0.0,0.06666666666666667
415,20,uniform,1,raw_correlation,0.10123456790123457,0.0,0.0,0.05263157894736842
415,20,uniform,1,mf_latent,0.10123456790123457,0.0,0.0,0.045454545454545456
415,20,uniform,1,mf_impute,0.10123456790123457,0.0,0.0,0.02702702702702703
415,20,uniform,2,random,0.0024691358024691358,0.0,0.0,0.0038022813688212928
415,20,uniform,2,popular_group,0.0024691358024691358,0.0,0.0,0.002638522427440633
415,20,uniform,2,raw_distance,0.0024691358024691358,0.0,0.0,0.06666666666666667
415,20,uniform,2,raw_correlation,0.0024691358024691358,0.0,0.0,0.05263157894736842
415,20,uniform,2,mf_latent,0.0024691358024691358,0.0,0.0,0.045454545454545456
415,20,uniform,2,mf_impute,0.0024691358024691358,0.0,0.0,0.02702702702702703
421,20,uniform,1,random,0.10123456790123457,0.4,0.3,1.0
421,20,uniform,1,popular_group,0.10123456790123457,0.0,0.0,0.002631578947368421
421,20,uniform,1,raw_distance,0.10123456790123457,0.8,0.5,1.0
421,20,uniform,1,raw_correlation,0.10123456790123457,0.6,0.3,1.0
421,20,uniform,1,mf_latent,0.10123456790123457,0.2,0.2,0.5
421,20,uniform,1,mf_impute,0.10123456790123457,0.0,0.0,0.03225806451612903
421,20,uniform,2,random,0.028395061728395062,0.0,0.1,0.125
421,20,uniform,2,popular_group,0.028395061728395062,0.0,0.0,0.002688172043010753
421,20,uniform,2,raw_distance,0.028395061728395062,0.6,0.4,0.5
421,20,uniform,2,raw_correlation,0.028395061728395062,0.4,0.2,0.5
421,20,uniform,2,mf_latent,0.028395061728395062,0.2,0.1,0.5
421,20,uniform,2,mf_impute,0.028395061728395062,0.0,0.0,0.029411764705882353
424,20,uniform,1,random,0.10123456790123457,0.2,0.1,1.0
424,20,uniform,1,popular_group,0.10123456790123457,0.0,0.0,0.002631578947368421
424,20,uniform,1,raw_distance,0.10123456790123457,0.4,0.4,1.0
424,20,uniform,1,raw_correlation,0.10123456790123457,0.2,0.4,0.5
424,20,uniform,1,mf_latent,0.10123456790123457,0.2,0.3,0.25
424,20,uniform,1,mf_impute,0.10123456790123457,0.0,0.1,0.1
424,20,uniform,2,random,0.028395061728395062,0.0,0.0,0.01282051282051282
424,20,uniform,2,popular_group,0.028395061728395062,0.0,0.0,0.002688172043010753
424,20,uniform,2,raw_distance,0.028395061728395062,0.4,0.4,1.0
424,20,uniform,2,raw_correlation,0.028395061728395062,0.2,0.4,0.5
424,20,uniform,2,mf_latent,0.028395061728395062,0.2,0.3,0.25
424,20,uniform,2,mf_impute,0.028395061728395062,0.0,0.1,0.1
430,20,uniform,1,random,0.10123456790123457,0.2,0.1,0.2
430,20,uniform,1,popular_group,0.10123456790123457,0.0,0.0,0.002631578947368421
430,20,uniform,1,raw_distance,0.10123456790123457,0.2,0.1,1.0
430,20,uniform,1,raw_correlation,0.10123456790123457,0.2,0.1,0.5
430,20,uniform,1,mf_latent,0.10123456790123457,0.0,0.1,0.16666666666666666
430,20,uniform,1,mf_impute,0.10123456790123457,0.2,0.1,0.3333333333333333
430,20,uniform,2,random,0.028395061728395062,0.0,0.0,0.03225806451612903
430,20,uniform,2,popular_group,0.028395061728395062,0.0,0.0,0.002688172043010753
430,20,uniform,2,raw_distance,0.028395061728395062,0.2,0.1,1.0
430,20,uniform,2,raw_correlation,0.028395061728395062,0.2,0.1,0.5
430,20,uniform,2,mf_latent,0.028395061728395062,0.0,0.0,0.05263157894736842
430,20,uniform,2,mf_impute,0.028395061728395062,0.0,0.0,0.02857142857142857
432,20,uniform,1,random,0.10123456790123457,0.0,0.0,0.07142857142857142
432,20,uniform,1,popular_group,0.10123456790123457,0.0,0.0,0.002631578947368421
432,20,uniform,1,raw_distance,0.10123456790123457,0.4,0.4,1.0
432,20,uniform,1,raw_correlation,0.10123456790123457,0.2,0.2,1.0
432,20,uniform,1,mf_latent,0.10123456790123457,0.2,0.3,1.0
432,20,uniform,1,mf_impute,0.10123456790123457,0.2,0.2,0.25
432,20,uniform,2,random,0.028395061728395062,0.0,0.0,0.058823529411764705
432,20,uniform,2,popular_group,0.028395061728395062,0.0,0.0,0.002688172043010753
432,20,uniform,2,raw_distance,0.028395061728395062,0.4,0.3,1.0
432,20,uniform,2,raw_correlation,0.028395061728395062,0.2,0.2,1.0
432,20,uniform,2,mf_latent,0.028395061728395062,0.2,0.1,1.0
432,20,uniform,2,mf_impute,0.028395061728395062,0.2,0.1,0.25
457,20,uniform,1,random,0.10123456790123457,0.0,0.1,0.1
457,20,uniform,1,popular_group,0.10123456790123457,0.0,0.0,0.002631578947368421
457,20,uniform,1,raw_distance,0.10123456790123457,0.0,0.0,0.09090909090909091
457,20,uniform,1,raw_correlation,0.10123456790123457,0.0,0.0,0.08333333333333333
457,20,uniform,1,mf_latent,0.10123456790123457,0.4,0.4,0.5
457,20,uniform,1,mf_impute,0.10123456790123457,0.0,0.0,0.07142857142857142
457,20,uniform,2,random,0.019753086419753086,0.0,0.0,0.05555555555555555
457,20,uniform,2,popular_group,0.019753086419753086,0.0,0.0,0.0024752475247524753
457,20,uniform,2,raw_distance,0.019753086419753086,0.0,0.0,0.03125
457,20,uniform,2,raw_correlation,0.019753086419753086,0.0,0.0,0.029411764705882353
457,20,uniform,2,mf_latent,0.019753086419753086,0.0,0.0,0.08333333333333333
457,20,uniform,2,mf_impute,0.019753086419753086,0.0,0.0,0.047619047619047616
468,20,uniform,1,random,0.10123456790123457,0.2,0.2,0.3333333333333333
468,20,uniform,1,popular_group,0.10123456790123457,0.0,0.0,0.002631578947368421
468,20,uniform,1,raw_distance,0.10123456790123457,0.6,0.4,1.0
468,20,uniform,1,raw_correlation,0.10123456790123457,0.6,0.7,1.0
468,20,uniform,1,mf_latent,0.10123456790123457,0.8,0.9,1.0
468,20,uniform,1,mf_impute,0.10123456790123457,0.6,0.6,1.0
468,20,uniform,2,random,0.044444444444444446,0.2,0.2,0.3333333333333333
468,20,uniform,2,popular_group,0.044444444444444446,0.0,0.0,0.002380952380952381
468,20,uniform,2,raw_distance,0.044444444444444446,0.2,0.1,0.25
468,20,uniform,2,raw_correlation,0.044444444444444446,0.2,0.2,0.5
468,20,uniform,2,mf_latent,0.044444444444444446,0.8,0.7,1.0
468,20,uniform,2,mf_impute,0.044444444444444446,0.4,0.4,1.0
473,20,uniform,1,random,0.10123456790123457,0.0,0.1,0.125
473,20,uniform,1,popular_group,0.10123456790123457,0.0,0.0,0.002631578947368421
473,20,uniform,1,raw_distance,0.10123456790123457,0.2,0.1,1.0
473,20,uniform,1,raw_correlation,0.10123456790123457,0.2,0.2,0.5
473,20,uniform,1,mf_latent,0.10123456790123457,0.2,0.1,0.5
473,20,uniform,1,mf_impute,0.10123456790123457,0.2,0.1,0.3333333333333333
473,20,uniform,2,random,0.044444444444444446,0.0,0.1,0.125
473,20,uniform,2,popular_group,0.044444444444444446,0.0,0.0,0.002380952380952381
473,20,uniform,2,raw_distance,0.044444444444444446,0.2,0.1,1.0
473,20,uniform,2,raw_correlation,0.044444444444444446,0.2,0.1,0.5
473,20,uniform,2,mf_latent,0.044444444444444446,0.2,0.1,0.5
473,20,uniform,2,mf_impute,0.044444444444444446,0.2,0.1,0.3333333333333333
501,20,uniform,1,random,0.10123456790123457,0.0,0.0,0.045454545454545456
501,20,uniform,1,popular_group,0.10123456790123457,0.0,0.0,0.002631578947368421
501,20,uniform,1,raw_distance,0.10123456790123457,0.2,0.1,0.5
501,20,uniform,1,raw_correlation,0.10123456790123457,0.4,0.2,1.0
501,20,uniform,1,mf_latent,0.10123456790123457,0.0,0.0,0.09090909090909091
501,20,uniform,1,mf_impute,0.10123456790123457,0.0,0.0,0.058823529411764705
501,20,uniform,2,random,0.003703703703703704,0.0,0.0,0.011764705882352941
501,20,uniform,2,popular_group,0.003703703703703704,0.0,0.0,0.002178649237472767
501,20,uniform,2,raw_distance,0.003703703703703704,0.0,0.0,0.02631578947368421
501,20,uniform,2,raw_correlation,0.003703703703703704,0.0,0.0,0.05555555555555555
501,20,uniform,2,mf_latent,0.003703703703703704,0.0,0.0,0.09090909090909091
501,20,uniform,2,mf_impute,0.003703703703703704,0.0,0.0,0.058823529411764705
532,20,uniform,1,random,0.12098765432098765,0.2,0.1,1.0
532,20,uniform,1,popular_group,0.12098765432098765,0.0,0.0,0.002173913043478261
532,20,uniform,1,raw_distance,0.12098765432098765,0.4,0.3,1.0
532,20,uniform,1,raw_correlation,0.12098765432098765,0.2,0.2,1.0
532,20,uniform,1,mf_latent,0.12098765432098765,0.6,0.6,1.0
532,20,uniform,1,mf_impute,0.12098765432098765,0.6,0.3,1.0
532,20,uniform,2,random,0.018518518518518517,0.0,0.0,0.009523809523809525
532,20,uniform,2,popular_group,0.018518518518518517,0.0,0.0,0.002136752136752137
532,20,uniform,2,raw_distance,0.018518518518518517,0.4,0.3,1.0
532,20,uniform,2,raw_correlation,0.018518518518518517,0.2,0.2,1.0
532,20,uniform,2,mf_latent,0.018518518518518517,0.6,0.3,1.0
532,20,uniform,2,mf_impute,0.018518518518518517,0.6,0.3,1.0
536,20,uniform,1,random,0.12098765432098765,0.0,0.0,0.05263157894736842
536,20,uniform,1,popular_group,0.12098765432098765,0.0,0.0,0.002173913043478261
536,20,uniform,1,raw_distance,0.12098765432098765,1.0,1.0,1.0
536,20,uniform,1,raw_correlation,0.12098765432098765,1.0,0.9,1.0
536,20,uniform,1,mf_latent,0.12098765432098765,1.0,0.9,1.0
536,20,uniform,1,mf_impute,0.12098765432098765,1.0,0.9,1.0
536,20,uniform,2,random,0.018518518518518517,0.0,0.0,0.05263157894736842
536,20,uniform,2,popular_group,0.018518518518518517,0.0,0.0,0.002136752136752137
536,20,uniform,2,raw_distance,0.018518518518518517,1.0,0.7,1.0
536,20,uniform,2,raw_correlation,0.018518518518518517,1.0,0.6,1.0
536,20,uniform,2,mf_latent,0.018518518518518517,1.0,0.6,1.0
536,20,uniform,2,mf_impute,0.018518518518518517,0.8,0.6,1.0
538,20,uniform,1,random,0.12098765432098765,0.0,0.2,0.125
538,20,uniform,1,popular_group,0.12098765432098765,0.0,0.0,0.002173913043478261
538,20,uniform,1,raw_distance,0.12098765432098765,1.0,1.0,1.0
538,20,uniform,1,raw_correlation,0.12098765432098765,0.8,0.7,1.0
538,20,uniform,1,mf_latent,0.12098765432098765,1.0,1.0,1.0
538,20,uniform,1,mf_impute,0.12098765432098765,1.0,1.0,1.0
538,20,uniform,2,random,0.018518518518518517,0.0,0.1,0.1111111111111111
538,20,uniform,2,popular_group,0.018518518518518517,0.0,0.0,0.002136752136752137
538,20,uniform,2,raw_distance,0.018518518518518517,0.0,0.0,0.08333333333333333
538,20,uniform,2,raw_correlation,0.018518518518518517,0.6,0.5,1.0
538,20,uniform,2,mf_latent,0.018518518518518517,0.0,0.3,0.14285714285714285
538,20,uniform,2,mf_impute,0.018518518518518517,0.8,0.7,1.0
563,20,uniform,1,random,0.12098765432098765,0.0,0.1,0.1
563,20,uniform,1,popular_group,0.12098765432098765,0.0,0.0,0.002173913043478261
563,20,uniform,1,raw_distance,0.12098765432098765,0.8,0.5,1.0
563,20,uniform,1,raw_correlation,0.12098765432098765,0.8,0.4,1.0
563,20,uniform,1,mf_latent,0.12098765432098765,0.8,0.6,1.0
563,20,uniform,1,mf_impute,0.12098765432098765,0.6,0.5,0.5
563,20,uniform,2,random,0.03827160493827161,0.0,0.0,0.015384615384615385
563,20,uniform,2,popular_group,0.03827160493827161,0.0,0.0,0.002066115702479339
563,20,uniform,2,raw_distance,0.03827160493827161,0.8,0.5,1.0
563,20,uniform,2,raw_correlation,0.03827160493827161,0.8,0.4,1.0
563,20,uniform,2,mf_latent,0.03827160493827161,0.8,0.6,1.0
563,20,uniform,2,mf_impute,0.03827160493827161,0.6,0.5,0.5
570,20,uniform,1,random,0.12098765432098765,0.0,0.0,0.07692307692307693
570,20,uniform,1,popular_group,0.12098765432098765,0.0,0.0,0.002173913043478261
570,20,uniform,1,raw_distance,0.12098765432098765,0.4,0.5,0.25
570,20,uniform,1,raw_correlation,0.12098765432098765,0.6,0.4,1.0
570,20,uniform,1,mf_latent,0.12098765432098765,1.0,1.0,1.0
570,20,uniform,1,mf_impute,0.12098765432098765,0.8,0.8,1.0
570,20,uniform,2,random,0.03827160493827161,0.0,0.0,0.07692307692307693
570,20,uniform,2,popular_group,0.03827160493827161,0.0,0.0,0.002066115702479339
570,20,uniform,2,raw_distance,0.03827160493827161,0.4,0.5,0.25
570,20,uniform,2,raw_correlation,0.03827160493827161,0.0,0.0,0.09090909090909091
570,20,uniform,2,mf_latent,0.03827160493827161,0.6,0.6,0.5
570,20,uniform,2,mf_impute,0.03827160493827161,0.4,0.5,1.0
582,20,uniform,1,random,0.12098765432098765,0.0,0.1,0.125
582,20,uniform,1,popular_group,0.12098765432098765,0.0,0.0,0.002173913043478261
582,20,uniform,1,raw_distance,0.12098765432098765,1.0,0.9,1.0
582,20,uniform,1,raw_correlation,0.12098765432098765,1.0,1.0,1.0
582,20,uniform,1,mf_latent,0.12098765432098765,0.8,0.7,1.0
582,20,uniform,1,mf_impute,0.12098765432098765,0.8,0.7,1.0
582,20,uniform,2,random,0.037037037037037035,0.0,0.1,0.125
582,20,uniform,2,popular_group,0.037037037037037035,0.0,0.0,0.001937984496124031
582,20,uniform,2,raw_distance,0.037037037037037035,0.2,0.2,1.0
582,20,uniform,2,raw_correlation,0.037037037037037035,0.2,0.2,0.5
582,20,uniform,2,mf_latent,0.037037037037037035,0.4,0.2,1.0
582,20,uniform,2,mf_impute,0.037037037037037035,0.2,0.2,1.0
591,20,uniform,1,random,0.12098765432098765,0.0,0.0,0.047619047619047616
591,20,uniform,1,popular_group,0.12098765432098765,0.0,0.0,0.002173913043478261
591,20,uniform,1,raw_distance,0.12098765432098765,0.6,0.6,1.0
591,20,uniform,1,raw_correlation,0.12098765432098765,0.2,0.4,0.2
591,20,uniform,1,mf_latent,0.12098765432098765,0.4,0.4,0.3333333333333333
591,20,uniform,1,mf_impute,0.12098765432098765,0.6,0.4,1.0
591,20,uniform,2,random,0.037037037037037035,0.0,0.0,0.015384615384615385
591,20,uniform,2,popular_group,0.037037037037037035,0.0,0.0,0.001937984496124031
591,20,uniform,2,raw_distance,0.037037037037037035,0.6,0.4,1.0
591,20,uniform,2,raw_correlation,0.037037037037037035,0.2,0.3,0.2
591,20,uniform,2,mf_latent,0.037037037037037035,0.4,0.4,0.3333333333333333
591,20,uniform,2,mf_impute,0.037037037037037035,0.6,0.4,1.0
594,20,uniform,1,random,0.12098765432098765,0.0,0.0,0.05555555555555555
594,20,uniform,1,popular_group,0.12098765432098765,0.0,0.0,0.002173913043478261
594,20,uniform,1,raw_distance,0.12098765432098765,0.6,0.5,1.0
594,20,uniform,1,raw_correlation,0.12098765432098765,0.6,0.7,1.0
594,20,uniform,1,mf_latent,0.12098765432098765,0.8,0.8,1.0
594,20,uniform,1,mf_impute,0.12098765432098765,0.0,0.3,0.14285714285714285
594,20,uniform,2,random,0.037037037037037035,0.0,0.0,0.03125
594,20,uniform,2,popular_group,0.037037037037037035,0.0,0.0,0.001937984496124031
594,20,uniform,2,raw_distance,0.037037037037037035,0.6,0.5,1.0
594,20,uniform,2,raw_correlation,0.037037037037037035,0.6,0.7,1.0
594,20,uniform,2,mf_latent,0.037037037037037035,0.8,0.8,1.0
594,20,uniform,2,mf_impute,0.037037037037037035,0.0,0.3,0.14285714285714285
596,20,uniform,1,random,0.12098765432098765,0.0,0.2,0.16666666666666666
596,20,uniform,1,popular_group,0.12098765432098765,0.0,0.0,0.002173913043478261
596,20,uniform,1,raw_distance,0.12098765432098765,0.4,0.6,1.0
596,20,uniform,1,raw_correlation,0.12098765432098765,0.4,0.3,0.5
596,20,uniform,1,mf_latent,0.12098765432098765,0.6,0.3,1.0
596,20,uniform,1,mf_impute,0.12098765432098765,0.4,0.4,1.0
596,20,uniform,2,random,0.037037037037037035,0.0,0.0,0.043478260869565216
596,20,uniform,2,popular_group,0.037037037037037035,0.0,0.0,0.001937984496124031
596,20,uniform,2,raw_distance,0.037037037037037035,0.4,0.4,1.0
596,20,uniform,2,raw_correlation,0.037037037037037035,0.2,0.1,0.5
596,20,uniform,2,mf_latent,0.037037037037037035,0.2,0.1,0.3333333333333333
596,20,uniform,2,mf_impute,0.037037037037037035,0.0,0.1,0.16666666666666666
597,20,uniform,1,random,0.12098765432098765,0.0,0.2,0.14285714285714285
597,20,uniform,1,popular_group,0.12098765432098765,0.0,0.0,0.002173913043478261
597,20,uniform,1,raw_distance,0.12098765432098765,1.0,0.9,1.0
597,20,uniform,1,raw_correlation,0.12098765432098765,1.0,0.8,1.0
597,20,uniform,1,mf_latent,0.12098765432098765,0.8,0.8,0.5
597,20,uniform,1,mf_impute,0.12098765432098765,1.0,0.7,1.0
597,20,uniform,2,random,0.037037037037037035,0.0,0.0,0.07692307692307693
597,20,uniform,2,popular_group,0.037037037037037035,0.0,0.0,0.001937984496124031
597,20,uniform,2,raw_distance,0.037037037037037035,1.0,0.9,1.0
597,20,uniform,2,raw_correlation,0.037037037037037035,1.0,0.8,1.0
597,20,uniform,2,mf_latent,0.037037037037037035,0.8,0.8,0.5
597,20,uniform,2,mf_impute,0.037037037037037035,1.0,0.7,1.0
605,20,uniform,1,random,0.12098765432098765,0.2,0.3,0.3333333333333333
605,20,uniform,1,popular_group,0.12098765432098765,0.0,0.0,0.002173913043478261
605,20,uniform,1,raw_distance,0.12098765432098765,0.4,0.3,1.0
605,20,uniform,1,raw_correlation,0.12098765432098765,0.2,0.3,0.5
605,20,uniform,1,mf_latent,0.12098765432098765,0.0,0.1,0.14285714285714285
605,20,uniform,1,mf_impute,0.12098765432098765,0.0,0.0,0.0055248618784530384
605,20,uniform,2,random,0.037037037037037035,0.0,0.0,0.02702702702702703
605,20,uniform,2,popular_group,0.037037037037037035,0.0,0.0,0.001937984496124031
605,20,uniform,2,raw_distance,0.037037037037037035,0.4,0.3,1.0
605,20,uniform,2,raw_correlation,0.037037037037037035,0.2,0.2,0.5
605,20,uniform,2,mf_latent,0.037037037037037035,0.0,0.1,0.14285714285714285
605,20,uniform,2,mf_impute,0.037037037037037035,0.0,0.0,0.0055248618784530384
607,20,uniform,1,random,0.12098765432098765,0.2,0.3,0.2
607,20,uniform,1,popular_group,0.12098765432098765,0.0,0.0,0.002173913043478261
607,20,uniform,1,raw_distance,0.12098765432098765,1.0,0.9,1.0
607,20,uniform,1,raw_correlation,0.12098765432098765,0.4,0.3,1.0
607,20,uniform,1,mf_latent,0.12098765432098765,0.0,0.1,0.125
607,20,uniform,1,mf_impute,0.12098765432098765,0.2,0.1,1.0
607,20,uniform,2,random,0.037037037037037035,0.2,0.2,0.2
607,20,uniform,2,popular_group,0.037037037037037035,0.0,0.0,0.001937984496124031
607,20,uniform,2,raw_distance,0.037037037037037035,0.8,0.8,0.5
607,20,uniform,2,raw_correlation,0.037037037037037035,0.2,0.2,1.0
607,20,uniform,2,mf_latent,0.037037037037037035,0.0,0.0,0.06666666666666667
607,20,uniform,2,mf_impute,0.037037037037037035,0.0,0.0,0.03333333333333333
627,20,uniform,1,random,0.15185185185185185,0.0,0.0,0.06666666666666667
627,20,uniform,1,popular_group,0.15185185185185185,1.0,1.0,1.0
627,20,uniform,1,raw_distance,0.15185185185185185,0.6,0.5,0.5
627,20,uniform,1,raw_correlation,0.15185185185185185,0.6,0.5,0.5
627,20,uniform,1,mf_latent,0.15185185185185185,1.0,0.8,1.0
627,20,uniform,1,mf_impute,0.15185185185185185,0.8,0.8,1.0
627,20,uniform,2,random,0.08271604938271605,0.0,0.0,0.058823529411764705
627,20,uniform,2,popular_group,0.08271604938271605,1.0,1.0,1.0
627,20,uniform,2,raw_distance,0.08271604938271605,0.6,0.5,0.5
627,20,uniform,2,raw_correlation,0.08271604938271605,0.6,0.5,0.5
627,20,uniform,2,mf_latent,0.08271604938271605,1.0,0.8,1.0
627,20,uniform,2,mf_impute,0.08271604938271605,0.8,0.8,1.0
628,20,uniform,1,random,0.15185185185185185,0.4,0.2,0.3333333333333333
628,20,uniform,1,popular_group,0.15185185185185185,1.0,1.0,1.0
628,20,uniform,1,raw_distance,0.15185185185185185,1.0,0.6,1.0
628,20,uniform,1,raw_correlation,0.15185185185185185,1.0,0.6,1.0
628,20,uniform,1,mf_latent,0.15185185185185185,0.6,0.5,1.0
628,20,uniform,1,mf_impute,0.15185185185185185,0.8,0.6,1.0
628,20,uniform,2,random,0.08271604938271605,0.0,0.0,0.047619047619047616
628,20,uniform,2,popular_group,0.08271604938271605,1.0,1.0,1.0
628,20,uniform,2,raw_distance,0.08271604938271605,1.0,0.6,1.0
628,20,uniform,2,raw_correlation,0.08271604938271605,1.0,0.6,1.0
628,20,uniform,2,mf_latent,0.08271604938271605,0.6,0.5,1.0
628,20,uniform,2,mf_impute,0.08271604938271605,0.8,0.6,1.0
645,20,uniform,1,random,0.15185185185185185,0.2,0.2,0.25
645,20,uniform,1,popular_group,0.15185185185185185,1.0,1.0,1.0
645,20,uniform,1,raw_distance,0.15185185185185185,0.4,0.5,1.0
645,20,uniform,1,raw_correlation,0.15185185185185185,0.6,0.6,0.5
645,20,uniform,1,mf_latent,0.15185185185185185,0.4,0.5,1.0
645,20,uniform,1,mf_impute,0.15185185185185185,0.4,0.4,0.3333333333333333
645,20,uniform,2,random,0.08271604938271605,0.2,0.1,0.25
645,20,uniform,2,popular_group,0.08271604938271605,1.0,1.0,1.0
645,20,uniform,2,raw_distance,0.08271604938271605,0.4,0.5,1.0
645,20,uniform,2,raw_correlation,0.08271604938271605,0.6,0.6,0.5
645,20,uniform,2,mf_latent,0.08271604938271605,0.4,0.4,1.0
645,20,uniform,2,mf_impute,0.08271604938271605,0.4,0.4,0.3333333333333333
649,20,uniform,1,random,0.15185185185185185,0.0,0.1,0.1111111111111111
649,20,uniform,1,popular_group,0.15185185185185185,1.0,1.0,1.0
649,20,uniform,1,raw_distance,0.15185185185185185,1.0,0.8,1.0
649,20,uniform,1,raw_correlation,0.15185185185185185,0.8,0.6,1.0
649,20,uniform,1,mf_latent,0.15185185185185185,0.6,0.7,1.0
649,20,uniform,1,mf_impute,0.15185185185185185,1.0,0.9,1.0
649,20,uniform,2,random,0.08271604938271605,0.0,0.1,0.1111111111111111
649,20,uniform,2,popular_group,0.08271604938271605,1.0,1.0,1.0
649,20,uniform,2,raw_distance,0.08271604938271605,1.0,0.8,1.0
649,20,uniform,2,raw_correlation,0.08271604938271605,0.6,0.5,1.0
649,20,uniform,2,mf_latent,0.08271604938271605,0.6,0.7,1.0
649,20,uniform,2,mf_impute,0.08271604938271605,0.8,0.8,1.0
652,20,uniform,1,random,0.15185185185185185,0.4,0.2,0.5
652,20,uniform,1,popular_group,0.15185185185185185,1.0,1.0,1.0
652,20,uniform,1,raw_distance,0.15185185185185185,0.4,0.5,1.0
652,20,uniform,1,raw_correlation,0.15185185185185185,0.4,0.6,1.0
652,20,uniform,1,mf_latent,0.15185185185185185,0.8,0.9,1.0
652,20,uniform,1,mf_impute,0.15185185185185185,0.8,0.8,0.5
652,20,uniform,2,random,0.08271604938271605,0.2,0.1,0.2
652,20,uniform,2,popular_group,0.08271604938271605,1.0,1.0,1.0
652,20,uniform,2,raw_distance,0.08271604938271605,0.4,0.4,1.0
652,20,uniform,2,raw_correlation,0.08271604938271605,0.4,0.5,1.0
652,20,uniform,2,mf_latent,0.08271604938271605,0.6,0.8,1.0
652,20,uniform,2,mf_impute,0.08271604938271605,0.8,0.7,0.5
654,20,uniform,1,random,0.15185185185185185,0.2,0.1,1.0
654,20,uniform,1,popular_group,0.15185185185185185,1.0,1.0,1.0
654,20,uniform,1,raw_distance,0.15185185185185185,0.6,0.6,1.0
654,20,uniform,1,raw_correlation,0.15185185185185185,0.6,0.7,0.5
654,20,uniform,1,mf_latent,0.15185185185185185,0.4,0.5,1.0
654,20,uniform,1,mf_impute,0.15185185185185185,1.0,1.0,1.0
654,20,uniform,2,random,0.08271604938271605,0.0,0.0,0.0625
654,20,uniform,2,popular_group,0.08271604938271605,1.0,1.0,1.0
654,20,uniform,2,raw_distance,0.08271604938271605,0.4,0.5,1.0
654,20,uniform,2,raw_correlation,0.08271604938271605,0.4,0.6,0.5
654,20,uniform,2,mf_latent,0.08271604938271605,0.2,0.3,1.0
654,20,uniform,2,mf_impute,0.08271604938271605,0.8,0.9,1.0
669,20,uniform,1,random,0.15185185185185185,0.0,0.0,0.07142857142857142
669,20,uniform,1,popular_group,0.15185185185185185,1.0,1.0,1.0
669,20,uniform,1,raw_distance,0.15185185185185185,1.0,1.0,1.0
669,20,uniform,1,raw_correlation,0.15185185185185185,1.0,0.9,1.0
669,20,uniform,1,mf_latent,0.15185185185185185,0.6,0.8,1.0
669,20,uniform,1,mf_impute,0.15185185185185185,1.0,1.0,1.0
669,20,uniform,2,random,0.08271604938271605,0.0,0.0,0.047619047619047616
669,20,uniform,2,popular_group,0.08271604938271605,1.0,1.0,1.0
669,20,uniform,2,raw_distance,0.08271604938271605,1.0,1.0,1.0
669,20,uniform,2,raw_correlation,0.08271604938271605,1.0,0.9,1.0
669,20,uniform,2,mf_latent,0.08271604938271605,0.6,0.8,1.0
669,20,uniform,2,mf_impute,0.08271604938271605,1.0,1.0,1.0
689,20,uniform,1,random,0.15185185185185185,0.2,0.2,1.0
689,20,uniform,1,popular_group,0.15185185185185185,1.0,1.0,1.0
689,20,uniform,1,raw_distance,0.15185185185185185,0.4,0.3,0.25
689,20,uniform,1,raw_correlation,0.15185185185185185,0.2,0.4,0.5
689,20,uniform,1,mf_latent,0.15185185185185185,0.6,0.4,0.3333333333333333
689,20,uniform,1,mf_impute,0.15185185185185185,0.4,0.4,1.0
689,20,uniform,2,random,0.08271604938271605,0.2,0.1,1.0
689,20,uniform,2,popular_group,0.08271604938271605,1.0,1.0,1.0
689,20,uniform,2,raw_distance,0.08271604938271605,0.2,0.2,0.2
689,20,uniform,2,raw_correlation,0.08271604938271605,0.0,0.2,0.14285714285714285
689,20,uniform,2,mf_latent,0.08271604938271605,0.6,0.4,0.3333333333333333
689,20,uniform,2,mf_impute,0.08271604938271605,0.4,0.4,1.0
690,20,uniform,1,random,0.15185185185185185,0.4,0.2,0.5
690,20,uniform,1,popular_group,0.15185185185185185,1.0,1.0,1.0
690,20,uniform,1,raw_distance,0.15185185185185185,0.2,0.1,0.25
690,20,uniform,1,raw_correlation,0.15185185185185185,0.4,0.4,0.25
690,20,uniform,1,mf_latent,0.15185185185185185,0.6,0.6,0.5
690,20,uniform,1,mf_impute,0.15185185185185185,0.4,0.2,1.0
690,20,uniform,2,random,0.08271604938271605,0.2,0.1,0.25
690,20,uniform,2,popular_group,0.08271604938271605,1.0,1.0,1.0
690,20,uniform,2,raw_distance,0.08271604938271605,0.2,0.1,0.25
690,20,uniform,2,raw_correlation,0.08271604938271605,0.2,0.2,0.2
690,20,uniform,2,mf_latent,0.08271604938271605,0.6,0.6,0.5
690,20,uniform,2,mf_impute,0.08271604938271605,0.4,0.2,1.0
696,20,uniform,1,random,0.15185185185185185,0.4,0.2,0.3333333333333333
696,20,uniform,1,popular_group,0.15185185185185185,1.0,1.0,1.0
696,20,uniform,1,raw_distance,0.15185185185185185,0.8,0.7,0.5
696,20,uniform,1,raw_correlation,0.15185185185185185,0.8,0.8,0.5
696,20,uniform,1,mf_latent,0.15185185185185185,0.6,0.6,0.3333333333333333
696,20,uniform,1,mf_impute,0.15185185185185185,0.6,0.5,1.0
696,20,uniform,2,random,0.08271604938271605,0.2,0.1,0.3333333333333333
696,20,uniform,2,popular_group,0.08271604938271605,1.0,1.0,1.0
696,20,uniform,2,raw_distance,0.08271604938271605,0.2,0.2,0.2
696,20,uniform,2,raw_correlation,0.08271604938271605,0.2,0.4,0.2
696,20,uniform,2,mf_latent,0.08271604938271605,0.4,0.4,0.25
696,20,uniform,2,mf_impute,0.08271604938271605,0.2,0.2,0.3333333333333333
700,20,uniform,1,random,0.15185185185185185,0.0,0.2,0.14285714285714285
700,20,uniform,1,popular_group,0.15185185185185185,1.0,1.0,1.0
700,20,uniform,1,raw_distance,0.15185185185185185,0.4,0.4,0.3333333333333333
700,20,uniform,1,raw_correlation,0.15185185185185185,0.4,0.2,0.5
700,20,uniform,1,mf_latent,0.15185185185185185,0.0,0.1,0.1
700,20,uniform,1,mf_impute,0.15185185185185185,0.2,0.4,0.5
700,20,uniform,2,random,0.030864197530864196,0.0,0.1,0.1111111111111111
700,20,uniform,2,popular_group,0.030864197530864196,0.0,0.0,0.0015873015873015873
700,20,uniform,2,raw_distance,0.030864197530864196,0.4,0.4,0.3333333333333333
700,20,uniform,2,raw_correlation,0.030864197530864196,0.4,0.2,0.5
700,20,uniform,2,mf_latent,0.030864197530864196,0.0,0.1,0.1
700,20,uniform,2,mf_impute,0.030864197530864196,0.2,0.4,0.5
701,20,uniform,1,random,0.15185185185185185,0.2,0.3,0.5
701,20,uniform,1,popular_group,0.15185185185185185,1.0,1.0,1.0
701,20,uniform,1,raw_distance,0.15185185185185185,0.8,0.8,1.0
701,20,uniform,1,raw_correlation,0.15185185185185185,0.6,0.7,1.0
701,20,uniform,1,mf_latent,0.15185185185185185,1.0,1.0,1.0
701,20,uniform,1,mf_impute,0.15185185185185185,1.0,1.0,1.0
701,20,uniform,2,random,0.030864197530864196,0.0,0.0,0.012195121951219513
701,20,uniform,2,popular_group,0.030864197530864196,0.0,0.0,0.0015873015873015873
701,20,uniform,2,raw_distance,0.030864197530864196,0.4,0.4,1.0
701,20,uniform,2,raw_correlation,0.030864197530864196,0.4,0.4,1.0
701,20,uniform,2,mf_latent,0.030864197530864196,0.8,0.8,1.0
701,20,uniform,2,mf_impute,0.030864197530864196,1.0,0.8,1.0
726,20,uniform,1,random,0.15185185185185185,0.2,0.4,0.2
726,20,uniform,1,popular_group,0.15185185185185185,1.0,1.0,1.0
726,20,uniform,1,raw_distance,0.15185185185185185,0.2,0.1,0.2
726,20,uniform,1,raw_correlation,0.15185185185185185,0.2,0.1,0.2
726,20,uniform,1,mf_latent,0.15185185185185185,0.0,0.0,0.0625
726,20,uniform,1,mf_impute,0.15185185185185185,0.0,0.0,0.058823529411764705
726,20,uniform,2,random,0.014814814814814815,0.0,0.0,0.006711409395973154
726,20,uniform,2,popular_group,0.014814814814814815,0.0,0.0,0.0015600624024961
726,20,uniform,2,raw_distance,0.014814814814814815,0.2,0.1,0.2
726,20,uniform,2,raw_correlation,0.014814814814814815,0.2,0.1,0.2
726,20,uniform,2,mf_latent,0.014814814814814815,0.0,0.0,0.0625
726,20,uniform,2,mf_impute,0.014814814814814815,0.0,0.0,0.04
744,20,uniform,1,random,0.15185185185185185,0.4,0.2,1.0
744,20,uniform,1,popular_group,0.15185185185185185,1.0,1.0,1.0
744,20,uniform,1,raw_distance,0.15185185185185185,1.0,0.8,1.0
744,20,uniform,1,raw_correlation,0.15185185185185185,1.0,0.7,1.0
744,20,uniform,1,mf_latent,0.15185185185185185,1.0,0.9,1.0
744,20,uniform,1,mf_impute,0.15185185185185185,1.0,0.9,1.0
744,20,uniform,2,random,0.014814814814814815,0.0,0.0,0.03571428571428571
744,20,uniform,2,popular_group,0.014814814814814815,0.0,0.0,0.0015220700152207
744,20,uniform,2,raw_distance,0.014814814814814815,0.2,0.3,1.0
744,20,uniform,2,raw_correlation,0.014814814814814815,0.2,0.2,1.0
744,20,uniform,2,mf_latent,0.014814814814814815,0.2,0.4,0.3333333333333333
744,20,uniform,2,mf_impute,0.014814814814814815,0.2,0.3,0.25
749,20,uniform,1,random,0.15185185185185185,0.6,0.3,0.5
749,20,uniform,1,popular_group,0.15185185185185185,1.0,1.0,1.0
749,20,uniform,1,raw_distance,0.15185185185185185,0.4,0.2,0.5
749,20,uniform,1,raw_correlation,0.15185185185185185,0.2,0.2,0.2
749,20,uniform,1,mf_latent,0.15185185185185185,0.4,0.3,1.0
749,20,uniform,1,mf_impute,0.15185185185185185,0.4,0.3,1.0
749,20,uniform,2,random,0.014814814814814815,0.2,0.1,0.3333333333333333
749,20,uniform,2,popular_group,0.014814814814814815,0.0,0.0,0.0015220700152207
749,20,uniform,2,raw_distance,0.014814814814814815,0.2,0.1,0.2
749,20,uniform,2,raw_correlation,0.014814814814814815,0.0,0.1,0.125
749,20,uniform,2,mf_latent,0.014814814814814815,0.2,0.1,1.0
749,20,uniform,2,mf_impute,0.014814814814814815,0.0,0.1,0.125
750,20,uniform,1,random,0.15185185185185185,0.2,0.2,0.3333333333333333
750,20,uniform,1,popular_group,0.15185185185185185,1.0,1.0,1.0
750,20,uniform,1,raw_distance,0.15185185185185185,0.8,0.8,1.0
750,20,uniform,1,raw_correlation,0.15185185185185185,0.8,0.8,1.0
750,20,uniform,1,mf_latent,0.15185185185185185,1.0,1.0,1.0
750,20,uniform,1,mf_impute,0.15185185185185185,0.8,0.9,1.0
750,20,uniform,2,random,0.014814814814814815,0.2,0.1,0.3333333333333333
750,20,uniform,2,popular_group,0.014814814814814815,0.0,0.0,0.0015220700152207
750,20,uniform,2,raw_distance,0.014814814814814815,0.4,0.2,1.0
750,20,uniform,2,raw_correlation,0.014814814814814815,0.4,0.3,1.0
750,20,uniform,2,mf_latent,0.014814814814814815,0.2,0.4,0.5
750,20,uniform,2,mf_impute,0.014814814814814815,0.2,0.2,0.25
766,20,uniform,1,random,0.03827160493827161,0.2,0.1,0.3333333333333333
766,20,uniform,1,popular_group,0.03827160493827161,0.0,0.0,0.0014727540500736377
766,20,uniform,1,raw_distance,0.03827160493827161,0.0,0.1,0.16666666666666666
766,20,uniform,1,raw_correlation,0.03827160493827161,0.2,0.2,1.0
766,20,uniform,1,mf_latent,0.03827160493827161,0.0,0.0,0.08333333333333333
766,20,uniform,1,mf_impute,0.03827160493827161,0.0,0.0,0.09090909090909091
766,20,uniform,2,random,0.006172839506172839,0.0,0.0,0.011627906976744186
766,20,uniform,2,popular_group,0.006172839506172839,0.0,0.0,0.0014285714285714286
766,20,uniform,2,raw_distance,0.006172839506172839,0.0,0.0,0.045454545454545456
766,20,uniform,2,raw_correlation,0.006172839506172839,0.0,0.1,0.1
766,20,uniform,2,mf_latent,0.006172839506172839,0.0,0.0,0.08333333333333333
766,20,uniform,2,mf_impute,0.006172839506172839,0.0,0.0,0.03333333333333333
772,20,uniform,1,random,0.03827160493827161,0.0,0.0,0.06666666666666667
772,20,uniform,1,popular_group,0.03827160493827161,0.0,0.0,0.0014727540500736377
772,20,uniform,1,raw_distance,0.03827160493827161,0.4,0.2,1.0
772,20,uniform,1,raw_correlation,0.03827160493827161,0.4,0.2,1.0
772,20,uniform,1,mf_latent,0.03827160493827161,0.2,0.2,0.2
772,20,uniform,1,mf_impute,0.03827160493827161,0.0,0.1,0.125
772,20,uniform,2,random,0.008641975308641974,0.0,0.0,0.00558659217877095
772,20,uniform,2,popular_group,0.008641975308641974,0.0,0.0,0.001443001443001443
772,20,uniform,2,raw_distance,0.008641975308641974,0.2,0.1,1.0
772,20,uniform,2,raw_correlation,0.008641975308641974,0.2,0.1,1.0
772,20,uniform,2,mf_latent,0.008641975308641974,0.2,0.1,0.2
772,20,uniform,2,mf_impute,0.008641975308641974,0.0,0.1,0.125
794,20,uniform,1,random,0.12469135802469136,0.2,0.2,0.25
794,20,uniform,1,popular_group,0.12469135802469136,0.0,0.0,0.008064516129032258
794,20,uniform,1,raw_distance,0.12469135802469136,1.0,0.8,1.0
794,20,uniform,1,raw_correlation,0.12469135802469136,1.0,0.8,1.0
794,20,uniform,1,mf_latent,0.12469135802469136,0.6,0.6,0.5
794,20,uniform,1,mf_impute,0.12469135802469136,0.8,0.7,1.0
794,20,uniform,2,random,0.014814814814814815,0.0,0.0,0.01282051282051282
794,20,uniform,2,popular_group,0.014814814814814815,0.0,0.0,0.0014184397163120568
794,20,uniform,2,raw_distance,0.014814814814814815,1.0,0.8,1.0
794,20,uniform,2,raw_correlation,0.014814814814814815,1.0,0.8,1.0
794,20,uniform,2,mf_latent,0.014814814814814815,0.6,0.6,0.5
794,20,uniform,2,mf_impute,0.014814814814814815,0.8,0.7,1.0
801,20,uniform,1,random,0.12469135802469136,0.0,0.1,0.16666666666666666
801,20,uniform,1,popular_group,0.12469135802469136,0.0,0.0,0.008064516129032258
801,20,uniform,1,raw_distance,0.12469135802469136,1.0,0.8,1.0
801,20,uniform,1,raw_correlation,0.12469135802469136,1.0,0.8,1.0
801,20,uniform,1,mf_latent,0.12469135802469136,1.0,0.9,1.0
801,20,uniform,1,mf_impute,0.12469135802469136,1.0,0.8,1.0
801,20,uniform,2,random,0.014814814814814815,0.0,0.0,0.09090909090909091
801,20,uniform,2,popular_group,0.014814814814814815,0.0,0.0,0.0014184397163120568
801,20,uniform,2,raw_distance,0.014814814814814815,1.0,0.8,1.0
801,20,uniform,2,raw_correlation,0.014814814814814815,1.0,0.8,1.0
801,20,uniform,2,mf_latent,0.014814814814814815,1.0,0.7,1.0
801,20,uniform,2,mf_impute,0.014814814814814815,1.0,0.8,1.0
803,20,uniform,1,random,0.12469135802469136,0.0,0.1,0.14285714285714285
803,20,uniform,1,popular_group,0.12469135802469136,0.0,0.0,0.008064516129032258
803,20,uniform,1,raw_distance,0.12469135802469136,1.0,0.8,1.0
803,20,uniform,1,raw_correlation,0.12469135802469136,1.0,0.8,1.0
803,20,uniform,1,mf_latent,0.12469135802469136,0.8,0.8,1.0
803,20,uniform,1,mf_impute,0.12469135802469136,1.0,0.8,1.0
803,20,uniform,2,random,0.014814814814814815,0.0,0.0,0.07692307692307693
803,20,uniform,2,popular_group,0.014814814814814815,0.0,0.0,0.0014184397163120568
803,20,uniform,2,raw_distance,0.014814814814814815,1.0,0.8,1.0
803,20,uniform,2,raw_correlation,0.014814814814814815,1.0,0.8,1.0
803,20,uniform,2,mf_latent,0.014814814814814815,0.8,0.8,1.0
803,20,uniform,2,mf_impute,0.014814814814814815,1.0,0.8,1.0
830,20,uniform,1,random,0.12469135802469136,0.0,0.1,0.16666666666666666
830,20,uniform,1,popular_group,0.12469135802469136,0.0,0.0,0.008064516129032258
830,20,uniform,1,raw_distance,0.12469135802469136,1.0,1.0,1.0
830,20,uniform,1,raw_correlation,0.12469135802469136,0.6,0.6,1.0
830,20,uniform,1,mf_latent,0.12469135802469136,1.0,1.0,1.0
830,20,uniform,1,mf_impute,0.12469135802469136,1.0,0.9,1.0
830,20,uniform,2,random,0.08271604938271605,0.0,0.1,0.16666666666666666
830,20,uniform,2,popular_group,0.08271604938271605,0.0,0.0,0.014492753623188406
830,20,uniform,2,raw_distance,0.08271604938271605,1.0,1.0,1.0
830,20,uniform,2,raw_correlation,0.08271604938271605,0.6,0.6,1.0
830,20,uniform,2,mf_latent,0.08271604938271605,1.0,1.0,1.0
830,20,uniform,2,mf_impute,0.08271604938271605,1.0,0.9,1.0
837,20,uniform,1,random,0.12469135802469136,0.0,0.0,0.05263157894736842
837,20,uniform,1,popular_group,0.12469135802469136,0.0,0.0,0.008064516129032258
837,20,uniform,1,raw_distance,0.12469135802469136,1.0,1.0,1.0
837,20,uniform,1,raw_correlation,0.12469135802469136,0.6,0.7,1.0
837,20,uniform,1,mf_latent,0.12469135802469136,0.8,0.9,1.0
837,20,uniform,1,mf_impute,0.12469135802469136,0.4,0.4,0.3333333333333333
837,20,uniform,2,random,0.08271604938271605,0.0,0.0,0.05263157894736842
837,20,uniform,2,popular_group,0.08271604938271605,0.0,0.0,0.014492753623188406
837,20,uniform,2,raw_distance,0.08271604938271605,1.0,1.0,1.0
837,20,uniform,2,raw_correlation,0.08271604938271605,0.6,0.7,1.0
837,20,uniform,2,mf_latent,0.08271604938271605,0.8,0.9,1.0
837,20,uniform,2,mf_impute,0.08271604938271605,0.4,0.4,0.3333333333333333
842,20,uniform,1,random,0.12469135802469136,0.4,0.2,0.5
842,20,uniform,1,popular_group,0.12469135802469136,0.0,0.0,0.008064516129032258
842,20,uniform,1,raw_distance,0.12469135802469136,1.0,1.0,1.0
842,20,uniform,1,raw_correlation,0.12469135802469136,1.0,1.0,1.0
842,20,uniform,1,mf_latent,0.12469135802469136,1.0,1.0,1.0
842,20,uniform,1,mf_impute,0.12469135802469136,1.0,1.0,1.0
842,20,uniform,2,random,0.08271604938271605,0.4,0.2,0.5
842,20,uniform,2,popular_group,0.08271604938271605,0.0,0.0,0.014492753623188406
842,20,uniform,2,raw_distance,0.08271604938271605,1.0,1.0,1.0
842,20,uniform,2,raw_correlation,0.08271604938271605,1.0,1.0,1.0
842,20,uniform,2,mf_latent,0.08271604938271605,1.0,1.0,1.0
842,20,uniform,2,mf_impute,0.08271604938271605,1.0,1.0,1.0
845,20,uniform,1,random,0.12469135802469136,0.0,0.0,0.0625
845,20,uniform,1,popular_group,0.12469135802469136,0.0,0.0,0.008064516129032258
845,20,uniform,1,raw_distance,0.12469135802469136,1.0,1.0,1.0
845,20,uniform,1,raw_correlation,0.12469135802469136,1.0,1.0,1.0
845,20,uniform,1,mf_latent,0.12469135802469136,1.0,1.0,1.0
845,20,uniform,1,mf_impute,0.12469135802469136,0.8,0.9,1.0
845,20,uniform,2,random,0.08271604938271605,0.0,0.0,0.0625
845,20,uniform,2,popular_group,0.08271604938271605,0.0,0.0,0.014492753623188406
845,20,uniform,2,raw_distance,0.08271604938271605,1.0,1.0,1.0
845,20,uniform,2,raw_correlation,0.08271604938271605,1.0,1.0,1.0
845,20,uniform,2,mf_latent,0.08271604938271605,1.0,1.0,1.0
845,20,uniform,2,mf_impute,0.08271604938271605,0.8,0.9,1.0
868,20,uniform,1,random,0.12469135802469136,0.2,0.1,1.0
868,20,uniform,1,popular_group,0.12469135802469136,0.0,0.0,0.008064516129032258
868,20,uniform,1,raw_distance,0.12469135802469136,1.0,0.9,1.0
868,20,uniform,1,raw_correlation,0.12469135802469136,0.8,0.8,1.0
868,20,uniform,1,mf_latent,0.12469135802469136,0.8,0.9,1.0
868,20,uniform,1,mf_impute,0.12469135802469136,1.0,1.0,1.0
868,20,uniform,2,random,0.08271604938271605,0.2,0.1,1.0
868,20,uniform,2,popular_group,0.08271604938271605,0.0,0.0,0.014492753623188406
868,20,uniform,2,raw_distance,0.08271604938271605,1.0,0.8,1.0
868,20,uniform,2,raw_correlation,0.08271604938271605,0.8,0.7,1.0
868,20,uniform,2,mf_latent,0.08271604938271605,0.8,0.8,1.0
868,20,uniform,2,mf_impute,0.08271604938271605,0.6,0.6,0.5
871,20,uniform,1,random,0.12469135802469136,0.0,0.0,0.08333333333333333
871,20,uniform,1,popular_group,0.12469135802469136,0.0,0.0,0.008064516129032258
871,20,uniform,1,raw_distance,0.12469135802469136,0.8,0.7,1.0
871,20,uniform,1,raw_correlation,0.12469135802469136,0.2,0.6,1.0
871,20,uniform,1,mf_latent,0.12469135802469136,0.8,0.7,1.0
871,20,uniform,1,mf_impute,0.12469135802469136,1.0,1.0,1.0
871,20,uniform,2,random,0.08271604938271605,0.0,0.0,0.058823529411764705
871,20,uniform,2,popular_group,0.08271604938271605,0.0,0.0,0.014492753623188406
871,20,uniform,2,raw_distance,0.08271604938271605,0.8,0.7,1.0
871,20,uniform,2,raw_correlation,0.08271604938271605,0.2,0.5,1.0
871,20,uniform,2,mf_latent,0.08271604938271605,0.6,0.6,1.0
871,20,uniform,2,mf_impute,0.08271604938271605,0.6,0.8,1.0
880,20,uniform,1,random,0.12469135802469136,0.0,0.1,0.16666666666666666
880,20,uniform,1,popular_group,0.12469135802469136,0.0,0.0,0.008064516129032258
880,20,uniform,1,raw_distance,0.12469135802469136,0.4,0.5,1.0
880,20,uniform,1,raw_correlation,0.12469135802469136,0.4,0.2,0.5
880,20,uniform,1,mf_latent,0.12469135802469136,0.0,0.2,0.16666666666666666
880,20,uniform,1,mf_impute,0.12469135802469136,0.4,0.3,1.0
880,20,uniform,2,random,0.08271604938271605,0.0,0.0,0.09090909090909091
880,20,uniform,2,popular_group,0.08271604938271605,0.0,0.0,0.014492753623188406
880,20,uniform,2,raw_distance,0.08271604938271605,0.4,0.3,1.0
880,20,uniform,2,raw_correlation,0.08271604938271605,0.4,0.2,0.5
880,20,uniform,2,mf_latent,0.08271604938271605,0.0,0.0,0.05263157894736842
880,20,uniform,2,mf_impute,0.08271604938271605,0.0,0.1,0.125
881,20,uniform,1,random,0.12469135802469136,0.2,0.2,1.0
881,20,uniform,1,popular_group,0.12469135802469136,0.0,0.0,0.008064516129032258
881,20,uniform,1,raw_distance,0.12469135802469136,1.0,0.6,1.0
881,20,uniform,1,raw_correlation,0.12469135802469136,1.0,0.5,1.0
881,20,uniform,1,mf_latent,0.12469135802469136,1.0,0.9,1.0
881,20,uniform,1,mf_impute,0.12469135802469136,1.0,0.7,1.0
881,20,uniform,2,random,0.08271604938271605,0.2,0.1,1.0
881,20,uniform,2,popular_group,0.08271604938271605,0.0,0.0,0.014492753623188406
881,20,uniform,2,raw_distance,0.08271604938271605,1.0,0.6,1.0
881,20,uniform,2,raw_correlation,0.08271604938271605,1.0,0.5,1.0
881,20,uniform,2,mf_latent,0.08271604938271605,1.0,0.8,1.0
881,20,uniform,2,mf_impute,0.08271604938271605,1.0,0.7,1.0
895,20,uniform,1,random,0.12469135802469136,0.0,0.1,0.16666666666666666
895,20,uniform,1,popular_group,0.12469135802469136,0.0,0.0,0.008064516129032258
895,20,uniform,1,raw_distance,0.12469135802469136,1.0,0.9,1.0
895,20,uniform,1,raw_correlation,0.12469135802469136,0.8,0.6,1.0
895,20,uniform,1,mf_latent,0.12469135802469136,0.8,0.7,1.0
895,20,uniform,1,mf_impute,0.12469135802469136,0.4,0.4,0.5
895,20,uniform,2,random,0.013580246913580247,0.0,0.0,0.06666666666666667
895,20,uniform,2,popular_group,0.013580246913580247,0.0,0.0,0.014705882352941176
895,20,uniform,2,raw_distance,0.013580246913580247,0.6,0.5,1.0
895,20,uniform,2,raw_correlation,0.013580246913580247,0.4,0.3,1.0
895,20,uniform,2,mf_latent,0.013580246913580247,0.4,0.2,0.3333333333333333
895,20,uniform,2,mf_impute,0.013580246913580247,0.2,0.2,0.25
37,40,uniform,1,random,0.10617283950617284,0.0,0.1,0.1
37,40,uniform,1,popular_group,0.10617283950617284,0.0,0.0,0.007142857142857143
37,40,uniform,1,raw_distance,0.10617283950617284,0.4,0.3,1.0
37,40,uniform,1,raw_correlation,0.10617283950617284,0.6,0.4,1.0
37,40,uniform,1,mf_latent,0.10617283950617284,0.6,0.5,1.0
37,40,uniform,1,mf_impute,0.10617283950617284,0.4,0.4,1.0
37,40,uniform,2,random,0.02345679012345679,0.0,0.1,0.1
37,40,uniform,2,popular_group,0.02345679012345679,0.0,0.0,0.0016501650165016502
37,40,uniform,2,raw_distance,0.02345679012345679,0.4,0.2,1.0
37,40,uniform,2,raw_correlation,0.02345679012345679,0.4,0.2,1.0
37,40,uniform,2,mf_latent,0.02345679012345679,0.4,0.3,1.0
37,40,uniform,2,mf_impute,0.02345679012345679,0.2,0.2,0.25
53,40,uniform,1,random,0.10617283950617284,0.2,0.2,0.3333333333333333
53,40,uniform,1,popular_group,0.10617283950617284,0.0,0.0,0.007142857142857143
53,40,uniform,1,raw_distance,0.10617283950617284,1.0,1.0,1.0
53,40,uniform,1,raw_correlation,0.10617283950617284,1.0,1.0,1.0
53,40,uniform,1,mf_latent,0.10617283950617284,1.0,1.0,1.0
53,40,uniform,1,mf_impute,0.10617283950617284,1.0,1.0,1.0
53,40,uniform,2,random,0.02345679012345679,0.2,0.1,0.3333333333333333
53,40,uniform,2,popular_group,0.02345679012345679,0.0,0.0,0.0016501650165016502
53,40,uniform,2,raw_distance,0.02345679012345679,0.6,0.5,1.0
53,40,uniform,2,raw_correlation,0.02345679012345679,0.2,0.2,0.3333333333333333
53,40,uniform,2,mf_latent,0.02345679012345679,0.4,0.4,0.25
53,40,uniform,2,mf_impute,0.02345679012345679,0.2,0.2,0.5
58,40,uniform,1,random,0.10617283950617284,0.0,0.1,0.1111111111111111
58,40,uniform,1,popular_group,0.10617283950617284,0.0,0.0,0.007142857142857143
58,40,uniform,1,raw_distance,0.10617283950617284,0.4,0.6,1.0
58,40,uniform,1,raw_correlation,0.10617283950617284,1.0,0.9,1.0
58,40,uniform,1,mf_latent,0.10617283950617284,1.0,1.0,1.0
58,40,uniform,1,mf_impute,0.10617283950617284,1.0,1.0,1.0
58,40,uniform,2,random,0.02345679012345679,0.0,0.0,0.08333333333333333
58,40,uniform,2,popular_group,0.02345679012345679,0.0,0.0,0.0016501650165016502
58,40,uniform,2,raw_distance,0.02345679012345679,0.4,0.5,1.0
58,40,uniform,2,raw_correlation,0.02345679012345679,0.4,0.4,0.3333333333333333
58,40,uniform,2,mf_latent,0.02345679012345679,0.4,0.3,1.0
58,40,uniform,2,mf_impute,0.02345679012345679,0.2,0.1,1.0
67,40,uniform,1,random,0.10617283950617284,0.2,0.1,0.25
67,40,uniform,1,popular_group,0.10617283950617284,0.0,0.0,0.007142857142857143
67,40,uniform,1,raw_distance,0.10617283950617284,0.8,0.6,1.0
67,40,uniform,1,raw_correlation,0.10617283950617284,0.4,0.5,1.0
67,40,uniform,1,mf_latent,0.10617283950617284,0.6,0.3,1.0
67,40,uniform,1,mf_impute,0.10617283950617284,0.4,0.3,0.5
67,40,uniform,2,random,0.011111111111111112,0.0,0.0,0.005154639175257732
67,40,uniform,2,popular_group,0.011111111111111112,0.0,0.0,0.0016750418760469012
67,40,uniform,2,raw_distance,0.011111111111111112,0.2,0.2,1.0
67,40,uniform,2,raw_correlation,0.011111111111111112,0.2,0.1,1.0
67,40,uniform,2,mf_latent,0.011111111111111112,0.2,0.1,1.0
67,40,uniform,2,mf_impute,0.011111111111111112,0.2,0.1,0.3333333333333333
70,40,uniform,1,random,0.10617283950617284,0.2,0.2,0.2
70,40,uniform,1,popular_group,0.10617283950617284,0.0,0.0,0.007142857142857143
70,40,uniform,1,raw_distance,0.10617283950617284,1.0,0.6,1.0
70,40,uniform,1,raw_correlation,0.10617283950617284,0.2,0.2,0.5
70,40,uniform,1,mf_latent,0.10617283950617284,0.2,0.3,1.0
70,40,uniform,1,mf_impute,0.10617283950617284,0.0,0.0,0.038461538461538464
70,40,uniform,2,random,0.03333333333333333,0.0,0.0,0.011627906976744186
70,40,uniform,2,popular_group,0.03333333333333333,0.0,0.0,0.0017605633802816902
70,40,uniform,2,raw_distance,0.03333333333333333,1.0,0.6,1.0
70,40,uniform,2,raw_correlation,0.03333333333333333,0.0,0.0,0.07692307692307693
70,40,uniform,2,mf_latent,0.03333333333333333,0.0,0.2,0.16666666666666666
70,40,uniform,2,mf_impute,0.03333333333333333,0.0,0.0,0.03333333333333333
72,40,uniform,1,random,0.10617283950617284,0.0,0.1,0.16666666666666666
72,40,uniform,1,popular_group,0.10617283950617284,0.0,0.0,0.007142857142857143
72,40,uniform,1,raw_distance,0.10617283950617284,1.0,1.0,1.0
72,40,uniform,1,raw_correlation,0.10617283950617284,0.8,0.7,1.0
72,40,uniform,1,mf_latent,0.10617283950617284,0.8,0.9,1.0
72,40,uniform,1,mf_impute,0.10617283950617284,1.0,0.8,1.0
72,40,uniform,2,random,0.03333333333333333,0.0,0.1,0.16666666666666666
72,40,uniform,2,popular_group,0.03333333333333333,0.0,0.0,0.0017605633802816902
72,40,uniform,2,raw_distance,0.03333333333333333,1.0,1.0,1.0
72,40,uniform,2,raw_correlation,0.03333333333333333,0.8,0.7,1.0
72,40,uniform,2,mf_latent,0.03333333333333333,0.6,0.6,1.0
72,40,uniform,2,mf_impute,0.03333333333333333,0.8,0.5,1.0
77,40,uniform,1,random,0.10617283950617284,0.4,0.4,0.5
77,40,uniform,1,popular_group,0.10617283950617284,0.0,0.0,0.007142857142857143
77,40,uniform,1,raw_distance,0.10617283950617284,0.4,0.4,0.5
77,40,uniform,1,raw_correlation,0.10617283950617284,0.0,0.1,0.1
77,40,uniform,1,mf_latent,0.10617283950617284,0.0,0.0,0.0625
77,40,uniform,1,mf_impute,0.10617283950617284,0.0,0.0,0.058823529411764705
77,40,uniform,2,random,0.03333333333333333,0.4,0.2,0.5
77,40,uniform,2,popular_group,0.03333333333333333,0.0,0.0,0.0017605633802816902
77,40,uniform,2,raw_distance,0.03333333333333333,0.4,0.4,0.5
77,40,uniform,2,raw_correlation,0.03333333333333333,0.0,0.1,0.1
77,40,uniform,2,mf_latent,0.03333333333333333,0.0,0.0,0.043478260869565216
77,40,uniform,2,mf_impute,0.03333333333333333,0.0,0.0,0.05263157894736842
87,40,uniform,1,random,0.10617283950617284,0.0,0.0,0.0625
87,40,uniform,1,popular_group,0.10617283950617284,0.0,0.0,0.007142857142857143
87,40,uniform,1,raw_distance,0.10617283950617284,0.2,0.4,0.2
87,40,uniform,1,raw_correlation,0.10617283950617284,0.0,0.0,0.023255813953488372
87,40,uniform,1,mf_latent,0.10617283950617284,0.0,0.1,0.1
87,40,uniform,1,mf_impute,0.10617283950617284,0.0,0.0,0.023809523809523808
87,40,uniform,2,random,0.03333333333333333,0.0,0.0,0.047619047619047616
87,40,uniform,2,popular_group,0.03333333333333333,0.0,0.0,0.0017605633802816902
87,40,uniform,2,raw_distance,0.03333333333333333,0.2,0.4,0.2
87,40,uniform,2,raw_correlation,0.03333333333333333,0.0,0.0,0.023255813953488372
87,40,uniform,2,mf_latent,0.03333333333333333,0.0,0.1,0.1
87,40,uniform,2,mf_impute,0.03333333333333333,0.0,0.0,0.023809523809523808
106,40,uniform,1,random,0.1259259259259259,0.0,0.1,0.16666666666666666
106,40,uniform,1,popular_group,0.1259259259259259,0.0,0.0,0.00641025641025641
106,40,uniform,1,raw_distance,0.1259259259259259,1.0,1.0,1.0
106,40,uniform,1,raw_correlation,0.1259259259259259,1.0,1.0,1.0
106,40,uniform,1,mf_latent,0.1259259259259259,1.0,1.0,1.0
106,40,uniform,1,mf_impute,0.1259259259259259,1.0,1.0,1.0
106,40,uniform,2,random,0.05432098765432099,0.0,0.1,0.16666666666666666
106,40,uniform,2,popular_group,0.05432098765432099,0.0,0.0,0.01
106,40,uniform,2,raw_distance,0.05432098765432099,1.0,1.0,1.0
106,40,uniform,2,raw_correlation,0.05432098765432099,1.0,1.0,1.0
106,40,uniform,2,mf_latent,0.05432098765432099,1.0,1.0,1.0
106,40,uniform,2,mf_impute,0.05432098765432099,1.0,1.0,1.0
114,40,uniform,1,random,0.1259259259259259,0.2,0.2,0.25
114,40,uniform,1,popular_group,0.1259259259259259,0.0,0.0,0.00641025641025641
114,40,uniform,1,raw_distance,0.1259259259259259,0.6,0.6,1.0
114,40,uniform,1,raw_correlation,0.1259259259259259,0.6,0.6,1.0
114,40,uniform,1,mf_latent,0.1259259259259259,0.8,0.8,1.0
114,40,uniform,1,mf_impute,0.1259259259259259,0.8,0.6,1.0
114,40,uniform,2,random,0.05432098765432099,0.2,0.1,0.25
114,40,uniform,2,popular_group,0.05432098765432099,0.0,0.0,0.01
114,40,uniform,2,raw_distance,0.05432098765432099,0.6,0.6,1.0
114,40,uniform,2,raw_correlation,0.05432098765432099,0.6,0.6,1.0
114,40,uniform,2,mf_latent,0.05432098765432099,0.8,0.7,1.0
114,40,uniform,2,mf_impute,0.05432098765432099,0.8,0.6,1.0
133,40,uniform,1,random,0.1259259259259259,0.2,0.1,0.5
133,40,uniform,1,popular_group,0.1259259259259259,0.0,0.0,0.00641025641025641
133,40,uniform,1,raw_distance,0.1259259259259259,1.0,1.0,1.0
133,40,uniform,1,raw_correlation,0.1259259259259259,1.0,1.0,1.0
133,40,uniform,1,mf_latent,0.1259259259259259,1.0,1.0,1.0
133,40,uniform,1,mf_impute,0.1259259259259259,1.0,1.0,1.0
133,40,uniform,2,random,0.05432098765432099,0.0,0.0,0.043478260869565216
133,40,uniform,2,popular_group,0.05432098765432099,0.0,0.0,0.01
133,40,uniform,2,raw_distance,0.05432098765432099,1.0,1.0,1.0
133,40,uniform,2,raw_correlation,0.05432098765432099,1.0,0.9,1.0
133,40,uniform,2,mf_latent,0.05432098765432099,1.0,1.0,1.0
133,40,uniform,2,mf_impute,0.05432098765432099,1.0,1.0,1.0
140,40,uniform,1,random,0.1259259259259259,0.0,0.0,0.047619047619047616
140,40,uniform,1,popular_group,0.1259259259259259,0.0,0.0,0.00641025641025641
140,40,uniform,1,raw_distance,0.1259259259259259,1.0,1.0,1.0
140,40,uniform,1,raw_correlation,0.1259259259259259,1.0,1.0,1.0
140,40,uniform,1,mf_latent,0.1259259259259259,1.0,1.0,1.0
140,40,uniform,1,mf_impute,0.1259259259259259,1.0,1.0,1.0
140,40,uniform,2,random,0.05432098765432099,0.0,0.0,0.02857142857142857
140,40,uniform,2,popular_group,0.05432098765432099,0.0,0.0,0.01
140,40,uniform,2,raw_distance,0.05432098765432099,1.0,1.0,1.0
140,40,uniform,2,raw_correlation,0.05432098765432099,1.0,0.9,1.0
140,40,uniform,2,mf_latent,0.05432098765432099,0.6,0.6,0.5
140,40,uniform,2,mf_impute,0.05432098765432099,1.0,1.0,1.0
143,40,uniform,1,random,0.1259259259259259,0.0,0.0,0.09090909090909091
143,40,uniform,1,popular_group,0.1259259259259259,0.0,0.0,0.00641025641025641
143,40,uniform,1,raw_distance,0.1259259259259259,1.0,1.0,1.0
143,40,uniform,1,raw_correlation,0.1259259259259259,1.0,1.0,1.0
143,40,uniform,1,mf_latent,0.1259259259259259,1.0,1.0,1.0
143,40,uniform,1,mf_impute,0.1259259259259259,1.0,1.0,1.0
143,40,uniform,2,random,0.05432098765432099,0.0,0.0,0.09090909090909091
143,40,uniform,2,popular_group,0.05432098765432099,0.0,0.0,0.01
143,40,uniform,2,raw_distance,0.05432098765432099,1.0,1.0,1.0
143,40,uniform,2,raw_correlation,0.05432098765432099,1.0,1.0,1.0
143,40,uniform,2,mf_latent,0.05432098765432099,1.0,1.0,1.0
143,40,uniform,2,mf_impute,0.05432098765432099,1.0,1.0,1.0
152,40,uniform,1,random,0.1259259259259259,0.0,0.1,0.14285714285714285
152,40,uniform,1,popular_group,0.1259259259259259,0.0,0.0,0.00641025641025641
152,40,uniform,1,raw_distance,0.1259259259259259,1.0,1.0,1.0
152,40,uniform,1,raw_correlation,0.1259259259259259,1.0,1.0,1.0
152,40,uniform,1,mf_latent,0.1259259259259259,1.0,1.0,1.0
152,40,uniform,1,mf_impute,0.1259259259259259,1.0,1.0,1.0
152,40,uniform,2,random,0.05432098765432099,0.0,0.0,0.06666666666666667
152,40,uniform,2,popular_group,0.05432098765432099,0.0,0.0,0.01
152,40,uniform,2,raw_distance,0.05432098765432099,1.0,1.0,1.0
152,40,uniform,2,raw_correlation,0.05432098765432099,1.0,1.0,1.0
152,40,uniform,2,mf_latent,0.05432098765432099,1.0,1.0,1.0
152,40,uniform,2,mf_impute,0.05432098765432099,1.0,1.0,1.0
165,40,uniform,1,random,0.1259259259259259,0.2,0.3,0.2
165,40,uniform,1,popular_group,0.1259259259259259,0.0,0.0,0.00641025641025641
165,40,uniform,1,raw_distance,0.1259259259259259,0.0,0.3,0.14285714285714285
165,40,uniform,1,raw_correlation,0.1259259259259259,0.0,0.1,0.1111111111111111
165,40,uniform,1,mf_latent,0.1259259259259259,0.2,0.1,1.0
165,40,uniform,1,mf_impute,0.1259259259259259,0.0,0.1,0.16666666666666666
165,40,uniform,2,random,0.06666666666666667,0.0,0.1,0.16666666666666666
165,40,uniform,2,popular_group,0.06666666666666667,0.0,0.0,0.007575757575757576
165,40,uniform,2,raw_distance,0.06666666666666667,0.0,0.2,0.1111111111111111
165,40,uniform,2,raw_correlation,0.06666666666666667,0.0,0.1,0.1111111111111111
165,40,uniform,2,mf_latent,0.06666666666666667,0.0,0.0,0.08333333333333333
165,40,uniform,2,mf_impute,0.06666666666666667,0.0,0.0,0.08333333333333333
167,40,uniform,1,random,0.1259259259259259,0.0,0.2,0.16666666666666666
167,40,uniform,1,popular_group,0.1259259259259259,0.0,0.0,0.00641025641025641
167,40,uniform,1,raw_distance,0.1259259259259259,0.0,0.0,0.012987012987012988
167,40,uniform,1,raw_correlation,0.1259259259259259,0.0,0.0,0.007352941176470588
167,40,uniform,1,mf_latent,0.1259259259259259,0.0,0.0,0.011111111111111112
167,40,uniform,1,mf_impute,0.1259259259259259,0.0,0.0,0.008064516129032258
167,40,uniform,2,random,0.06666666666666667,0.0,0.1,0.1
167,40,uniform,2,popular_group,0.06666666666666667,0.0,0.0,0.007575757575757576
167,40,uniform,2,raw_distance,0.06666666666666667,0.0,0.0,0.012987012987012988
167,40,uniform,2,raw_correlation,0.06666666666666667,0.0,0.0,0.007352941176470588
167,40,uniform,2,mf_latent,0.06666666666666667,0.0,0.0,0.011111111111111112
167,40,uniform,2,mf_impute,0.06666666666666667,0.0,0.0,0.008064516129032258
191,40,uniform,1,random,0.1259259259259259,0.0,0.0,0.07692307692307693
191,40,uniform,1,popular_group,0.1259259259259259,0.0,0.0,0.00641025641025641
191,40,uniform,1,raw_distance,0.1259259259259259,0.6,0.4,1.0
191,40,uniform,1,raw_correlation,0.1259259259259259,0.4,0.5,1.0
191,40,uniform,1,mf_latent,0.1259259259259259,0.6,0.6,1.0
191,40,uniform,1,mf_impute,0.1259259259259259,0.8,0.6,1.0
191,40,uniform,2,random,0.06666666666666667,0.0,0.0,0.07692307692307693
191,40,uniform,2,popular_group,0.06666666666666667,0.0,0.0,0.007575757575757576
191,40,uniform,2,raw_distance,0.06666666666666667,0.6,0.4,1.0
191,40,uniform,2,raw_correlation,0.06666666666666667,0.4,0.5,1.0
191,40,uniform,2,mf_latent,0.06666666666666667,0.4,0.5,1.0
191,40,uniform,2,mf_impute,0.06666666666666667,0.6,0.5,0.5
201,40,uniform,1,random,0.1259259259259259,0.0,0.0,0.07692307692307693
201,40,uniform,1,popular_group,0.1259259259259259,0.0,0.0,0.00641025641025641
201,40,uniform,1,raw_distance,0.1259259259259259,1.0,0.9,1.0
201,40,uniform,1,raw_correlation,0.1259259259259259,1.0,1.0,1.0
201,40,uniform,1,mf_latent,0.1259259259259259,1.0,1.0,1.0
201,40,uniform,1,mf_impute,0.1259259259259259,1.0,1.0,1.0
201,40,uniform,2,random,0.06666666666666667,0.0,0.0,0.06666666666666667
201,40,uniform,2,popular_group,0.06666666666666667,0.0,0.0,0.007575757575757576
201,40,uniform,2,raw_distance,0.06666666666666667,1.0,0.9,1.0
201,40,uniform,2,raw_correlation,0.06666666666666667,0.6,0.4,1.0
201,40,uniform,2,mf_latent,0.06666666666666667,0.4,0.3,1.0
201,40,uniform,2,mf_impute,0.06666666666666667,0.2,0.2,0.5
234,40,uniform,1,random,0.12345679012345678,0.2,0.1,0.25
234,40,uniform,1,popular_group,0.12345679012345678,0.0,0.0,0.004901960784313725
234,40,uniform,1,raw_distance,0.12345679012345678,1.0,1.0,1.0
234,40,uniform,1,raw_correlation,0.12345679012345678,1.0,1.0,1.0
234,40,uniform,1,mf_latent,0.12345679012345678,1.0,1.0,1.0
234,40,uniform,1,mf_impute,0.12345679012345678,1.0,1.0,1.0
234,40,uniform,2,random,0.0654320987654321,0.2,0.1,0.25
234,40,uniform,2,popular_group,0.0654320987654321,0.0,0.0,0.00510204081632653
234,40,uniform,2,raw_distance,0.0654320987654321,1.0,1.0,1.0
234,40,uniform,2,raw_correlation,0.0654320987654321,0.8,0.9,1.0
234,40,uniform,2,mf_latent,0.0654320987654321,1.0,1.0,1.0
234,40,uniform,2,mf_impute,0.0654320987654321,0.8,0.9,1.0
280,40,uniform,1,random,0.12345679012345678,0.0,0.1,0.125
280,40,uniform,1,popular_group,0.12345679012345678,0.0,0.0,0.004901960784313725
280,40,uniform,1,raw_distance,0.12345679012345678,1.0,0.7,1.0
280,40,uniform,1,raw_correlation,0.12345679012345678,0.8,0.7,1.0
280,40,uniform,1,mf_latent,0.12345679012345678,0.6,0.5,1.0
280,40,uniform,1,mf_impute,0.12345679012345678,0.4,0.7,1.0
280,40,uniform,2,random,0.043209876543209874,0.0,0.0,0.06666666666666667
280,40,uniform,2,popular_group,0.043209876543209874,0.0,0.0,0.004098360655737705
280,40,uniform,2,raw_distance,0.043209876543209874,1.0,0.7,1.0
280,40,uniform,2,raw_correlation,0.043209876543209874,0.6,0.5,1.0
280,40,uniform,2,mf_latent,0.043209876543209874,0.6,0.5,1.0
280,40,uniform,2,mf_impute,0.043209876543209874,0.4,0.7,1.0
285,40,uniform,1,random,0.12345679012345678,0.0,0.0,0.09090909090909091
285,40,uniform,1,popular_group,0.12345679012345678,0.0,0.0,0.004901960784313725
285,40,uniform,1,raw_distance,0.12345679012345678,1.0,1.0,1.0
285,40,uniform,1,raw_correlation,0.12345679012345678,1.0,1.0,1.0
285,40,uniform,1,mf_latent,0.12345679012345678,1.0,1.0,1.0
285,40,uniform,1,mf_impute,0.12345679012345678,1.0,1.0,1.0
285,40,uniform,2,random,0.043209876543209874,0.0,0.0,0.06666666666666667
285,40,uniform,2,popular_group,0.043209876543209874,0.0,0.0,0.004098360655737705
285,40,uniform,2,raw_distance,0.043209876543209874,1.0,1.0,1.0
285,40,uniform,2,raw_correlation,0.043209876543209874,1.0,0.9,1.0
285,40,uniform,2,mf_latent,0.043209876543209874,1.0,1.0,1.0
285,40,uniform,2,mf_impute,0.043209876543209874,1.0,1.0,1.0
292,40,uniform,1,random,0.12345679012345678,0.0,0.0,0.058823529411764705
292,40,uniform,1,popular_group,0.12345679012345678,0.0,0.0,0.004901960784313725
292,40,uniform,1,raw_distance,0.12345679012345678,1.0,0.9,1.0
292,40,uniform,1,raw_correlation,0.12345679012345678,1.0,1.0,1.0
292,40,uniform,1,mf_latent,0.12345679012345678,1.0,1.0,1.0
292,40,uniform,1,mf_impute,0.12345679012345678,1.0,1.0,1.0
292,40,uniform,2,random,0.043209876543209874,0.0,0.0,0.010416666666666666
292,40,uniform,2,popular_group,0.043209876543209874,0.0,0.0,0.004098360655737705
292,40,uniform,2,raw_distance,0.043209876543209874,0.8,0.7,1.0
292,40,uniform,2,raw_correlation,0.043209876543209874,0.0,0.3,0.16666666666666666
292,40,uniform,2,mf_latent,0.043209876543209874,0.4,0.7,0.3333333333333333
292,40,uniform,2,mf_impute,0.043209876543209874,0.4,0.3,0.3333333333333333
302,40,uniform,1,random,0.12345679012345678,0.0,0.0,0.08333333333333333
302,40,uniform,1,popular_group,0.12345679012345678,0.0,0.0,0.004901960784313725
302,40,uniform,1,raw_distance,0.12345679012345678,1.0,0.8,1.0
302,40,uniform,1,raw_correlation,0.12345679012345678,1.0,0.9,1.0
302,40,uniform,1,mf_latent,0.12345679012345678,0.8,0.9,1.0
302,40,uniform,1,mf_impute,0.12345679012345678,1.0,0.9,1.0
302,40,uniform,2,random,0.043209876543209874,0.0,0.0,0.08333333333333333
302,40,uniform,2,popular_group,0.043209876543209874,0.0,0.0,0.004098360655737705
302,40,uniform,2,raw_distance,0.043209876543209874,0.8,0.7,1.0
302,40,uniform,2,raw_correlation,0.043209876543209874,0.8,0.6,1.0
302,40,uniform,2,mf_latent,0.043209876543209874,0.8,0.4,1.0
302,40,uniform,2,mf_impute,0.043209876543209874,0.6,0.3,1.0
308,40,uniform,1,random,0.12345679012345678,0.0,0.2,0.14285714285714285
308,40,uniform,1,popular_group,0.12345679012345678,0.0,0.0,0.004901960784313725
308,40,uniform,1,raw_distance,0.12345679012345678,0.8,0.8,1.0
308,40,uniform,1,raw_correlation,0.12345679012345678,1.0,1.0,1.0
308,40,uniform,1,mf_latent,0.12345679012345678,0.8,0.9,1.0
308,40,uniform,1,mf_impute,0.12345679012345678,1.0,1.0,1.0
308,40,uniform,2,random,0.013580246913580247,0.0,0.0,0.018518518518518517
308,40,uniform,2,popular_group,0.013580246913580247,0.0,0.0,0.0036231884057971015
308,40,uniform,2,raw_distance,0.013580246913580247,0.4,0.2,0.5
308,40,uniform,2,raw_correlation,0.013580246913580247,0.2,0.3,1.0
308,40,uniform,2,mf_latent,0.013580246913580247,0.0,0.1,0.1111111111111111
308,40,uniform,2,mf_impute,0.013580246913580247,0.2,0.2,0.2
314,40,uniform,1,random,0.12345679012345678,0.2,0.1,0.2
314,40,uniform,1,popular_group,0.12345679012345678,0.0,0.0,0.004901960784313725
314,40,uniform,1,raw_distance,0.12345679012345678,0.8,0.5,1.0
314,40,uniform,1,raw_correlation,0.12345679012345678,0.8,0.9,1.0
314,40,uniform,1,mf_latent,0.12345679012345678,1.0,0.8,1.0
314,40,uniform,1,mf_impute,0.12345679012345678,1.0,1.0,1.0
314,40,uniform,2,random,0.013580246913580247,0.0,0.0,0.015873015873015872
314,40,uniform,2,popular_group,0.013580246913580247,0.0,0.0,0.0036231884057971015
314,40,uniform,2,raw_distance,0.013580246913580247,0.2,0.1,0.25
314,40,uniform,2,raw_correlation,0.013580246913580247,0.0,0.1,0.125
314,40,uniform,2,mf_latent,0.013580246913580247,0.4,0.3,1.0
314,40,uniform,2,mf_impute,0.013580246913580247,0.2,0.3,1.0
320,40,uniform,1,random,0.1,0.4,0.2,1.0
320,40,uniform,1,popular_group,0.1,0.0,0.0,0.0033333333333333335
320,40,uniform,1,raw_distance,0.1,0.6,0.4,1.0
320,40,uniform,1,raw_correlation,0.1,0.6,0.3,1.0
320,40,uniform,1,mf_latent,0.1,0.6,0.4,1.0
320,40,uniform,1,mf_impute,0.1,0.4,0.4,0.25
320,40,uniform,2,random,0.013580246913580247,0.0,0.0,0.019230769230769232
320,40,uniform,2,popular_group,0.013580246913580247,0.0,0.0,0.003424657534246575
320,40,uniform,2,raw_distance,0.013580246913580247,0.6,0.4,1.0
320,40,uniform,2,raw_correlation,0.013580246913580247,0.6,0.3,1.0
320,40,uniform,2,mf_latent,0.013580246913580247,0.6,0.4,1.0
320,40,uniform,2,mf_impute,0.013580246913580247,0.4,0.4,0.25
325,40,uniform,1,random,0.1,0.2,0.2,0.25
325,40,uniform,1,popular_group,0.1,0.0,0.0,0.0033333333333333335
325,40,uniform,1,raw_distance,0.1,0.6,0.3,1.0
325,40,uniform,1,raw_correlation,0.1,0.6,0.6,1.0
325,40,uniform,1,mf_latent,0.1,0.6,0.6,1.0
325,40,uniform,1,mf_impute,0.1,0.6,0.6,1.0
325,40,uniform,2,random,0.013580246913580247,0.0,0.0,0.02564102564102564
325,40,uniform,2,popular_group,0.013580246913580247,0.0,0.0,0.003424657534246575
325,40,uniform,2,raw_distance,0.013580246913580247,0.6,0.3,1.0
325,40,uniform,2,raw_correlation,0.013580246913580247,0.6,0.6,1.0
325,40,uniform,2,mf_latent,0.013580246913580247,0.6,0.6,1.0
325,40,uniform,2,mf_impute,0.013580246913580247,0.6,0.6,1.0
336,40,uniform,1,random,0.1,0.0,0.2,0.14285714285714285
336,40,uniform,1,popular_group,0.1,0.0,0.0,0.0033333333333333335
336,40,uniform,1,raw_distance,0.1,0.2,0.3,1.0
336,40,uniform,1,raw_correlation,0.1,0.6,0.4,1.0
336,40,uniform,1,mf_latent,0.1,0.8,0.7,0.5
336,40,uniform,1,mf_impute,0.1,1.0,0.6,1.0
336,40,uniform,2,random,0.04814814814814815,0.0,0.1,0.125
336,40,uniform,2,popular_group,0.04814814814814815,0.0,0.0,0.003246753246753247
336,40,uniform,2,raw_distance,0.04814814814814815,0.2,0.3,1.0
336,40,uniform,2,raw_correlation,0.04814814814814815,0.6,0.4,1.0
336,40,uniform,2,mf_latent,0.04814814814814815,0.8,0.7,0.5
336,40,uniform,2,mf_impute,0.04814814814814815,1.0,0.6,1.0
352,40,uniform,1,random,0.1,0.2,0.1,0.25
352,40,uniform,1,popular_group,0.1,0.0,0.0,0.0033333333333333335
352,40,uniform,1,raw_distance,0.1,0.0,0.2,0.14285714285714285
352,40,uniform,1,raw_correlation,0.1,0.4,0.4,0.3333333333333333
352,40,uniform,1,mf_latent,0.1,0.4,0.4,1.0
352,40,uniform,1,mf_impute,0.1,0.6,0.6,1.0
352,40,uniform,2,random,0.04814814814814815,0.2,0.1,0.25
352,40,uniform,2,popular_group,0.04814814814814815,0.0,0.0,0.003246753246753247
352,40,uniform,2,raw_distance,0.04814814814814815,0.0,0.2,0.14285714285714285
352,40,uniform,2,raw_correlation,0.04814814814814815,0.2,0.3,0.2
352,40,uniform,2,mf_latent,0.04814814814814815,0.4,0.4,1.0
352,40,uniform,2,mf_impute,0.04814814814814815,0.4,0.5,1.0
357,40,uniform,1,random,0.1,0.2,0.1,1.0
357,40,uniform,1,popular_group,0.1,0.0,0.0,0.0033333333333333335
357,40,uniform,1,raw_distance,0.1,1.0,0.6,1.0
357,40,uniform,1,raw_correlation,0.1,1.0,0.7,1.0
357,40,uniform,1,mf_latent,0.1,1.0,0.8,1.0
357,40,uniform,1,mf_impute,0.1,0.8,0.7,1.0
357,40,uniform,2,random,0.04814814814814815,0.2,0.1,1.0
357,40,uniform,2,popular_group,0.04814814814814815,0.0,0.0,0.003246753246753247
357,40,uniform,2,raw_distance,0.04814814814814815,1.0,0.6,1.0
357,40,uniform,2,raw_correlation,0.04814814814814815,1.0,0.7,1.0
357,40,uniform,2,mf_latent,0.04814814814814815,1.0,0.8,1.0
357,40,uniform,2,mf_impute,0.04814814814814815,0.8,0.7,1.0
359,40,uniform,1,random,0.1,0.0,0.1,0.125
359,40,uniform,1,popular_group,0.1,0.0,0.0,0.0033333333333333335
359,40,uniform,1,raw_distance,0.1,0.8,0.7,1.0
359,40,uniform,1,raw_correlation,0.1,0.6,0.7,1.0
359,40,uniform,1,mf_latent,0.1,1.0,0.8,1.0
359,40,uniform,1,mf_impute,0.1,1.0,0.7,1.0
359,40,uniform,2,random,0.04814814814814815,0.0,0.1,0.125
359,40,uniform,2,popular_group,0.04814814814814815,0.0,0.0,0.003246753246753247
359,40,uniform,2,raw_distance,0.04814814814814815,0.8,0.6,1.0
359,40,uniform,2,raw_correlation,0.04814814814814815,0.6,0.7,1.0
359,40,uniform,2,mf_latent,0.04814814814814815,0.4,0.4,1.0
359,40,uniform,2,mf_impute,0.04814814814814815,0.6,0.4,1.0
372,40,uniform,1,random,0.1,0.2,0.2,0.3333333333333333
372,40,uniform,1,popular_group,0.1,0.0,0.0,0.0033333333333333335
372,40,uniform,1,raw_distance,0.1,0.8,0.8,1.0
372,40,uniform,1,raw_correlation,0.1,0.6,0.5,1.0
372,40,uniform,1,mf_latent,0.1,1.0,0.9,1.0
372,40,uniform,1,mf_impute,0.1,0.8,0.9,1.0
372,40,uniform,2,random,0.04814814814814815,0.2,0.2,0.3333333333333333
372,40,uniform,2,popular_group,0.04814814814814815,0.0,0.0,0.003246753246753247
372,40,uniform,2,raw_distance,0.04814814814814815,0.8,0.8,1.0
372,40,uniform,2,raw_correlation,0.04814814814814815,0.6,0.5,1.0
372,40,uniform,2,mf_latent,0.04814814814814815,1.0,0.9,1.0
372,40,uniform,2,mf_impute,0.04814814814814815,0.8,0.9,1.0
373,40,uniform,1,random,0.1,0.0,0.1,0.14285714285714285
373,40,uniform,1,popular_group,0.1,0.0,0.0,0.0033333333333333335
373,40,uniform,1,raw_distance,0.1,1.0,1.0,1.0
373,40,uniform,1,raw_correlation,0.1,1.0,0.9,1.0
373,40,uniform,1,mf_latent,0.1,1.0,1.0,1.0
373,40,uniform,1,mf_impute,0.1,1.0,0.8,1.0
373,40,uniform,2,random,0.04814814814814815,0.0,0.0,0.03125
373,40,uniform,2,popular_group,0.04814814814814815,0.0,0.0,0.003246753246753247
373,40,uniform,2,raw_distance,0.04814814814814815,1.0,1.0,1.0
373,40,uniform,2,raw_correlation,0.04814814814814815,1.0,0.9,1.0
373,40,uniform,2,mf_latent,0.04814814814814815,1.0,1.0,1.0
373,40,uniform,2,mf_impute,0.04814814814814815,1.0,0.8,1.0
378,40,uniform,1,random,0.1,0.0,0.2,0.14285714285714285
378,40,uniform,1,popular_group,0.1,0.0,0.0,0.0033333333333333335
378,40,uniform,1,raw_distance,0.1,0.6,0.6,1.0
378,40,uniform,1,raw_correlation,0.1,0.6,0.4,1.0
378,40,uniform,1,mf_latent,0.1,0.8,0.5,0.5
378,40,uniform,1,mf_impute,0.1,0.6,0.5,0.5
378,40,uniform,2,random,0.012345679012345678,0.0,0.0,0.011494252873563218
378,40,uniform,2,popular_group,0.012345679012345678,0.0,0.0,0.0029411764705882353
378,40,uniform,2,raw_distance,0.012345679012345678,0.2,0.2,1.0
378,40,uniform,2,raw_correlation,0.012345679012345678,0.2,0.1,1.0
378,40,uniform,2,mf_latent,0.012345679012345678,0.2,0.1,0.3333333333333333
378,40,uniform,2,mf_impute,0.012345679012345678,0.2,0.1,0.5
381,40,uniform,1,random,0.1,0.0,0.0,0.07692307692307693
381,40,uniform,1,popular_group,0.1,0.0,0.0,0.0033333333333333335
381,40,uniform,1,raw_distance,0.1,0.6,0.6,1.0
381,40,uniform,1,raw_correlation,0.1,0.8,0.6,1.0
381,40,uniform,1,mf_latent,0.1,0.8,0.7,1.0
381,40,uniform,1,mf_impute,0.1,0.8,0.9,1.0
381,40,uniform,2,random,0.012345679012345678,0.0,0.0,0.012658227848101266
381,40,uniform,2,popular_group,0.012345679012345678,0.0,0.0,0.0029411764705882353
381,40,uniform,2,raw_distance,0.012345679012345678,0.4,0.3,0.5
381,40,uniform,2,raw_correlation,0.012345679012345678,0.4,0.3,1.0
381,40,uniform,2,mf_latent,0.012345679012345678,0.4,0.3,1.0
381,40,uniform,2,mf_impute,0.012345679012345678,0.6,0.4,1.0
389,40,uniform,1,random,0.1,0.0,0.2,0.1111111111111111
389,40,uniform,1,popular_group,0.1,0.0,0.0,0.0033333333333333335
389,40,uniform,1,raw_distance,0.1,0.4,0.3,1.0
389,40,uniform,1,raw_correlation,0.1,1.0,0.7,1.0
389,40,uniform,1,mf_latent,0.1,1.0,0.6,1.0
389,40,uniform,1,mf_impute,0.1,1.0,0.7,1.0
389,40,uniform,2,random,0.012345679012345678,0.0,0.0,0.0051813471502590676
389,40,uniform,2,popular_group,0.012345679012345678,0.0,0.0,0.0029411764705882353
389,40,uniform,2,raw_distance,0.012345679012345678,0.0,0.1,0.14285714285714285
389,40,uniform,2,raw_correlation,0.012345679012345678,0.0,0.1,0.16666666666666666
389,40,uniform,2,mf_latent,0.012345679012345678,0.2,0.1,0.5
389,40,uniform,2,mf_impute,0.012345679012345678,0.0,0.1,0.16666666666666666
403,40,uniform,1,random,0.1,0.0,0.0,0.058823529411764705
403,40,uniform,1,popular_group,0.1,0.0,0.0,0.0033333333333333335
403,40,uniform,1,raw_distance,0.1,0.2,0.1,0.2
403,40,uniform,1,raw_correlation,0.1,0.2,0.1,0.5
403,40,uniform,1,mf_latent,0.1,0.2,0.1,0.25
403,40,uniform,1,mf_impute,0.1,0.0,0.0,0.020833333333333332
403,40,uniform,2,random,0.020987654320987655,0.0,0.0,0.024390243902439025
403,40,uniform,2,popular_group,0.020987654320987655,0.0,0.0,0.0028089887640449437
403,40,uniform,2,raw_distance,0.020987654320987655,0.2,0.1,0.2
403,40,uniform,2,raw_correlation,0.020987654320987655,0.2,0.1,0.5
403,40,uniform,2,mf_latent,0.020987654320987655,0.2,0.1,0.25
403,40,uniform,2,mf_impute,0.020987654320987655,0.0,0.0,0.020833333333333332
408,40,uniform,1,random,0.1,0.2,0.1,0.2
408,40,uniform,1,popular_group,0.1,0.0,0.0,0.0033333333333333335
408,40,uniform,1,raw_distance,0.1,0.8,0.4,1.0
408,40,uniform,1,raw_correlation,0.1,0.6,0.6,1.0
408,40,uniform,1,mf_latent,0.1,0.6,0.4,1.0
408,40,uniform,1,mf_impute,0.1,0.6,0.4,1.0
408,40,uniform,2,random,0.003703703703703704,0.0,0.0,0.0625
408,40,uniform,2,popular_group,0.003703703703703704,0.0,0.0,0.002617801047120419
408,40,uniform,2,raw_distance,0.003703703703703704,0.4,0.2,1.0
408,40,uniform,2,raw_correlation,0.003703703703703704,0.4,0.2,1.0
408,40,uniform,2,mf_latent,0.003703703703703704,0.2,0.1,0.3333333333333333
408,40,uniform,2,mf_impute,0.003703703703703704,0.0,0.1,0.1111111111111111
413,40,uniform,1,random,0.1,0.0,0.0,0.058823529411764705
413,40,uniform,1,popular_group,0.1,0.0,0.0,0.0033333333333333335
413,40,uniform,1,raw_distance,0.1,0.0,0.1,0.16666666666666666
413,40,uniform,1,raw_correlation,0.1,0.0,0.0,0.09090909090909091
413,40,uniform,1,mf_latent,0.1,0.2,0.2,0.3333333333333333
413,40,uniform,1,mf_impute,0.1,0.0,0.1,0.1
413,40,uniform,2,random,0.0012345679012345679,0.0,0.0,0.0024875621890547263
413,40,uniform,2,popular_group,0.0012345679012345679,0.0,0.0,0.0026246719160104987
413,40,uniform,2,raw_distance,0.0012345679012345679,0.0,0.1,0.16666666666666666
413,40,uniform,2,raw_correlation,0.0012345679012345679,0.0,0.0,0.058823529411764705
413,40,uniform,2,mf_latent,0.0012345679012345679,0.2,0.1,0.3333333333333333
413,40,uniform,2,mf_impute,0.0012345679012345679,0.0,0.0,0.03571428571428571
415,40,uniform,1,random,0.10123456790123457,0.2,0.1,1.0
415,40,uniform,1,popular_group,0.10123456790123457,0.0,0.0,0.002631578947368421
415,40,uniform,1,raw_distance,0.10123456790123457,0.0,0.0,0.05263157894736842
415,40,uniform,1,raw_correlation,0.10123456790123457,0.0,0.0,0.041666666666666664
415,40,uniform,1,mf_latent,0.10123456790123457,0.2,0.1,0.2
415,40,uniform,1,mf_impute,0.10123456790123457,0.0,0.0,0.027777777777777776
415,40,uniform,2,random,0.0024691358024691358,0.0,0.0,0.029411764705882353
415,40,uniform,2,popular_group,0.0024691358024691358,0.0,0.0,0.002638522427440633
415,40,uniform,2,raw_distance,0.0024691358024691358,0.0,0.0,0.05263157894736842
415,40,uniform,2,raw_correlation,0.0024691358024691358,0.0,0.0,0.041666666666666664
415,40,uniform,2,mf_latent,0.0024691358024691358,0.2,0.1,0.2
415,40,uniform,2,mf_impute,0.0024691358024691358,0.0,0.0,0.027777777777777776
421,40,uniform,1,random,0.10123456790123457,0.4,0.3,1.0
421,40,uniform,1,popular_group,0.10123456790123457,0.0,0.0,0.002631578947368421
421,40,uniform,1,raw_distance,0.10123456790123457,0.2,0.4,0.3333333333333333
421,40,uniform,1,raw_correlation,0.10123456790123457,0.2,0.1,0.25
421,40,uniform,1,mf_latent,0.10123456790123457,0.8,0.4,1.0
421,40,uniform,1,mf_impute,0.10123456790123457,0.0,0.0,0.03571428571428571
421,40,uniform,2,random,0.028395061728395062,0.2,0.2,1.0
421,40,uniform,2,popular_group,0.028395061728395062,0.0,0.0,0.002688172043010753
421,40,uniform,2,raw_distance,0.028395061728395062,0.2,0.4,0.3333333333333333
421,40,uniform,2,raw_correlation,0.028395061728395062,0.2,0.1,0.25
421,40,uniform,2,mf_latent,0.028395061728395062,0.8,0.4,1.0
421,40,uniform,2,mf_impute,0.028395061728395062,0.0,0.0,0.03571428571428571
424,40,uniform,1,random,0.10123456790123457,0.2,0.1,1.0
424,40,uniform,1,popular_group,0.10123456790123457,0.0,0.0,0.002631578947368421
424,40,uniform,1,raw_distance,0.10123456790123457,0.4,0.5,1.0
424,40,uniform,1,raw_correlation,0.10123456790123457,0.2,0.3,0.5
424,40,uniform,1,mf_latent,0.10123456790123457,0.8,0.5,1.0
424,40,uniform,1,mf_impute,0.10123456790123457,0.6,0.4,1.0
424,40,uniform,2,random,0.028395061728395062,0.0,0.0,0.012987012987012988
424,40,uniform,2,popular_group,0.028395061728395062,0.0,0.0,0.002688172043010753
424,40,uniform,2,raw_distance,0.028395061728395062,0.2,0.4,1.0
424,40,uniform,2,raw_correlation,0.028395061728395062,0.2,0.3,0.5
424,40,uniform,2,mf_latent,0.028395061728395062,0.6,0.4,1.0
424,40,uniform,2,mf_impute,0.028395061728395062,0.6,0.4,1.0
430,40,uniform,1,random,0.10123456790123457,0.2,0.1,0.2
430,40,uniform,1,popular_group,0.10123456790123457,0.0,0.0,0.002631578947368421
430,40,uniform,1,raw_distance,0.10123456790123457,0.6,0.5,1.0
430,40,uniform,1,raw_correlation,0.10123456790123457,0.6,0.4,1.0
430,40,uniform,1,mf_latent,0.10123456790123457,0.6,0.4,1.0
430,40,uniform,1,mf_impute,0.10123456790123457,0.2,0.3,1.0
430,40,uniform,2,random,0.028395061728395062,0.2,0.1,0.2
430,40,uniform,2,popular_group,0.028395061728395062,0.0,0.0,0.002688172043010753
430,40,uniform,2,raw_distance,0.028395061728395062,0.4,0.4,1.0
430,40,uniform,2,raw_correlation,0.028395061728395062,0.6,0.3,1.0
430,40,uniform,2,mf_latent,0.028395061728395062,0.6,0.3,1.0
430,40,uniform,2,mf_impute,0.028395061728395062,0.2,0.2,1.0
432,40,uniform,1,random,0.10123456790123457,0.0,0.0,0.07142857142857142
432,40,uniform,1,popular_group,0.10123456790123457,0.0,0.0,0.002631578947368421
432,40,uniform,1,raw_distance,0.10123456790123457,0.6,0.5,1.0
432,40,uniform,1,raw_correlation,0.10123456790123457,0.4,0.4,0.5
432,40,uniform,1,mf_latent,0.10123456790123457,0.6,0.6,1.0
432,40,uniform,1,mf_impute,0.10123456790123457,0.4,0.3,1.0
432,40,uniform,2,random,0.028395061728395062,0.0,0.0,0.07142857142857142
432,40,uniform,2,popular_group,0.028395061728395062,0.0,0.0,0.002688172043010753
432,40,uniform,2,raw_distance,0.028395061728395062,0.6,0.5,1.0
432,40,uniform,2,raw_correlation,0.028395061728395062,0.4,0.4,0.5
432,40,uniform,2,mf_latent,0.028395061728395062,0.4,0.3,1.0
432,40,uniform,2,mf_impute,0.028395061728395062,0.4,0.3,1.0
457,40,uniform,1,random,0.10123456790123457,0.0,0.0,0.09090909090909091
457,40,uniform,1,popular_group,0.10123456790123457,0.0,0.0,0.002631578947368421
457,40,uniform,1,raw_distance,0.10123456790123457,0.6,0.6,1.0
457,40,uniform,1,raw_correlation,0.10123456790123457,0.6,0.5,1.0
457,40,uniform,1,mf_latent,0.10123456790123457,1.0,1.0,1.0
457,40,uniform,1,mf_impute,0.10123456790123457,1.0,0.8,1.0
457,40,uniform,2,random,0.019753086419753086,0.0,0.0,0.0125
457,40,uniform,2,popular_group,0.019753086419753086,0.0,0.0,0.0024752475247524753
457,40,uniform,2,raw_distance,0.019753086419753086,0.0,0.2,0.125
457,40,uniform,2,raw_correlation,0.019753086419753086,0.0,0.2,0.14285714285714285
457,40,uniform,2,mf_latent,0.019753086419753086,0.4,0.3,0.25
457,40,uniform,2,mf_impute,0.019753086419753086,0.2,0.2,0.2
468,40,uniform,1,random,0.10123456790123457,0.2,0.2,0.3333333333333333
468,40,uniform,1,popular_group,0.10123456790123457,0.0,0.0,0.002631578947368421
468,40,uniform,1,raw_distance,0.10123456790123457,0.0,0.0,0.016666666666666666
468,40,uniform,1,raw_correlation,0.10123456790123457,0.0,0.0,0.058823529411764705
468,40,uniform,1,mf_latent,0.10123456790123457,0.0,0.0,0.022727272727272728
468,40,uniform,1,mf_impute,0.10123456790123457,0.0,0.0,0.016666666666666666
468,40,uniform,2,random,0.044444444444444446,0.0,0.0,0.022222222222222223
468,40,uniform,2,popular_group,0.044444444444444446,0.0,0.0,0.002380952380952381
468,40,uniform,2,raw_distance,0.044444444444444446,0.0,0.0,0.016666666666666666
468,40,uniform,2,raw_correlation,0.044444444444444446,0.0,0.0,0.058823529411764705
468,40,uniform,2,mf_latent,0.044444444444444446,0.0,0.0,0.022727272727272728
468,40,uniform,2,mf_impute,0.044444444444444446,0.0,0.0,0.013333333333333334
473,40,uniform,1,random,0.10123456790123457,0.0,0.1,0.125
473,40,uniform,1,popular_group,0.10123456790123457,0.0,0.0,0.002631578947368421
473,40,uniform,1,raw_distance,0.10123456790123457,0.0,0.2,0.16666666666666666
473,40,uniform,1,raw_correlation,0.10123456790123457,0.2,0.1,0.25
473,40,uniform,1,mf_latent,0.10123456790123457,0.4,0.3,0.5
473,40,uniform,1,mf_impute,0.10123456790123457,0.0,0.0,0.08333333333333333
473,40,uniform,2,random,0.044444444444444446,0.0,0.0,0.03125
473,40,uniform,2,popular_group,0.044444444444444446,0.0,0.0,0.002380952380952381
473,40,uniform,2,raw_distance,0.044444444444444446,0.0,0.1,0.1111111111111111
473,40,uniform,2,raw_correlation,0.044444444444444446,0.2,0.1,0.25
473,40,uniform,2,mf_latent,0.044444444444444446,0.0,0.1,0.125
473,40,uniform,2,mf_impute,0.044444444444444446,0.0,0.0,0.08333333333333333
501,40,uniform,1,random,0.10123456790123457,0.0,0.0,0.05555555555555555
501,40,uniform,1,popular_group,0.10123456790123457,0.0,0.0,0.002631578947368421
501,40,uniform,1,raw_distance,0.10123456790123457,0.2,0.1,1.0
501,40,uniform,1,raw_correlation,0.10123456790123457,0.4,0.2,1.0
501,40,uniform,1,mf_latent,0.10123456790123457,0.4,0.5,1.0
501,40,uniform,1,mf_impute,0.10123456790123457,0.6,0.4,1.0
501,40,uniform,2,random,0.003703703703703704,0.0,0.0,0.006711409395973154
501,40,uniform,2,popular_group,0.003703703703703704,0.0,0.0,0.002178649237472767
501,40,uniform,2,raw_distance,0.003703703703703704,0.2,0.1,1.0
501,40,uniform,2,raw_correlation,0.003703703703703704,0.2,0.1,1.0
501,40,uniform,2,mf_latent,0.003703703703703704,0.2,0.1,1.0
501,40,uniform,2,mf_impute,0.003703703703703704,0.2,0.1,1.0
532,40,uniform,1,random,0.12098765432098765,0.2,0.1,1.0
532,40,uniform,1,popular_group,0.12098765432098765,0.0,0.0,0.002173913043478261
532,40,uniform,1,raw_distance,0.12098765432098765,0.8,0.6,1.0
532,40,uniform,1,raw_correlation,0.12098765432098765,0.8,0.5,1.0
532,40,uniform,1,mf_latent,0.12098765432098765,0.4,0.5,0.5
532,40,uniform,1,mf_impute,0.12098765432098765,0.4,0.3,0.3333333333333333
532,40,uniform,2,random,0.018518518518518517,0.2,0.1,1.0
532,40,uniform,2,popular_group,0.018518518518518517,0.0,0.0,0.002136752136752137
532,40,uniform,2,raw_distance,0.018518518518518517,0.2,0.3,0.3333333333333333
532,40,uniform,2,raw_correlation,0.018518518518518517,0.2,0.2,0.2
532,40,uniform,2,mf_latent,0.018518518518518517,0.4,0.2,0.5
532,40,uniform,2,mf_impute,0.018518518518518517,0.0,0.0,0.07692307692307693
536,40,uniform,1,random,0.12098765432098765,0.0,0.0,0.05263157894736842
536,40,uniform,1,popular_group,0.12098765432098765,0.0,0.0,0.002173913043478261
536,40,uniform,1,raw_distance,0.12098765432098765,0.8,0.7,1.0
536,40,uniform,1,raw_correlation,0.12098765432098765,0.8,0.6,1.0
536,40,uniform,1,mf_latent,0.12098765432098765,0.4,0.4,0.3333333333333333
536,40,uniform,1,mf_impute,0.12098765432098765,0.6,0.4,0.5
536,40,uniform,2,random,0.018518518518518517,0.0,0.0,0.023255813953488372
536,40,uniform,2,popular_group,0.018518518518518517,0.0,0.0,0.002136752136752137
536,40,uniform,2,raw_distance,0.018518518518518517,0.8,0.5,1.0
536,40,uniform,2,raw_correlation,0.018518518518518517,0.8,0.5,1.0
536,40,uniform,2,mf_latent,0.018518518518518517,0.4,0.4,0.3333333333333333
536,40,uniform,2,mf_impute,0.018518518518518517,0.6,0.4,0.5
538,40,uniform,1,random,0.12098765432098765,0.0,0.1,0.1111111111111111
538,40,uniform,1,popular_group,0.12098765432098765,0.0,0.0,0.002173913043478261
538,40,uniform,1,raw_distance,0.12098765432098765,1.0,1.0,1.0
538,40,uniform,1,raw_correlation,0.12098765432098765,1.0,0.9,1.0
538,40,uniform,1,mf_latent,0.12098765432098765,1.0,1.0,1.0
538,40,uniform,1,mf_impute,0.12098765432098765,1.0,0.8,1.0
538,40,uniform,2,random,0.018518518518518517,0.0,0.0,0.008547008547008548
538,40,uniform,2,popular_group,0.018518518518518517,0.0,0.0,0.002136752136752137
538,40,uniform,2,raw_distance,0.018518518518518517,0.4,0.6,1.0
538,40,uniform,2,raw_correlation,0.018518518518518517,1.0,0.8,1.0
538,40,uniform,2,mf_latent,0.018518518518518517,0.4,0.5,0.5
538,40,uniform,2,mf_impute,0.018518518518518517,0.8,0.6,1.0
563,40,uniform,1,random,0.12098765432098765,0.0,0.1,0.1
563,40,uniform,1,popular_group,0.12098765432098765,0.0,0.0,0.002173913043478261
563,40,uniform,1,raw_distance,0.12098765432098765,1.0,0.8,1.0
563,40,uniform,1,raw_correlation,0.12098765432098765,0.8,0.6,1.0
563,40,uniform,1,mf_latent,0.12098765432098765,1.0,0.8,1.0
563,40,uniform,1,mf_impute,0.12098765432098765,0.4,0.5,1.0
563,40,uniform,2,random,0.03827160493827161,0.0,0.1,0.1
563,40,uniform,2,popular_group,0.03827160493827161,0.0,0.0,0.002066115702479339
563,40,uniform,2,raw_distance,0.03827160493827161,1.0,0.8,1.0
563,40,uniform,2,raw_correlation,0.03827160493827161,0.8,0.6,1.0
563,40,uniform,2,mf_latent,0.03827160493827161,0.8,0.5,1.0
563,40,uniform,2,mf_impute,0.03827160493827161,0.4,0.5,1.0
570,40,uniform,1,random,0.12098765432098765,0.0,0.0,0.08333333333333333
570,40,uniform,1,popular_group,0.12098765432098765,0.0,0.0,0.002173913043478261
570,40,uniform,1,raw_distance,0.12098765432098765,0.4,0.2,0.3333333333333333
570,40,uniform,1,raw_correlation,0.12098765432098765,0.4,0.5,1.0
570,40,uniform,1,mf_latent,0.12098765432098765,0.6,0.6,1.0
570,40,uniform,1,mf_impute,0.12098765432098765,0.8,0.6,1.0
570,40,uniform,2,random,0.03827160493827161,0.0,0.0,0.022222222222222223
570,40,uniform,2,popular_group,0.03827160493827161,0.0,0.0,0.002066115702479339
570,40,uniform,2,raw_distance,0.03827160493827161,0.4,0.2,0.3333333333333333
570,40,uniform,2,raw_correlation,0.03827160493827161,0.0,0.0,0.07142857142857142
570,40,uniform,2,mf_latent,0.03827160493827161,0.2,0.2,0.3333333333333333
570,40,uniform,2,mf_impute,0.03827160493827161,0.2,0.2,0.2
582,40,uniform,1,random,0.12098765432098765,0.0,0.1,0.1111111111111111
582,40,uniform,1,popular_group,0.12098765432098765,0.0,0.0,0.002173913043478261
582,40,uniform,1,raw_distance,0.12098765432098765,0.4,0.6,1.0
582,40,uniform,1,raw_correlation,0.12098765432098765,1.0,0.9,1.0
582,40,uniform,1,mf_latent,0.12098765432098765,1.0,0.8,1.0
582,40,uniform,1,mf_impute,0.12098765432098765,0.6,0.4,1.0
582,40,uniform,2,random,0.037037037037037035,0.0,0.0,0.03333333333333333
582,40,uniform,2,popular_group,0.037037037037037035,0.0,0.0,0.001937984496124031
582,40,uniform,2,raw_distance,0.037037037037037035,0.2,0.1,1.0
582,40,uniform,2,raw_correlation,0.037037037037037035,0.2,0.1,1.0
582,40,uniform,2,mf_latent,0.037037037037037035,0.2,0.2,0.5
582,40,uniform,2,mf_impute,0.037037037037037035,0.2,0.1,1.0
591,40,uniform,1,random,0.12098765432098765,0.2,0.1,0.3333333333333333
591,40,uniform,1,popular_group,0.12098765432098765,0.0,0.0,0.002173913043478261
591,40,uniform,1,raw_distance,0.12098765432098765,0.8,0.6,1.0
591,40,uniform,1,raw_correlation,0.12098765432098765,0.4,0.4,1.0
591,40,uniform,1,mf_latent,0.12098765432098765,0.8,0.8,1.0
591,40,uniform,1,mf_impute,0.12098765432098765,0.6,0.6,1.0
591,40,uniform,2,random,0.037037037037037035,0.2,0.1,0.3333333333333333
591,40,uniform,2,popular_group,0.037037037037037035,0.0,0.0,0.001937984496124031
591,40,uniform,2,raw_distance,0.037037037037037035,0.8,0.6,1.0
591,40,uniform,2,raw_correlation,0.037037037037037035,0.4,0.4,1.0
591,40,uniform,2,mf_latent,0.037037037037037035,0.8,0.8,1.0
591,40,uniform,2,mf_impute,0.037037037037037035,0.6,0.6,1.0
594,40,uniform,1,random,0.12098765432098765,0.0,0.0,0.030303030303030304
594,40,uniform,1,popular_group,0.12098765432098765,0.0,0.0,0.002173913043478261
594,40,uniform,1,raw_distance,0.12098765432098765,0.4,0.6,1.0
594,40,uniform,1,raw_correlation,0.12098765432098765,0.2,0.2,1.0
594,40,uniform,1,mf_latent,0.12098765432098765,0.4,0.3,1.0
594,40,uniform,1,mf_impute,0.12098765432098765,0.0,0.1,0.1111111111111111
594,40,uniform,2,random,0.037037037037037035,0.0,0.0,0.030303030303030304
594,40,uniform,2,popular_group,0.037037037037037035,0.0,0.0,0.001937984496124031
594,40,uniform,2,raw_distance,0.037037037037037035,0.4,0.6,1.0
594,40,uniform,2,raw_correlation,0.037037037037037035,0.2,0.2,1.0
594,40,uniform,2,mf_latent,0.037037037037037035,0.4,0.3,1.0
594,40,uniform,2,mf_impute,0.037037037037037035,0.0,0.1,0.1111111111111111
596,40,uniform,1,random,0.12098765432098765,0.0,0.3,0.16666666666666666
596,40,uniform,1,popular_group,0.12098765432098765,0.0,0.0,0.002173913043478261
596,40,uniform,1,raw_distance,0.12098765432098765,0.4,0.3,1.0
596,40,uniform,1,raw_correlation,0.12098765432098765,0.4,0.4,1.0
596,40,uniform,1,mf_latent,0.12098765432098765,0.6,0.7,1.0
596,40,uniform,1,mf_impute,0.12098765432098765,0.6,0.4,1.0
596,40,uniform,2,random,0.037037037037037035,0.0,0.0,0.05555555555555555
596,40,uniform,2,popular_group,0.037037037037037035,0.0,0.0,0.001937984496124031
596,40,uniform,2,raw_distance,0.037037037037037035,0.4,0.2,1.0
596,40,uniform,2,raw_correlation,0.037037037037037035,0.2,0.1,1.0
596,40,uniform,2,mf_latent,0.037037037037037035,0.2,0.1,1.0
596,40,uniform,2,mf_impute,0.037037037037037035,0.2,0.1,1.0
597,40,uniform,1,random,0.12098765432098765,0.0,0.2,0.14285714285714285
597,40,uniform,1,popular_group,0.12098765432098765,0.0,0.0,0.002173913043478261
597,40,uniform,1,raw_distance,0.12098765432098765,1.0,0.9,1.0
597,40,uniform,1,raw_correlation,0.12098765432098765,1.0,1.0,1.0
597,40,uniform,1,mf_latent,0.12098765432098765,1.0,1.0,1.0
597,40,uniform,1,mf_impute,0.12098765432098765,1.0,1.0,1.0
597,40,uniform,2,random,0.037037037037037035,0.0,0.0,0.07692307692307693
597,40,uniform,2,popular_group,0.037037037037037035,0.0,0.0,0.001937984496124031
597,40,uniform,2,raw_distance,0.037037037037037035,1.0,0.9,1.0
597,40,uniform,2,raw_correlation,0.037037037037037035,1.0,1.0,1.0
597,40,uniform,2,mf_latent,0.037037037037037035,1.0,1.0,1.0
597,40,uniform,2,mf_impute,0.037037037037037035,1.0,1.0,1.0
605,40,uniform,1,random,0.12098765432098765,0.4,0.3,0.5
605,40,uniform,1,popular_group,0.12098765432098765,0.0,0.0,0.002173913043478261
605,40,uniform,1,raw_distance,0.12098765432098765,0.8,0.5,1.0
605,40,uniform,1,raw_correlation,0.12098765432098765,0.8,0.5,1.0
605,40,uniform,1,mf_latent,0.12098765432098765,0.8,0.5,1.0
605,40,uniform,1,mf_impute,0.12098765432098765,0.6,0.3,0.5
605,40,uniform,2,random,0.037037037037037035,0.0,0.0,0.0625
605,40,uniform,2,popular_group,0.037037037037037035,0.0,0.0,0.001937984496124031
605,40,uniform,2,raw_distance,0.037037037037037035,0.8,0.5,1.0
605,40,uniform,2,raw_correlation,0.037037037037037035,0.8,0.5,1.0
605,40,uniform,2,mf_latent,0.037037037037037035,0.8,0.5,1.0
605,40,uniform,2,mf_impute,0.037037037037037035,0.6,0.3,0.5
607,40,uniform,1,random,0.12098765432098765,0.2,0.3,0.2
607,40,uniform,1,popular_group,0.12098765432098765,0.0,0.0,0.002173913043478261
607,40,uniform,1,raw_distance,0.12098765432098765,0.4,0.3,1.0
607,40,uniform,1,raw_correlation,0.12098765432098765,0.2,0.1,1.0
607,40,uniform,1,mf_latent,0.12098765432098765,0.2,0.1,0.25
607,40,uniform,1,mf_impute,0.12098765432098765,0.0,0.0,0.05555555555555555
607,40,uniform,2,random,0.037037037037037035,0.0,0.0,0.08333333333333333
607,40,uniform,2,popular_group,0.037037037037037035,0.0,0.0,0.001937984496124031
607,40,uniform,2,raw_distance,0.037037037037037035,0.4,0.3,1.0
607,40,uniform,2,raw_correlation,0.037037037037037035,0.2,0.1,1.0
607,40,uniform,2,mf_latent,0.037037037037037035,0.2,0.1,0.25
607,40,uniform,2,mf_impute,0.037037037037037035,0.0,0.0,0.05555555555555555
627,40,uniform,1,random,0.15185185185185185,0.0,0.1,0.16666666666666666
627,40,uniform,1,popular_group,0.15185185185185185,1.0,1.0,1.0
627,40,uniform,1,raw_distance,0.15185185185185185,1.0,0.7,1.0
627,40,uniform,1,raw_correlation,0.15185185185185185,0.8,0.8,1.0
627,40,uniform,1,mf_latent,0.15185185185185185,1.0,0.8,1.0
627,40,uniform,1,mf_impute,0.15185185185185185,1.0,0.6,1.0
627,40,uniform,2,random,0.08271604938271605,0.0,0.0,0.07142857142857142
627,40,uniform,2,popular_group,0.08271604938271605,1.0,1.0,1.0
627,40,uniform,2,raw_distance,0.08271604938271605,1.0,0.7,1.0
627,40,uniform,2,raw_correlation,0.08271604938271605,0.8,0.8,1.0
627,40,uniform,2,mf_latent,0.08271604938271605,1.0,0.8,1.0
627,40,uniform,2,mf_impute,0.08271604938271605,1.0,0.6,1.0
628,40,uniform,1,random,0.15185185185185185,0.4,0.2,0.3333333333333333
628,40,uniform,1,popular_group,0.15185185185185185,1.0,1.0,1.0
628,40,uniform,1,raw_distance,0.15185185185185185,0.6,0.5,0.5
628,40,uniform,1,raw_correlation,0.15185185185185185,0.6,0.4,0.5
628,40,uniform,1,mf_latent,0.15185185185185185,0.4,0.5,0.3333333333333333
628,40,uniform,1,mf_impute,0.15185185185185185,1.0,0.6,1.0
628,40,uniform,2,random,0.08271604938271605,0.2,0.1,0.3333333333333333
628,40,uniform,2,popular_group,0.08271604938271605,1.0,1.0,1.0
628,40,uniform,2,raw_distance,0.08271604938271605,0.6,0.5,0.5
628,40,uniform,2,raw_correlation,0.08271604938271605,0.6,0.4,0.5
628,40,uniform,2,mf_latent,0.08271604938271605,0.4,0.5,0.3333333333333333
628,40,uniform,2,mf_impute,0.08271604938271605,1.0,0.6,1.0
645,40,uniform,1,random,0.15185185185185185,0.2,0.2,0.25
645,40,uniform,1,popular_group,0.15185185185185185,1.0,1.0,1.0
645,40,uniform,1,raw_distance,0.15185185185185185,1.0,1.0,1.0
645,40,uniform,1,raw_correlation,0.15185185185185185,1.0,0.9,1.0
645,40,uniform,1,mf_latent,0.15185185185185185,1.0,0.9,1.0
645,40,uniform,1,mf_impute,0.15185185185185185,0.6,0.6,1.0
645,40,uniform,2,random,0.08271604938271605,0.2,0.2,0.25
645,40,uniform,2,popular_group,0.08271604938271605,1.0,1.0,1.0
645,40,uniform,2,raw_distance,0.08271604938271605,0.8,0.9,1.0
645,40,uniform,2,raw_correlation,0.08271604938271605,0.8,0.8,1.0
645,40,uniform,2,mf_latent,0.08271604938271605,1.0,0.8,1.0
645,40,uniform,2,mf_impute,0.08271604938271605,0.6,0.5,1.0
649,40,uniform,1,random,0.15185185185185185,0.0,0.2,0.125
649,40,uniform,1,popular_group,0.15185185185185185,1.0,1.0,1.0
649,40,uniform,1,raw_distance,0.15185185185185185,0.6,0.7,1.0
649,40,uniform,1,raw_correlation,0.15185185185185185,0.8,0.8,1.0
649,40,uniform,1,mf_latent,0.15185185185185185,0.8,0.7,1.0
649,40,uniform,1,mf_impute,0.15185185185185185,0.8,0.8,0.5
649,40,uniform,2,random,0.08271604938271605,0.0,0.1,0.125
649,40,uniform,2,popular_group,0.08271604938271605,1.0,1.0,1.0
649,40,uniform,2,raw_distance,0.08271604938271605,0.6,0.7,1.0
649,40,uniform,2,raw_correlation,0.08271604938271605,0.8,0.8,1.0
649,40,uniform,2,mf_latent,0.08271604938271605,0.8,0.7,1.0
649,40,uniform,2,mf_impute,0.08271604938271605,0.8,0.8,0.5
652,40,uniform,1,random,0.15185185185185185,0.4,0.2,0.5
652,40,uniform,1,popular_group,0.15185185185185185,1.0,1.0,1.0
652,40,uniform,1,raw_distance,0.15185185185185185,0.8,0.6,1.0
652,40,uniform,1,raw_correlation,0.15185185185185185,0.8,0.5,1.0
652,40,uniform,1,mf_latent,0.15185185185185185,0.4,0.5,1.0
652,40,uniform,1,mf_impute,0.15185185185185185,0.6,0.7,1.0
652,40,uniform,2,random,0.08271604938271605,0.4,0.2,0.5
652,40,uniform,2,popular_group,0.08271604938271605,1.0,1.0,1.0
652,40,uniform,2,raw_distance,0.08271604938271605,0.8,0.6,1.0
652,40,uniform,2,raw_correlation,0.08271604938271605,0.8,0.5,1.0
652,40,uniform,2,mf_latent,0.08271604938271605,0.4,0.5,1.0
652,40,uniform,2,mf_impute,0.08271604938271605,0.6,0.6,1.0
654,40,uniform,1,random,0.15185185185185185,0.2,0.1,1.0
654,40,uniform,1,popular_group,0.15185185185185185,1.0,1.0,1.0
654,40,uniform,1,raw_distance,0.15185185185185185,1.0,1.0,1.0
654,40,uniform,1,raw_correlation,0.15185185185185185,1.0,1.0,1.0
654,40,uniform,1,mf_latent,0.15185185185185185,1.0,1.0,1.0
654,40,uniform,1,mf_impute,0.15185185185185185,1.0,1.0,1.0
654,40,uniform,2,random,0.08271604938271605,0.0,0.0,0.0625
654,40,uniform,2,popular_group,0.08271604938271605,1.0,1.0,1.0
654,40,uniform,2,raw_distance,0.08271604938271605,1.0,1.0,1.0
654,40,uniform,2,raw_correlation,0.08271604938271605,1.0,0.8,1.0
654,40,uniform,2,mf_latent,0.08271604938271605,0.8,0.9,1.0
654,40,uniform,2,mf_impute,0.08271604938271605,0.8,0.8,1.0
669,40,uniform,1,random,0.15185185185185185,0.0,0.0,0.06666666666666667
669,40,uniform,1,popular_group,0.15185185185185185,1.0,1.0,1.0
669,40,uniform,1,raw_distance,0.15185185185185185,1.0,1.0,1.0
669,40,uniform,1,raw_correlation,0.15185185185185185,1.0,1.0,1.0
669,40,uniform,1,mf_latent,0.15185185185185185,1.0,1.0,1.0
669,40,uniform,1,mf_impute,0.15185185185185185,1.0,1.0,1.0
669,40,uniform,2,random,0.08271604938271605,0.0,0.0,0.030303030303030304
669,40,uniform,2,popular_group,0.08271604938271605,1.0,1.0,1.0
669,40,uniform,2,raw_distance,0.08271604938271605,1.0,1.0,1.0
669,40,uniform,2,raw_correlation,0.08271604938271605,1.0,1.0,1.0
669,40,uniform,2,mf_latent,0.08271604938271605,1.0,1.0,1.0
669,40,uniform,2,mf_impute,0.08271604938271605,1.0,1.0,1.0
689,40,uniform,1,random,0.15185185185185185,0.2,0.2,1.0
689,40,uniform,1,popular_group,0.15185185185185185,1.0,1.0,1.0
689,40,uniform,1,raw_distance,0.15185185185185185,0.4,0.4,1.0
689,40,uniform,1,raw_correlation,0.15185185185185185,0.6,0.7,1.0
689,40,uniform,1,mf_latent,0.15185185185185185,1.0,1.0,1.0
689,40,uniform,1,mf_impute,0.15185185185185185,1.0,0.7,1.0
689,40,uniform,2,random,0.08271604938271605,0.2,0.2,1.0
689,40,uniform,2,popular_group,0.08271604938271605,1.0,1.0,1.0
689,40,uniform,2,raw_distance,0.08271604938271605,0.4,0.2,1.0
689,40,uniform,2,raw_correlation,0.08271604938271605,0.4,0.3,1.0
689,40,uniform,2,mf_latent,0.08271604938271605,0.6,0.4,1.0
689,40,uniform,2,mf_impute,0.08271604938271605,0.6,0.4,1.0
690,40,uniform,1,random,0.15185185185185185,0.4,0.2,0.5
690,40,uniform,1,popular_group,0.15185185185185185,1.0,1.0,1.0
690,40,uniform,1,raw_distance,0.15185185185185185,1.0,0.9,1.0
690,40,uniform,1,raw_correlation,0.15185185185185185,0.8,0.7,1.0
690,40,uniform,1,mf_latent,0.15185185185185185,1.0,1.0,1.0
690,40,uniform,1,mf_impute,0.15185185185185185,1.0,1.0,1.0
690,40,uniform,2,random,0.08271604938271605,0.2,0.1,0.25
690,40,uniform,2,popular_group,0.08271604938271605,1.0,1.0,1.0
690,40,uniform,2,raw_distance,0.08271604938271605,1.0,0.9,1.0
690,40,uniform,2,raw_correlation,0.08271604938271605,0.8,0.6,1.0
690,40,uniform,2,mf_latent,0.08271604938271605,1.0,1.0,1.0
690,40,uniform,2,mf_impute,0.08271604938271605,1.0,1.0,1.0
696,40,uniform,1,random,0.15185185185185185,0.2,0.1,0.3333333333333333
696,40,uniform,1,popular_group,0.15185185185185185,1.0,1.0,1.0
696,40,uniform,1,raw_distance,0.15185185185185185,0.2,0.1,1.0
696,40,uniform,1,raw_correlation,0.15185185185185185,0.6,0.4,1.0
696,40,uniform,1,mf_latent,0.15185185185185185,0.2,0.2,0.5
696,40,uniform,1,mf_impute,0.15185185185185185,0.2,0.2,0.2
696,40,uniform,2,random,0.08271604938271605,0.2,0.1,0.3333333333333333
696,40,uniform,2,popular_group,0.08271604938271605,1.0,1.0,1.0
696,40,uniform,2,raw_distance,0.08271604938271605,0.2,0.1,1.0
696,40,uniform,2,raw_correlation,0.08271604938271605,0.6,0.4,1.0
696,40,uniform,2,mf_latent,0.08271604938271605,0.0,0.1,0.1
696,40,uniform,2,mf_impute,0.08271604938271605,0.2,0.1,0.2
700,40,uniform,1,random,0.15185185185185185,0.0,0.2,0.14285714285714285
700,40,uniform,1,popular_group,0.15185185185185185,1.0,1.0,1.0
700,40,uniform,1,raw_distance,0.15185185185185185,0.8,0.7,1.0
700,40,uniform,1,raw_correlation,0.15185185185185185,1.0,0.8,1.0
700,40,uniform,1,mf_latent,0.15185185185185185,1.0,0.9,1.0
700,40,uniform,1,mf_impute,0.15185185185185185,1.0,0.9,1.0
700,40,uniform,2,random,0.030864197530864196,0.0,0.0,0.045454545454545456
700,40,uniform,2,popular_group,0.030864197530864196,0.0,0.0,0.0015873015873015873
700,40,uniform,2,raw_distance,0.030864197530864196,0.4,0.4,1.0
700,40,uniform,2,raw_correlation,0.030864197530864196,0.8,0.6,1.0
700,40,uniform,2,mf_latent,0.030864197530864196,0.6,0.7,1.0
700,40,uniform,2,mf_impute,0.030864197530864196,0.8,0.6,1.0
701,40,uniform,1,random,0.15185185185185185,0.0,0.2,0.14285714285714285
701,40,uniform,1,popular_group,0.15185185185185185,1.0,1.0,1.0
701,40,uniform,1,raw_distance,0.15185185185185185,1.0,0.8,1.0
701,40,uniform,1,raw_correlation,0.15185185185185185,1.0,1.0,1.0
701,40,uniform,1,mf_latent,0.15185185185185185,1.0,0.9,1.0
701,40,uniform,1,mf_impute,0.15185185185185185,1.0,1.0,1.0
701,40,uniform,2,random,0.030864197530864196,0.0,0.0,0.047619047619047616
701,40,uniform,2,popular_group,0.030864197530864196,0.0,0.0,0.0015873015873015873
701,40,uniform,2,raw_distance,0.030864197530864196,0.8,0.6,1.0
701,40,uniform,2,raw_correlation,0.030864197530864196,0.8,0.7,1.0
701,40,uniform,2,mf_latent,0.030864197530864196,0.8,0.6,1.0
701,40,uniform,2,mf_impute,0.030864197530864196,0.8,0.8,1.0
726,40,uniform,1,random,0.15185185185185185,0.0,0.2,0.16666666666666666
726,40,uniform,1,popular_group,0.15185185185185185,1.0,1.0,1.0
726,40,uniform,1,raw_distance,0.15185185185185185,0.2,0.2,1.0
726,40,uniform,1,raw_correlation,0.15185185185185185,0.2,0.3,1.0
726,40,uniform,1,mf_latent,0.15185185185185185,0.2,0.2,0.2
726,40,uniform,1,mf_impute,0.15185185185185185,0.0,0.2,0.125
726,40,uniform,2,random,0.014814814814814815,0.0,0.0,0.007633587786259542
726,40,uniform,2,popular_group,0.014814814814814815,0.0,0.0,0.0015600624024961
726,40,uniform,2,raw_distance,0.014814814814814815,0.2,0.1,1.0
726,40,uniform,2,raw_correlation,0.014814814814814815,0.2,0.1,1.0
726,40,uniform,2,mf_latent,0.014814814814814815,0.0,0.1,0.16666666666666666
726,40,uniform,2,mf_impute,0.014814814814814815,0.0,0.0,0.06666666666666667
744,40,uniform,1,random,0.15185185185185185,0.4,0.2,1.0
744,40,uniform,1,popular_group,0.15185185185185185,1.0,1.0,1.0
744,40,uniform,1,raw_distance,0.15185185185185185,1.0,1.0,1.0
744,40,uniform,1,raw_correlation,0.15185185185185185,1.0,0.9,1.0
744,40,uniform,1,mf_latent,0.15185185185185185,1.0,0.9,1.0
744,40,uniform,1,mf_impute,0.15185185185185185,1.0,1.0,1.0
744,40,uniform,2,random,0.014814814814814815,0.0,0.0,0.05
744,40,uniform,2,popular_group,0.014814814814814815,0.0,0.0,0.0015220700152207
744,40,uniform,2,raw_distance,0.014814814814814815,0.2,0.4,1.0
744,40,uniform,2,raw_correlation,0.014814814814814815,0.2,0.4,1.0
744,40,uniform,2,mf_latent,0.014814814814814815,0.6,0.4,1.0
744,40,uniform,2,mf_impute,0.014814814814814815,0.4,0.4,1.0
749,40,uniform,1,random,0.15185185185185185,0.4,0.3,0.5
749,40,uniform,1,popular_group,0.15185185185185185,1.0,1.0,1.0
749,40,uniform,1,raw_distance,0.15185185185185185,0.6,0.7,1.0
749,40,uniform,1,raw_correlation,0.15185185185185185,0.8,0.7,1.0
749,40,uniform,1,mf_latent,0.15185185185185185,1.0,0.7,1.0
749,40,uniform,1,mf_impute,0.15185185185185185,0.8,0.6,1.0
749,40,uniform,2,random,0.014814814814814815,0.0,0.0,0.08333333333333333
749,40,uniform,2,popular_group,0.014814814814814815,0.0,0.0,0.0015220700152207
749,40,uniform,2,raw_distance,0.014814814814814815,0.0,0.2,0.16666666666666666
749,40,uniform,2,raw_correlation,0.014814814814814815,0.2,0.2,0.25
749,40,uniform,2,mf_latent,0.014814814814814815,0.4,0.2,0.5
749,40,uniform,2,mf_impute,0.014814814814814815,0.0,0.0,0.0625
750,40,uniform,1,random,0.15185185185185185,0.2,0.2,0.3333333333333333
750,40,uniform,1,popular_group,0.15185185185185185,1.0,1.0,1.0
750,40,uniform,1,raw_distance,0.15185185185185185,1.0,1.0,1.0
750,40,uniform,1,raw_correlation,0.15185185185185185,1.0,0.8,1.0
750,40,uniform,1,mf_latent,0.15185185185185185,1.0,1.0,1.0
750,40,uniform,1,mf_impute,0.15185185185185185,1.0,1.0,1.0
750,40,uniform,2,random,0.014814814814814815,0.0,0.0,0.07692307692307693
750,40,uniform,2,popular_group,0.014814814814814815,0.0,0.0,0.0015220700152207
750,40,uniform,2,raw_distance,0.014814814814814815,0.4,0.4,1.0
750,40,uniform,2,raw_correlation,0.014814814814814815,0.4,0.3,1.0
750,40,uniform,2,mf_latent,0.014814814814814815,0.6,0.4,1.0
750,40,uniform,2,mf_impute,0.014814814814814815,0.2,0.4,1.0
766,40,uniform,1,random,0.03827160493827161,0.0,0.0,0.011764705882352941
766,40,uniform,1,popular_group,0.03827160493827161,0.0,0.0,0.0014727540500736377
766,40,uniform,1,raw_distance,0.03827160493827161,0.6,0.3,1.0
766,40,uniform,1,raw_correlation,0.03827160493827161,0.6,0.3,1.0
766,40,uniform,1,mf_latent,0.03827160493827161,0.6,0.4,1.0
766,40,uniform,1,mf_impute,0.03827160493827161,0.4,0.3,1.0
766,40,uniform,2,random,0.006172839506172839,0.0,0.0,0.008
766,40,uniform,2,popular_group,0.006172839506172839,0.0,0.0,0.0014285714285714286
766,40,uniform,2,raw_distance,0.006172839506172839,0.4,0.2,0.5
766,40,uniform,2,raw_correlation,0.006172839506172839,0.4,0.2,0.5
766,40,uniform,2,mf_latent,0.006172839506172839,0.4,0.2,0.5
766,40,uniform,2,mf_impute,0.006172839506172839,0.2,0.2,0.5
772,40,uniform,1,random,0.03827160493827161,0.0,0.0,0.06666666666666667
772,40,uniform,1,popular_group,0.03827160493827161,0.0,0.0,0.0014727540500736377
772,40,uniform,1,raw_distance,0.03827160493827161,0.4,0.3,1.0
772,40,uniform,1,raw_correlation,0.03827160493827161,0.4,0.3,1.0
772,40,uniform,1,mf_latent,0.03827160493827161,0.6,0.4,1.0
772,40,uniform,1,mf_impute,0.03827160493827161,0.4,0.2,0.25
772,40,uniform,2,random,0.008641975308641974,0.0,0.0,0.004484304932735426
772,40,uniform,2,popular_group,0.008641975308641974,0.0,0.0,0.001443001443001443
772,40,uniform,2,raw_distance,0.008641975308641974,0.2,0.1,0.5
772,40,uniform,2,raw_correlation,0.008641975308641974,0.2,0.1,0.5
772,40,uniform,2,mf_latent,0.008641975308641974,0.2,0.2,0.3333333333333333
772,40,uniform,2,mf_impute,0.008641975308641974,0.2,0.1,0.25
794,40,uniform,1,random,0.12469135802469136,0.2,0.1,0.25
794,40,uniform,1,popular_group,0.12469135802469136,0.0,0.0,0.008064516129032258
794,40,uniform,1,raw_distance,0.12469135802469136,1.0,0.8,1.0
794,40,uniform,1,raw_correlation,0.12469135802469136,1.0,0.8,1.0
794,40,uniform,1,mf_latent,0.12469135802469136,1.0,0.8,1.0
794,40,uniform,1,mf_impute,0.12469135802469136,1.0,0.8,1.0
794,40,uniform,2,random,0.014814814814814815,0.0,0.0,0.005747126436781609
794,40,uniform,2,popular_group,0.014814814814814815,0.0,0.0,0.0014184397163120568
794,40,uniform,2,raw_distance,0.014814814814814815,1.0,0.8,1.0
794,40,uniform,2,raw_correlation,0.014814814814814815,1.0,0.8,1.0
794,40,uniform,2,mf_latent,0.014814814814814815,1.0,0.8,1.0
794,40,uniform,2,mf_impute,0.014814814814814815,1.0,0.8,1.0
801,40,uniform,1,random,0.12469135802469136,0.0,0.1,0.16666666666666666
801,40,uniform,1,popular_group,0.12469135802469136,0.0,0.0,0.008064516129032258
801,40,uniform,1,raw_distance,0.12469135802469136,1.0,0.8,1.0
801,40,uniform,1,raw_correlation,0.12469135802469136,1.0,0.8,1.0
801,40,uniform,1,mf_latent,0.12469135802469136,1.0,0.8,1.0
801,40,uniform,1,mf_impute,0.12469135802469136,1.0,0.7,1.0
801,40,uniform,2,random,0.014814814814814815,0.0,0.0,0.021739130434782608
801,40,uniform,2,popular_group,0.014814814814814815,0.0,0.0,0.0014184397163120568
801,40,uniform,2,raw_distance,0.014814814814814815,1.0,0.8,1.0
801,40,uniform,2,raw_correlation,0.014814814814814815,1.0,0.8,1.0
801,40,uniform,2,mf_latent,0.014814814814814815,1.0,0.8,1.0
801,40,uniform,2,mf_impute,0.014814814814814815,1.0,0.7,1.0
803,40,uniform,1,random,0.12469135802469136,0.0,0.2,0.14285714285714285
803,40,uniform,1,popular_group,0.12469135802469136,0.0,0.0,0.008064516129032258
803,40,uniform,1,raw_distance,0.12469135802469136,1.0,0.8,1.0
803,40,uniform,1,raw_correlation,0.12469135802469136,1.0,0.8,1.0
803,40,uniform,1,mf_latent,0.12469135802469136,1.0,0.8,1.0
803,40,uniform,1,mf_impute,0.12469135802469136,1.0,0.8,1.0
803,40,uniform,2,random,0.014814814814814815,0.0,0.1,0.125
803,40,uniform,2,popular_group,0.014814814814814815,0.0,0.0,0.0014184397163120568
803,40,uniform,2,raw_distance,0.014814814814814815,1.0,0.8,1.0
803,40,uniform,2,raw_correlation,0.014814814814814815,1.0,0.8,1.0
803,40,uniform,2,mf_latent,0.014814814814814815,1.0,0.8,1.0
803,40,uniform,2,mf_impute,0.014814814814814815,1.0,0.8,1.0
830,40,uniform,1,random,0.12469135802469136,0.0,0.1,0.16666666666666666
830,40,uniform,1,popular_group,0.12469135802469136,0.0,0.0,0.008064516129032258
830,40,uniform,1,raw_distance,0.12469135802469136,1.0,1.0,1.0
830,40,uniform,1,raw_correlation,0.12469135802469136,1.0,0.9,1.0
830,40,uniform,1,mf_latent,0.12469135802469136,1.0,1.0,1.0
830,40,uniform,1,mf_impute,0.12469135802469136,1.0,1.0,1.0
830,40,uniform,2,random,0.08271604938271605,0.0,0.0,0.09090909090909091
830,40,uniform,2,popular_group,0.08271604938271605,0.0,0.0,0.014492753623188406
830,40,uniform,2,raw_distance,0.08271604938271605,1.0,0.9,1.0
830,40,uniform,2,raw_correlation,0.08271604938271605,0.8,0.8,1.0
830,40,uniform,2,mf_latent,0.08271604938271605,1.0,1.0,1.0
830,40,uniform,2,mf_impute,0.08271604938271605,1.0,1.0,1.0
837,40,uniform,1,random,0.12469135802469136,0.0,0.0,0.05263157894736842
837,40,uniform,1,popular_group,0.12469135802469136,0.0,0.0,0.008064516129032258
837,40,uniform,1,raw_distance,0.12469135802469136,1.0,0.9,1.0
837,40,uniform,1,raw_correlation,0.12469135802469136,0.8,0.8,0.5
837,40,uniform,1,mf_latent,0.12469135802469136,0.8,0.8,0.5
837,40,uniform,1,mf_impute,0.12469135802469136,0.4,0.7,1.0
837,40,uniform,2,random,0.08271604938271605,0.0,0.0,0.05263157894736842
837,40,uniform,2,popular_group,0.08271604938271605,0.0,0.0,0.014492753623188406
837,40,uniform,2,raw_distance,0.08271604938271605,1.0,0.9,1.0
837,40,uniform,2,raw_correlation,0.08271604938271605,0.8,0.8,0.5
837,40,uniform,2,mf_latent,0.08271604938271605,0.8,0.8,0.5
837,40,uniform,2,mf_impute,0.08271604938271605,0.4,0.7,1.0
842,40,uniform,1,random,0.12469135802469136,0.4,0.2,0.5
842,40,uniform,1,popular_group,0.12469135802469136,0.0,0.0,0.008064516129032258
842,40,uniform,1,raw_distance,0.12469135802469136,1.0,1.0,1.0
842,40,uniform,1,raw_correlation,0.12469135802469136,1.0,1.0,1.0
842,40,uniform,1,mf_latent,0.12469135802469136,1.0,1.0,1.0
842,40,uniform,1,mf_impute,0.12469135802469136,1.0,0.9,1.0
842,40,uniform,2,random,0.08271604938271605,0.2,0.1,0.25
842,40,uniform,2,popular_group,0.08271604938271605,0.0,0.0,0.014492753623188406
842,40,uniform,2,raw_distance,0.08271604938271605,1.0,1.0,1.0
842,40,uniform,2,raw_correlation,0.08271604938271605,1.0,1.0,1.0
842,40,uniform,2,mf_latent,0.08271604938271605,1.0,1.0,1.0
842,40,uniform,2,mf_impute,0.08271604938271605,1.0,0.9,1.0
845,40,uniform,1,random,0.12469135802469136,0.0,0.0,0.0625
845,40,uniform,1,popular_group,0.12469135802469136,0.0,0.0,0.008064516129032258
845,40,uniform,1,raw_distance,0.12469135802469136,0.8,0.9,1.0
845,40,uniform,1,raw_correlation,0.12469135802469136,0.8,0.9,1.0
845,40,uniform,1,mf_latent,0.12469135802469136,1.0,1.0,1.0
845,40,uniform,1,mf_impute,0.12469135802469136,1.0,1.0,1.0
845,40,uniform,2,random,0.08271604938271605,0.0,0.0,0.0625
845,40,uniform,2,popular_group,0.08271604938271605,0.0,0.0,0.014492753623188406
845,40,uniform,2,raw_distance,0.08271604938271605,0.8,0.8,1.0
845,40,uniform,2,raw_correlation,0.08271604938271605,0.8,0.8,1.0
845,40,uniform,2,mf_latent,0.08271604938271605,1.0,1.0,1.0
845,40,uniform,2,mf_impute,0.08271604938271605,1.0,1.0,1.0
868,40,uniform,1,random,0.12469135802469136,0.2,0.1,1.0
868,40,uniform,1,popular_group,0.12469135802469136,0.0,0.0,0.008064516129032258
868,40,uniform,1,raw_distance,0.12469135802469136,1.0,0.9,1.0
868,40,uniform,1,raw_correlation,0.12469135802469136,1.0,0.9,1.0
868,40,uniform,1,mf_latent,0.12469135802469136,0.8,0.8,0.5
868,40,uniform,1,mf_impute,0.12469135802469136,0.8,0.9,1.0
868,40,uniform,2,random,0.08271604938271605,0.2,0.1,1.0
868,40,uniform,2,popular_group,0.08271604938271605,0.0,0.0,0.014492753623188406
868,40,uniform,2,raw_distance,0.08271604938271605,1.0,0.9,1.0
868,40,uniform,2,raw_correlation,0.08271604938271605,1.0,0.9,1.0
868,40,uniform,2,mf_latent,0.08271604938271605,0.8,0.8,0.5
868,40,uniform,2,mf_impute,0.08271604938271605,0.8,0.9,1.0
871,40,uniform,1,random,0.12469135802469136,0.0,0.0,0.08333333333333333
871,40,uniform,1,popular_group,0.12469135802469136,0.0,0.0,0.008064516129032258
871,40,uniform,1,raw_distance,0.12469135802469136,0.6,0.8,0.5
871,40,uniform,1,raw_correlation,0.12469135802469136,0.8,0.8,1.0
871,40,uniform,1,mf_latent,0.12469135802469136,0.8,0.6,1.0
871,40,uniform,1,mf_impute,0.12469135802469136,0.4,0.2,1.0
871,40,uniform,2,random,0.08271604938271605,0.0,0.0,0.08333333333333333
871,40,uniform,2,popular_group,0.08271604938271605,0.0,0.0,0.014492753623188406
871,40,uniform,2,raw_distance,0.08271604938271605,0.6,0.5,0.5
871,40,uniform,2,raw_correlation,0.08271604938271605,0.6,0.6,1.0
871,40,uniform,2,mf_latent,0.08271604938271605,0.6,0.5,1.0
871,40,uniform,2,mf_impute,0.08271604938271605,0.4,0.2,1.0
880,40,uniform,1,random,0.12469135802469136,0.0,0.0,0.09090909090909091
880,40,uniform,1,popular_group,0.12469135802469136,0.0,0.0,0.008064516129032258
880,40,uniform,1,raw_distance,0.12469135802469136,0.4,0.4,1.0
880,40,uniform,1,raw_correlation,0.12469135802469136,0.2,0.1,1.0
880,40,uniform,1,mf_latent,0.12469135802469136,0.6,0.4,0.5
880,40,uniform,1,mf_impute,0.12469135802469136,0.6,0.7,1.0
880,40,uniform,2,random,0.08271604938271605,0.0,0.0,0.037037037037037035
880,40,uniform,2,popular_group,0.08271604938271605,0.0,0.0,0.014492753623188406
880,40,uniform,2,raw_distance,0.08271604938271605,0.2,0.2,1.0
880,40,uniform,2,raw_correlation,0.08271604938271605,0.2,0.1,1.0
880,40,uniform,2,mf_latent,0.08271604938271605,0.2,0.2,0.3333333333333333
880,40,uniform,2,mf_impute,0.08271604938271605,0.2,0.5,0.5
881,40,uniform,1,random,0.12469135802469136,0.2,0.2,1.0
881,40,uniform,1,popular_group,0.12469135802469136,0.0,0.0,0.008064516129032258
881,40,uniform,1,raw_distance,0.12469135802469136,1.0,0.9,1.0
881,40,uniform,1,raw_correlation,0.12469135802469136,1.0,0.9,1.0
881,40,uniform,1,mf_latent,0.12469135802469136,1.0,1.0,1.0
881,40,uniform,1,mf_impute,0.12469135802469136,1.0,1.0,1.0
881,40,uniform,2,random,0.08271604938271605,0.2,0.1,1.0
881,40,uniform,2,popular_group,0.08271604938271605,0.0,0.0,0.014492753623188406
881,40,uniform,2,raw_distance,0.08271604938271605,1.0,0.9,1.0
881,40,uniform,2,raw_correlation,0.08271604938271605,1.0,0.9,1.0
881,40,uniform,2,mf_latent,0.08271604938271605,1.0,0.8,1.0
881,40,uniform,2,mf_impute,0.08271604938271605,1.0,0.9,1.0
895,40,uniform,1,random,0.12469135802469136,0.2,0.1,0.2
895,40,uniform,1,popular_group,0.12469135802469136,0.0,0.0,0.008064516129032258
895,40,uniform,1,raw_distance,0.12469135802469136,1.0,0.9,1.0
895,40,uniform,1,raw_correlation,0.12469135802469136,0.8,0.8,1.0
895,40,uniform,1,mf_latent,0.12469135802469136,0.8,0.7,1.0
895,40,uniform,1,mf_impute,0.12469135802469136,0.4,0.5,1.0
895,40,uniform,2,random,0.013580246913580247,0.0,0.0,0.017543859649122806
895,40,uniform,2,popular_group,0.013580246913580247,0.0,0.0,0.014705882352941176
895,40,uniform,2,raw_distance,0.013580246913580247,0.4,0.2,1.0
895,40,uniform,2,raw_correlation,0.013580246913580247,0.4,0.2,1.0
895,40,uniform,2,mf_latent,0.013580246913580247,0.4,0.2,1.0
895,40,uniform,2,mf_impute,0.013580246913580247,0.4,0.2,1.0
37,80,uniform,1,random,0.10617283950617284,0.0,0.0,0.09090909090909091
37,80,uniform,1,popular_group,0.10617283950617284,0.0,0.0,0.007142857142857143
37,80,uniform,1,raw_distance,0.10617283950617284,0.6,0.7,1.0
37,80,uniform,1,raw_correlation,0.10617283950617284,0.6,0.4,1.0
37,80,uniform,1,mf_latent,0.10617283950617284,0.4,0.4,1.0
37,80,uniform,1,mf_impute,0.10617283950617284,0.4,0.4,1.0
37,80,uniform,2,random,0.02345679012345679,0.0,0.0,0.045454545454545456
37,80,uniform,2,popular_group,0.02345679012345679,0.0,0.0,0.0016501650165016502
37,80,uniform,2,raw_distance,0.02345679012345679,0.6,0.5,1.0
37,80,uniform,2,raw_correlation,0.02345679012345679,0.6,0.3,1.0
37,80,uniform,2,mf_latent,0.02345679012345679,0.4,0.2,1.0
37,80,uniform,2,mf_impute,0.02345679012345679,0.2,0.2,0.2
53,80,uniform,1,random,0.10617283950617284,0.0,0.1,0.1
53,80,uniform,1,popular_group,0.10617283950617284,0.0,0.0,0.007142857142857143
53,80,uniform,1,raw_distance,0.10617283950617284,0.8,0.7,1.0
53,80,uniform,1,raw_correlation,0.10617283950617284,1.0,0.9,1.0
53,80,uniform,1,mf_latent,0.10617283950617284,1.0,0.9,1.0
53,80,uniform,1,mf_impute,0.10617283950617284,1.0,1.0,1.0
53,80,uniform,2,random,0.02345679012345679,0.0,0.0,0.014925373134328358
53,80,uniform,2,popular_group,0.02345679012345679,0.0,0.0,0.0016501650165016502
53,80,uniform,2,raw_distance,0.02345679012345679,0.6,0.4,1.0
53,80,uniform,2,raw_correlation,0.02345679012345679,0.6,0.4,1.0
53,80,uniform,2,mf_latent,0.02345679012345679,0.6,0.5,1.0
53,80,uniform,2,mf_impute,0.02345679012345679,0.6,0.3,1.0
58,80,uniform,1,random,0.10617283950617284,0.0,0.1,0.1
58,80,uniform,1,popular_group,0.10617283950617284,0.0,0.0,0.007142857142857143
58,80,uniform,1,raw_distance,0.10617283950617284,0.8,0.7,1.0
58,80,uniform,1,raw_correlation,0.10617283950617284,0.8,0.8,1.0
58,80,uniform,1,mf_latent,0.10617283950617284,1.0,1.0,1.0
58,80,uniform,1,mf_impute,0.10617283950617284,1.0,1.0,1.0
58,80,uniform,2,random,0.02345679012345679,0.0,0.0,0.008620689655172414
58,80,uniform,2,popular_group,0.02345679012345679,0.0,0.0,0.0016501650165016502
58,80,uniform,2,raw_distance,0.02345679012345679,0.8,0.6,1.0
58,80,uniform,2,raw_correlation,0.02345679012345679,0.8,0.5,1.0
58,80,uniform,2,mf_latent,0.02345679012345679,0.8,0.5,1.0
58,80,uniform,2,mf_impute,0.02345679012345679,0.6,0.6,1.0
67,80,uniform,1,random,0.10617283950617284,0.2,0.1,1.0
67,80,uniform,1,popular_group,0.10617283950617284,0.0,0.0,0.007142857142857143
67,80,uniform,1,raw_distance,0.10617283950617284,0.8,0.7,1.0
67,80,uniform,1,raw_correlation,0.10617283950617284,0.8,0.6,1.0
67,80,uniform,1,mf_latent,0.10617283950617284,0.6,0.7,1.0
67,80,uniform,1,mf_impute,0.10617283950617284,0.6,0.6,1.0
67,80,uniform,2,random,0.011111111111111112,0.0,0.0,0.014705882352941176
67,80,uniform,2,popular_group,0.011111111111111112,0.0,0.0,0.0016750418760469012
67,80,uniform,2,raw_distance,0.011111111111111112,0.2,0.3,1.0
67,80,uniform,2,raw_correlation,0.011111111111111112,0.2,0.2,1.0
67,80,uniform,2,mf_latent,0.011111111111111112,0.2,0.3,1.0
67,80,uniform,2,mf_impute,0.011111111111111112,0.4,0.3,1.0
70,80,uniform,1,random,0.10617283950617284,0.2,0.2,0.2
70,80,uniform,1,popular_group,0.10617283950617284,0.0,0.0,0.007142857142857143
70,80,uniform,1,raw_distance,0.10617283950617284,1.0,1.0,1.0
70,80,uniform,1,raw_correlation,0.10617283950617284,1.0,1.0,1.0
70,80,uniform,1,mf_latent,0.10617283950617284,1.0,1.0,1.0
70,80,uniform,1,mf_impute,0.10617283950617284,1.0,1.0,1.0
70,80,uniform,2,random,0.03333333333333333,0.0,0.1,0.125
70,80,uniform,2,popular_group,0.03333333333333333,0.0,0.0,0.0017605633802816902
70,80,uniform,2,raw_distance,0.03333333333333333,1.0,0.9,1.0
70,80,uniform,2,raw_correlation,0.03333333333333333,0.6,0.7,0.5
70,80,uniform,2,mf_latent,0.03333333333333333,0.8,0.9,1.0
70,80,uniform,2,mf_impute,0.03333333333333333,0.8,0.8,1.0
72,80,uniform,1,random,0.10617283950617284,0.0,0.1,0.16666666666666666
72,80,uniform,1,popular_group,0.10617283950617284,0.0,0.0,0.007142857142857143
72,80,uniform,1,raw_distance,0.10617283950617284,1.0,0.9,1.0
72,80,uniform,1,raw_correlation,0.10617283950617284,1.0,0.9,1.0
72,80,uniform,1,mf_latent,0.10617283950617284,1.0,1.0,1.0
72,80,uniform,1,mf_impute,0.10617283950617284,1.0,0.9,1.0
72,80,uniform,2,random,0.03333333333333333,0.0,0.0,0.0625
72,80,uniform,2,popular_group,0.03333333333333333,0.0,0.0,0.0017605633802816902
72,80,uniform,2,raw_distance,0.03333333333333333,0.6,0.7,1.0
72,80,uniform,2,raw_correlation,0.03333333333333333,0.6,0.5,1.0
72,80,uniform,2,mf_latent,0.03333333333333333,0.8,0.5,1.0
72,80,uniform,2,mf_impute,0.03333333333333333,0.6,0.5,1.0
77,80,uniform,1,random,0.10617283950617284,0.4,0.3,0.5
77,80,uniform,1,popular_group,0.10617283950617284,0.0,0.0,0.007142857142857143
77,80,uniform,1,raw_distance,0.10617283950617284,0.8,0.8,1.0
77,80,uniform,1,raw_correlation,0.10617283950617284,0.0,0.2,0.16666666666666666
77,80,uniform,1,mf_latent,0.10617283950617284,0.4,0.4,0.5
77,80,uniform,1,mf_impute,0.10617283950617284,0.0,0.1,0.1
77,80,uniform,2,random,0.03333333333333333,0.0,0.0,0.00909090909090909
77,80,uniform,2,popular_group,0.03333333333333333,0.0,0.0,0.0017605633802816902
77,80,uniform,2,raw_distance,0.03333333333333333,0.8,0.8,1.0
77,80,uniform,2,raw_correlation,0.03333333333333333,0.0,0.2,0.16666666666666666
77,80,uniform,2,mf_latent,0.03333333333333333,0.2,0.2,0.25
77,80,uniform,2,mf_impute,0.03333333333333333,0.0,0.0,0.07142857142857142
87,80,uniform,1,random,0.10617283950617284,0.0,0.0,0.047619047619047616
87,80,uniform,1,popular_group,0.10617283950617284,0.0,0.0,0.007142857142857143
87,80,uniform,1,raw_distance,0.10617283950617284,0.2,0.3,0.3333333333333333
87,80,uniform,1,raw_correlation,0.10617283950617284,0.2,0.1,0.2
87,80,uniform,1,mf_latent,0.10617283950617284,0.2,0.1,0.3333333333333333
87,80,uniform,1,mf_impute,0.10617283950617284,0.0,0.1,0.1
87,80,uniform,2,random,0.03333333333333333,0.0,0.0,0.038461538461538464
87,80,uniform,2,popular_group,0.03333333333333333,0.0,0.0,0.0017605633802816902
87,80,uniform,2,raw_distance,0.03333333333333333,0.2,0.3,0.3333333333333333
87,80,uniform,2,raw_correlation,0.03333333333333333,0.2,0.1,0.2
87,80,uniform,2,mf_latent,0.03333333333333333,0.2,0.1,0.3333333333333333
87,80,uniform,2,mf_impute,0.03333333333333333,0.0,0.1,0.1
106,80,uniform,1,random,0.1259259259259259,0.0,0.1,0.1
106,80,uniform,1,popular_group,0.1259259259259259,0.0,0.0,0.00641025641025641
106,80,uniform,1,raw_distance,0.1259259259259259,1.0,1.0,1.0
106,80,uniform,1,raw_correlation,0.1259259259259259,1.0,1.0,1.0
106,80,uniform,1,mf_latent,0.1259259259259259,1.0,1.0,1.0
106,80,uniform,1,mf_impute,0.1259259259259259,1.0,1.0,1.0
106,80,uniform,2,random,0.05432098765432099,0.0,0.0,0.09090909090909091
106,80,uniform,2,popular_group,0.05432098765432099,0.0,0.0,0.01
106,80,uniform,2,raw_distance,0.05432098765432099,1.0,1.0,1.0
106,80,uniform,2,raw_correlation,0.05432098765432099,1.0,1.0,1.0
106,80,uniform,2,mf_latent,0.05432098765432099,1.0,0.9,1.0
106,80,uniform,2,mf_impute,0.05432098765432099,1.0,1.0,1.0
114,80,uniform,1,random,0.1259259259259259,0.0,0.2,0.16666666666666666
114,80,uniform,1,popular_group,0.1259259259259259,0.0,0.0,0.00641025641025641
114,80,uniform,1,raw_distance,0.1259259259259259,1.0,0.9,1.0
114,80,uniform,1,raw_correlation,0.1259259259259259,0.8,0.8,1.0
114,80,uniform,1,mf_latent,0.1259259259259259,1.0,0.9,1.0
114,80,uniform,1,mf_impute,0.1259259259259259,0.8,0.6,1.0
114,80,uniform,2,random,0.05432098765432099,0.0,0.0,0.027777777777777776
114,80,uniform,2,popular_group,0.05432098765432099,0.0,0.0,0.01
114,80,uniform,2,raw_distance,0.05432098765432099,1.0,0.9,1.0
114,80,uniform,2,raw_correlation,0.05432098765432099,0.8,0.8,1.0
114,80,uniform,2,mf_latent,0.05432098765432099,1.0,0.7,1.0
114,80,uniform,2,mf_impute,0.05432098765432099,0.8,0.6,1.0
133,80,uniform,1,random,0.1259259259259259,0.2,0.1,0.5
133,80,uniform,1,popular_group,0.1259259259259259,0.0,0.0,0.00641025641025641
133,80,uniform,1,raw_distance,0.1259259259259259,1.0,1.0,1.0
133,80,uniform,1,raw_correlation,0.1259259259259259,1.0,1.0,1.0
133,80,uniform,1,mf_latent,0.1259259259259259,1.0,1.0,1.0
133,80,uniform,1,mf_impute,0.1259259259259259,1.0,1.0,1.0
133,80,uniform,2,random,0.05432098765432099,0.0,0.0,0.03571428571428571
133,80,uniform,2,popular_group,0.05432098765432099,0.0,0.0,0.01
133,80,uniform,2,raw_distance,0.05432098765432099,1.0,1.0,1.0
133,80,uniform,2,raw_correlation,0.05432098765432099,1.0,1.0,1.0
133,80,uniform,2,mf_latent,0.05432098765432099,1.0,1.0,1.0
133,80,uniform,2,mf_impute,0.05432098765432099,1.0,1.0,1.0
140,80,uniform,1,random,0.1259259259259259,0.0,0.0,0.045454545454545456
140,80,uniform,1,popular_group,0.1259259259259259,0.0,0.0,0.00641025641025641
140,80,uniform,1,raw_distance,0.1259259259259259,1.0,1.0,1.0
140,80,uniform,1,raw_correlation,0.1259259259259259,1.0,1.0,1.0
140,80,uniform,1,mf_latent,0.1259259259259259,1.0,1.0,1.0
140,80,uniform,1,mf_impute,0.1259259259259259,1.0,1.0,1.0
140,80,uniform,2,random,0.05432098765432099,0.0,0.0,0.045454545454545456
140,80,uniform,2,popular_group,0.05432098765432099,0.0,0.0,0.01
140,80,uniform,2,raw_distance,0.05432098765432099,1.0,1.0,1.0
140,80,uniform,2,raw_correlation,0.05432098765432099,1.0,0.9,1.0
140,80,uniform,2,mf_latent,0.05432098765432099,1.0,0.9,1.0
140,80,uniform,2,mf_impute,0.05432098765432099,1.0,0.9,1.0
143,80,uniform,1,random,0.1259259259259259,0.0,0.0,0.058823529411764705
143,80,uniform,1,popular_group,0.1259259259259259,0.0,0.0,0.00641025641025641
143,80,uniform,1,raw_distance,0.1259259259259259,1.0,1.0,1.0
143,80,uniform,1,raw_correlation,0.1259259259259259,1.0,1.0,1.0
143,80,uniform,1,mf_latent,0.1259259259259259,1.0,1.0,1.0
143,80,uniform,1,mf_impute,0.1259259259259259,1.0,1.0,1.0
143,80,uniform,2,random,0.05432098765432099,0.0,0.0,0.027777777777777776
143,80,uniform,2,popular_group,0.05432098765432099,0.0,0.0,0.01
143,80,uniform,2,raw_distance,0.05432098765432099,1.0,1.0,1.0
143,80,uniform,2,raw_correlation,0.05432098765432099,1.0,1.0,1.0
143,80,uniform,2,mf_latent,0.05432098765432099,1.0,1.0,1.0
143,80,uniform,2,mf_impute,0.05432098765432099,1.0,1.0,1.0
152,80,uniform,1,random,0.1259259259259259,0.0,0.1,0.125
152,80,uniform,1,popular_group,0.1259259259259259,0.0,0.0,0.00641025641025641
152,80,uniform,1,raw_distance,0.1259259259259259,1.0,1.0,1.0
152,80,uniform,1,raw_correlation,0.1259259259259259,1.0,1.0,1.0
152,80,uniform,1,mf_latent,0.1259259259259259,1.0,1.0,1.0
152,80,uniform,1,mf_impute,0.1259259259259259,1.0,1.0,1.0
152,80,uniform,2,random,0.05432098765432099,0.0,0.1,0.125
152,80,uniform,2,popular_group,0.05432098765432099,0.0,0.0,0.01
152,80,uniform,2,raw_distance,0.05432098765432099,1.0,1.0,1.0
152,80,uniform,2,raw_correlation,0.05432098765432099,1.0,1.0,1.0
152,80,uniform,2,mf_latent,0.05432098765432099,1.0,1.0,1.0
152,80,uniform,2,mf_impute,0.05432098765432099,1.0,1.0,1.0
165,80,uniform,1,random,0.1259259259259259,0.0,0.2,0.14285714285714285
165,80,uniform,1,popular_group,0.1259259259259259,0.0,0.0,0.00641025641025641
165,80,uniform,1,raw_distance,0.1259259259259259,0.8,0.8,1.0
165,80,uniform,1,raw_correlation,0.1259259259259259,1.0,0.8,1.0
165,80,uniform,1,mf_latent,0.1259259259259259,0.2,0.2,1.0
165,80,uniform,1,mf_impute,0.1259259259259259,0.4,0.3,0.3333333333333333
165,80,uniform,2,random,0.06666666666666667,0.0,0.0,0.05555555555555555
165,80,uniform,2,popular_group,0.06666666666666667,0.0,0.0,0.007575757575757576
165,80,uniform,2,raw_distance,0.06666666666666667,0.6,0.7,1.0
165,80,uniform,2,raw_correlation,0.06666666666666667,0.8,0.7,1.0
165,80,uniform,2,mf_latent,0.06666666666666667,0.2,0.1,1.0
165,80,uniform,2,mf_impute,0.06666666666666667,0.2,0.2,0.25
167,80,uniform,1,random,0.1259259259259259,0.0,0.1,0.1111111111111111
167,80,uniform,1,popular_group,0.1259259259259259,0.0,0.0,0.00641025641025641
167,80,uniform,1,raw_distance,0.1259259259259259,0.0,0.0,0.012987012987012988
167,80,uniform,1,raw_correlation,0.1259259259259259,0.0,0.0,0.008849557522123894
167,80,uniform,1,mf_latent,0.1259259259259259,0.0,0.0,0.013157894736842105
167,80,uniform,1,mf_impute,0.1259259259259259,0.0,0.0,0.008
167,80,uniform,2,random,0.06666666666666667,0.0,0.0,0.07692307692307693
167,80,uniform,2,popular_group,0.06666666666666667,0.0,0.0,0.007575757575757576
167,80,uniform,2,raw_distance,0.06666666666666667,0.0,0.0,0.012987012987012988
167,80,uniform,2,raw_correlation,0.06666666666666667,0.0,0.0,0.008849557522123894
167,80,uniform,2,mf_latent,0.06666666666666667,0.0,0.0,0.013157894736842105
167,80,uniform,2,mf_impute,0.06666666666666667,0.0,0.0,0.008
191,80,uniform,1,random,0.1259259259259259,0.0,0.0,0.07142857142857142
191,80,uniform,1,popular_group,0.1259259259259259,0.0,0.0,0.00641025641025641
191,80,uniform,1,raw_distance,0.1259259259259259,0.8,0.9,1.0
191,80,uniform,1,raw_correlation,0.1259259259259259,1.0,0.8,1.0
191,80,uniform,1,mf_latent,0.1259259259259259,0.8,0.5,1.0
191,80,uniform,1,mf_impute,0.1259259259259259,0.8,0.7,1.0
191,80,uniform,2,random,0.06666666666666667,0.0,0.0,0.07142857142857142
191,80,uniform,2,popular_group,0.06666666666666667,0.0,0.0,0.007575757575757576
191,80,uniform,2,raw_distance,0.06666666666666667,0.8,0.9,1.0
191,80,uniform,2,raw_correlation,0.06666666666666667,1.0,0.8,1.0
191,80,uniform,2,mf_latent,0.06666666666666667,0.8,0.5,1.0
191,80,uniform,2,mf_impute,0.06666666666666667,0.8,0.7,1.0
201,80,uniform,1,random,0.1259259259259259,0.4,0.3,0.5
201,80,uniform,1,popular_group,0.1259259259259259,0.0,0.0,0.00641025641025641
201,80,uniform,1,raw_distance,0.1259259259259259,1.0,0.8,1.0
201,80,uniform,1,raw_correlation,0.1259259259259259,1.0,1.0,1.0
201,80,uniform,1,mf_latent,0.1259259259259259,1.0,1.0,1.0
201,80,uniform,1,mf_impute,0.1259259259259259,1.0,1.0,1.0
201,80,uniform,2,random,0.06666666666666667,0.4,0.3,0.5
201,80,uniform,2,popular_group,0.06666666666666667,0.0,0.0,0.007575757575757576
201,80,uniform,2,raw_distance,0.06666666666666667,1.0,0.8,1.0
201,80,uniform,2,raw_correlation,0.06666666666666667,1.0,1.0,1.0
201,80,uniform,2,mf_latent,0.06666666666666667,1.0,0.7,1.0
201,80,uniform,2,mf_impute,0.06666666666666667,1.0,1.0,1.0
234,80,uniform,1,random,0.12345679012345678,0.0,0.0,0.07142857142857142
234,80,uniform,1,popular_group,0.12345679012345678,0.0,0.0,0.004901960784313725
234,80,uniform,1,raw_distance,0.12345679012345678,1.0,1.0,1.0
234,80,uniform,1,raw_correlation,0.12345679012345678,1.0,1.0,1.0
234,80,uniform,1,mf_latent,0.12345679012345678,1.0,1.0,1.0
234,80,uniform,1,mf_impute,0.12345679012345678,1.0,1.0,1.0
234,80,uniform,2,random,0.0654320987654321,0.0,0.0,0.07142857142857142
234,80,uniform,2,popular_group,0.0654320987654321,0.0,0.0,0.00510204081632653
234,80,uniform,2,raw_distance,0.0654320987654321,1.0,1.0,1.0
234,80,uniform,2,raw_correlation,0.0654320987654321,1.0,1.0,1.0
234,80,uniform,2,mf_latent,0.0654320987654321,1.0,1.0,1.0
234,80,uniform,2,mf_impute,0.0654320987654321,1.0,1.0,1.0
280,80,uniform,1,random,0.12345679012345678,0.0,0.1,0.1111111111111111
280,80,uniform,1,popular_group,0.12345679012345678,0.0,0.0,0.004901960784313725
280,80,uniform,1,raw_distance,0.12345679012345678,1.0,0.9,1.0
280,80,uniform,1,raw_correlation,0.12345679012345678,1.0,0.9,1.0
280,80,uniform,1,mf_latent,0.12345679012345678,0.8,0.8,1.0
280,80,uniform,1,mf_impute,0.12345679012345678,1.0,0.9,1.0
280,80,uniform,2,random,0.043209876543209874,0.0,0.1,0.1111111111111111
280,80,uniform,2,popular_group,0.043209876543209874,0.0,0.0,0.004098360655737705
280,80,uniform,2,raw_distance,0.043209876543209874,1.0,0.9,1.0
280,80,uniform,2,raw_correlation,0.043209876543209874,0.6,0.4,1.0
280,80,uniform,2,mf_latent,0.043209876543209874,0.6,0.6,1.0
280,80,uniform,2,mf_impute,0.043209876543209874,0.8,0.8,1.0
285,80,uniform,1,random,0.12345679012345678,0.0,0.0,0.058823529411764705
285,80,uniform,1,popular_group,0.12345679012345678,0.0,0.0,0.004901960784313725
285,80,uniform,1,raw_distance,0.12345679012345678,1.0,1.0,1.0
285,80,uniform,1,raw_correlation,0.12345679012345678,1.0,1.0,1.0
285,80,uniform,1,mf_latent,0.12345679012345678,1.0,1.0,1.0
285,80,uniform,1,mf_impute,0.12345679012345678,1.0,1.0,1.0
285,80,uniform,2,random,0.043209876543209874,0.0,0.0,0.041666666666666664
285,80,uniform,2,popular_group,0.043209876543209874,0.0,0.0,0.004098360655737705
285,80,uniform,2,raw_distance,0.043209876543209874,1.0,1.0,1.0
285,80,uniform,2,raw_correlation,0.043209876543209874,1.0,1.0,1.0
285,80,uniform,2,mf_latent,0.043209876543209874,1.0,1.0,1.0
285,80,uniform,2,mf_impute,0.043209876543209874,1.0,1.0,1.0
292,80,uniform,1,random,0.12345679012345678,0.0,0.0,0.05
292,80,uniform,1,popular_group,0.12345679012345678,0.0,0.0,0.004901960784313725
292,80,uniform,1,raw_distance,0.12345679012345678,0.8,0.8,1.0
292,80,uniform,1,raw_correlation,0.12345679012345678,1.0,1.0,1.0
292,80,uniform,1,mf_latent,0.12345679012345678,1.0,0.9,1.0
292,80,uniform,1,mf_impute,0.12345679012345678,1.0,1.0,1.0
292,80,uniform,2,random,0.043209876543209874,0.0,0.0,0.05
292,80,uniform,2,popular_group,0.043209876543209874,0.0,0.0,0.004098360655737705
292,80,uniform,2,raw_distance,0.043209876543209874,0.4,0.5,0.5
292,80,uniform,2,raw_correlation,0.043209876543209874,0.4,0.4,1.0
292,80,uniform,2,mf_latent,0.043209876543209874,0.4,0.4,1.0
292,80,uniform,2,mf_impute,0.043209876543209874,0.4,0.5,1.0
302,80,uniform,1,random,0.12345679012345678,0.2,0.1,0.5
302,80,uniform,1,popular_group,0.12345679012345678,0.0,0.0,0.004901960784313725
302,80,uniform,1,raw_distance,0.12345679012345678,1.0,0.8,1.0
302,80,uniform,1,raw_correlation,0.12345679012345678,1.0,1.0,1.0
302,80,uniform,1,mf_latent,0.12345679012345678,1.0,1.0,1.0
302,80,uniform,1,mf_impute,0.12345679012345678,1.0,1.0,1.0
302,80,uniform,2,random,0.043209876543209874,0.2,0.1,0.5
302,80,uniform,2,popular_group,0.043209876543209874,0.0,0.0,0.004098360655737705
302,80,uniform,2,raw_distance,0.043209876543209874,1.0,0.8,1.0
302,80,uniform,2,raw_correlation,0.043209876543209874,1.0,0.7,1.0
302,80,uniform,2,mf_latent,0.043209876543209874,0.8,0.7,1.0
302,80,uniform,2,mf_impute,0.043209876543209874,0.6,0.5,1.0
308,80,uniform,1,random,0.12345679012345678,0.0,0.1,0.14285714285714285
308,80,uniform,1,popular_group,0.12345679012345678,0.0,0.0,0.004901960784313725
308,80,uniform,1,raw_distance,0.12345679012345678,1.0,1.0,1.0
308,80,uniform,1,raw_correlation,0.12345679012345678,1.0,1.0,1.0
308,80,uniform,1,mf_latent,0.12345679012345678,1.0,1.0,1.0
308,80,uniform,1,mf_impute,0.12345679012345678,1.0,1.0,1.0
308,80,uniform,2,random,0.013580246913580247,0.0,0.0,0.0136986301369863
308,80,uniform,2,popular_group,0.013580246913580247,0.0,0.0,0.0036231884057971015
308,80,uniform,2,raw_distance,0.013580246913580247,0.2,0.2,0.3333333333333333
308,80,uniform,2,raw_correlation,0.013580246913580247,0.0,0.0,0.08333333333333333
308,80,uniform,2,mf_latent,0.013580246913580247,0.2,0.2,0.5
308,80,uniform,2,mf_impute,0.013580246913580247,0.0,0.0,0.038461538461538464
314,80,uniform,1,random,0.12345679012345678,0.2,0.1,0.2
314,80,uniform,1,popular_group,0.12345679012345678,0.0,0.0,0.004901960784313725
314,80,uniform,1,raw_distance,0.12345679012345678,1.0,1.0,1.0
314,80,uniform,1,raw_correlation,0.12345679012345678,1.0,1.0,1.0
314,80,uniform,1,mf_latent,0.12345679012345678,1.0,1.0,1.0
314,80,uniform,1,mf_impute,0.12345679012345678,1.0,1.0,1.0
314,80,uniform,2,random,0.013580246913580247,0.0,0.0,0.06666666666666667
314,80,uniform,2,popular_group,0.013580246913580247,0.0,0.0,0.0036231884057971015
314,80,uniform,2,raw_distance,0.013580246913580247,0.6,0.7,1.0
314,80,uniform,2,raw_correlation,0.013580246913580247,0.4,0.5,0.5
314,80,uniform,2,mf_latent,0.013580246913580247,0.2,0.4,1.0
314,80,uniform,2,mf_impute,0.013580246913580247,0.2,0.4,0.3333333333333333
320,80,uniform,1,random,0.1,0.4,0.2,1.0
320,80,uniform,1,popular_group,0.1,0.0,0.0,0.0033333333333333335
320,80,uniform,1,raw_distance,0.1,0.4,0.3,1.0
320,80,uniform,1,raw_correlation,0.1,0.4,0.3,1.0
320,80,uniform,1,mf_latent,0.1,0.6,0.4,0.5
320,80,uniform,1,mf_impute,0.1,0.4,0.3,0.25
320,80,uniform,2,random,0.013580246913580247,0.4,0.2,1.0
320,80,uniform,2,popular_group,0.013580246913580247,0.0,0.0,0.003424657534246575
320,80,uniform,2,raw_distance,0.013580246913580247,0.4,0.3,1.0
320,80,uniform,2,raw_correlation,0.013580246913580247,0.4,0.3,1.0
320,80,uniform,2,mf_latent,0.013580246913580247,0.6,0.4,0.5
320,80,uniform,2,mf_impute,0.013580246913580247,0.4,0.3,0.25
325,80,uniform,1,random,0.1,0.2,0.1,0.25
325,80,uniform,1,popular_group,0.1,0.0,0.0,0.0033333333333333335
325,80,uniform,1,raw_distance,0.1,0.8,0.5,1.0
325,80,uniform,1,raw_correlation,0.1,0.8,0.6,1.0
325,80,uniform,1,mf_latent,0.1,0.6,0.5,1.0
325,80,uniform,1,mf_impute,0.1,0.6,0.5,1.0
325,80,uniform,2,random,0.013580246913580247,0.2,0.1,0.25
325,80,uniform,2,popular_group,0.013580246913580247,0.0,0.0,0.003424657534246575
325,80,uniform,2,raw_distance,0.013580246913580247,0.8,0.5,1.0
325,80,uniform,2,raw_correlation,0.013580246913580247,0.8,0.6,1.0
325,80,uniform,2,mf_latent,0.013580246913580247,0.6,0.5,1.0
325,80,uniform,2,mf_impute,0.013580246913580247,0.6,0.5,1.0
336,80,uniform,1,random,0.1,0.0,0.2,0.14285714285714285
336,80,uniform,1,popular_group,0.1,0.0,0.0,0.0033333333333333335
336,80,uniform,1,raw_distance,0.1,0.2,0.1,0.3333333333333333
336,80,uniform,1,raw_correlation,0.1,1.0,0.7,1.0
336,80,uniform,1,mf_latent,0.1,1.0,0.9,1.0
336,80,uniform,1,mf_impute,0.1,1.0,0.8,1.0
336,80,uniform,2,random,0.04814814814814815,0.0,0.1,0.14285714285714285
336,80,uniform,2,popular_group,0.04814814814814815,0.0,0.0,0.003246753246753247
336,80,uniform,2,raw_distance,0.04814814814814815,0.0,0.0,0.0625
336,80,uniform,2,raw_correlation,0.04814814814814815,1.0,0.7,1.0
336,80,uniform,2,mf_latent,0.04814814814814815,1.0,0.9,1.0
336,80,uniform,2,mf_impute,0.04814814814814815,1.0,0.8,1.0
352,80,uniform,1,random,0.1,0.2,0.1,0.5
352,80,uniform,1,popular_group,0.1,0.0,0.0,0.0033333333333333335
352,80,uniform,1,raw_distance,0.1,0.4,0.3,0.5
352,80,uniform,1,raw_correlation,0.1,0.6,0.6,0.3333333333333333
352,80,uniform,1,mf_latent,0.1,0.4,0.4,1.0
352,80,uniform,1,mf_impute,0.1,1.0,0.8,1.0
352,80,uniform,2,random,0.04814814814814815,0.0,0.0,0.07142857142857142
352,80,uniform,2,popular_group,0.04814814814814815,0.0,0.0,0.003246753246753247
352,80,uniform,2,raw_distance,0.04814814814814815,0.2,0.2,0.3333333333333333
352,80,uniform,2,raw_correlation,0.04814814814814815,0.4,0.5,0.25
352,80,uniform,2,mf_latent,0.04814814814814815,0.4,0.4,1.0
352,80,uniform,2,mf_impute,0.04814814814814815,1.0,0.8,1.0
357,80,uniform,1,random,0.1,0.2,0.1,0.25
357,80,uniform,1,popular_group,0.1,0.0,0.0,0.0033333333333333335
357,80,uniform,1,raw_distance,0.1,0.8,0.6,1.0
357,80,uniform,1,raw_correlation,0.1,1.0,0.7,1.0
357,80,uniform,1,mf_latent,0.1,1.0,0.6,1.0
357,80,uniform,1,mf_impute,0.1,0.6,0.5,0.5
357,80,uniform,2,random,0.04814814814814815,0.0,0.0,0.01639344262295082
357,80,uniform,2,popular_group,0.04814814814814815,0.0,0.0,0.003246753246753247
357,80,uniform,2,raw_distance,0.04814814814814815,0.8,0.6,1.0
357,80,uniform,2,raw_correlation,0.04814814814814815,1.0,0.7,1.0
357,80,uniform,2,mf_latent,0.04814814814814815,1.0,0.6,1.0
357,80,uniform,2,mf_impute,0.04814814814814815,0.6,0.5,0.5
359,80,uniform,1,random,0.1,0.4,0.2,0.5
359,80,uniform,1,popular_group,0.1,0.0,0.0,0.0033333333333333335
359,80,uniform,1,raw_distance,0.1,0.2,0.4,1.0
359,80,uniform,1,raw_correlation,0.1,0.4,0.4,1.0
359,80,uniform,1,mf_latent,0.1,0.8,0.5,1.0
359,80,uniform,1,mf_impute,0.1,0.2,0.5,1.0
359,80,uniform,2,random,0.04814814814814815,0.2,0.1,0.5
359,80,uniform,2,popular_group,0.04814814814814815,0.0,0.0,0.003246753246753247
359,80,uniform,2,raw_distance,0.04814814814814815,0.2,0.4,1.0
359,80,uniform,2,raw_correlation,0.04814814814814815,0.4,0.2,1.0
359,80,uniform,2,mf_latent,0.04814814814814815,0.4,0.3,0.3333333333333333
359,80,uniform,2,mf_impute,0.04814814814814815,0.2,0.2,1.0
372,80,uniform,1,random,0.1,0.2,0.2,0.3333333333333333
372,80,uniform,1,popular_group,0.1,0.0,0.0,0.0033333333333333335
372,80,uniform,1,raw_distance,0.1,1.0,0.9,1.0
372,80,uniform,1,raw_correlation,0.1,1.0,0.9,1.0
372,80,uniform,1,mf_latent,0.1,1.0,0.9,1.0
372,80,uniform,1,mf_impute,0.1,1.0,1.0,1.0
372,80,uniform,2,random,0.04814814814814815,0.0,0.1,0.14285714285714285
372,80,uniform,2,popular_group,0.04814814814814815,0.0,0.0,0.003246753246753247
372,80,uniform,2,raw_distance,0.04814814814814815,1.0,0.9,1.0
372,80,uniform,2,raw_correlation,0.04814814814814815,1.0,0.9,1.0
372,80,uniform,2,mf_latent,0.04814814814814815,1.0,0.9,1.0
372,80,uniform,2,mf_impute,0.04814814814814815,1.0,1.0,1.0
373,80,uniform,1,random,0.1,0.0,0.1,0.14285714285714285
373,80,uniform,1,popular_group,0.1,0.0,0.0,0.0033333333333333335
373,80,uniform,1,raw_distance,0.1,1.0,1.0,1.0
373,80,uniform,1,raw_correlation,0.1,1.0,1.0,1.0
373,80,uniform,1,mf_latent,0.1,1.0,1.0,1.0
373,80,uniform,1,mf_impute,0.1,1.0,0.9,1.0
373,80,uniform,2,random,0.04814814814814815,0.0,0.1,0.14285714285714285
373,80,uniform,2,popular_group,0.04814814814814815,0.0,0.0,0.003246753246753247
373,80,uniform,2,raw_distance,0.04814814814814815,1.0,1.0,1.0
373,80,uniform,2,raw_correlation,0.04814814814814815,1.0,1.0,1.0
373,80,uniform,2,mf_latent,0.04814814814814815,1.0,1.0,1.0
373,80,uniform,2,mf_impute,0.04814814814814815,1.0,0.9,1.0
378,80,uniform,1,random,0.1,0.2,0.2,0.2
378,80,uniform,1,popular_group,0.1,0.0,0.0,0.0033333333333333335
378,80,uniform,1,raw_distance,0.1,0.6,0.6,1.0
378,80,uniform,1,raw_correlation,0.1,0.6,0.6,1.0
378,80,uniform,1,mf_latent,0.1,0.6,0.6,0.5
378,80,uniform,1,mf_impute,0.1,0.6,0.5,1.0
378,80,uniform,2,random,0.012345679012345678,0.0,0.0,0.01818181818181818
378,80,uniform,2,popular_group,0.012345679012345678,0.0,0.0,0.0029411764705882353
378,80,uniform,2,raw_distance,0.012345679012345678,0.2,0.1,1.0
378,80,uniform,2,raw_correlation,0.012345679012345678,0.2,0.1,1.0
378,80,uniform,2,mf_latent,0.012345679012345678,0.2,0.1,0.25
378,80,uniform,2,mf_impute,0.012345679012345678,0.2,0.1,1.0
381,80,uniform,1,random,0.1,0.2,0.1,0.5
381,80,uniform,1,popular_group,0.1,0.0,0.0,0.0033333333333333335
381,80,uniform,1,raw_distance,0.1,1.0,0.6,1.0
381,80,uniform,1,raw_correlation,0.1,1.0,0.8,1.0
381,80,uniform,1,mf_latent,0.1,0.6,0.7,0.5
381,80,uniform,1,mf_impute,0.1,0.8,0.9,1.0
381,80,uniform,2,random,0.012345679012345678,0.0,0.0,0.020833333333333332
381,80,uniform,2,popular_group,0.012345679012345678,0.0,0.0,0.0029411764705882353
381,80,uniform,2,raw_distance,0.012345679012345678,0.8,0.4,1.0
381,80,uniform,2,raw_correlation,0.012345679012345678,0.6,0.4,1.0
381,80,uniform,2,mf_latent,0.012345679012345678,0.4,0.4,0.5
381,80,uniform,2,mf_impute,0.012345679012345678,0.6,0.4,1.0
389,80,uniform,1,random,0.1,0.0,0.0,0.02127659574468085
389,80,uniform,1,popular_group,0.1,0.0,0.0,0.0033333333333333335
389,80,uniform,1,raw_distance,0.1,0.2,0.2,1.0
389,80,uniform,1,raw_correlation,0.1,1.0,0.8,1.0
389,80,uniform,1,mf_latent,0.1,0.8,0.6,1.0
389,80,uniform,1,mf_impute,0.1,1.0,0.8,1.0
389,80,uniform,2,random,0.012345679012345678,0.0,0.0,0.010101010101010102
389,80,uniform,2,popular_group,0.012345679012345678,0.0,0.0,0.0029411764705882353
389,80,uniform,2,raw_distance,0.012345679012345678,0.0,0.0,0.07692307692307693
389,80,uniform,2,raw_correlation,0.012345679012345678,0.2,0.1,0.2
389,80,uniform,2,mf_latent,0.012345679012345678,0.2,0.1,0.5
389,80,uniform,2,mf_impute,0.012345679012345678,0.2,0.1,0.3333333333333333
403,80,uniform,1,random,0.1,0.2,0.1,0.3333333333333333
403,80,uniform,1,popular_group,0.1,0.0,0.0,0.0033333333333333335
403,80,uniform,1,raw_distance,0.1,0.2,0.1,1.0
403,80,uniform,1,raw_correlation,0.1,0.2,0.1,1.0
403,80,uniform,1,mf_latent,0.1,0.2,0.1,1.0
403,80,uniform,1,mf_impute,0.1,0.2,0.1,0.2
403,80,uniform,2,random,0.020987654320987655,0.0,0.0,0.045454545454545456
403,80,uniform,2,popular_group,0.020987654320987655,0.0,0.0,0.0028089887640449437
403,80,uniform,2,raw_distance,0.020987654320987655,0.2,0.1,1.0
403,80,uniform,2,raw_correlation,0.020987654320987655,0.2,0.1,1.0
403,80,uniform,2,mf_latent,0.020987654320987655,0.2,0.1,1.0
403,80,uniform,2,mf_impute,0.020987654320987655,0.2,0.1,0.2
408,80,uniform,1,random,0.1,0.2,0.1,0.2
408,80,uniform,1,popular_group,0.1,0.0,0.0,0.0033333333333333335
408,80,uniform,1,raw_distance,0.1,0.8,0.4,1.0
408,80,uniform,1,raw_correlation,0.1,0.6,0.7,1.0
408,80,uniform,1,mf_latent,0.1,0.8,0.4,1.0
408,80,uniform,1,mf_impute,0.1,0.6,0.5,1.0
408,80,uniform,2,random,0.003703703703703704,0.0,0.0,0.011363636363636364
408,80,uniform,2,popular_group,0.003703703703703704,0.0,0.0,0.002617801047120419
408,80,uniform,2,raw_distance,0.003703703703703704,0.4,0.2,1.0
408,80,uniform,2,raw_correlation,0.003703703703703704,0.4,0.2,1.0
408,80,uniform,2,mf_latent,0.003703703703703704,0.2,0.1,1.0
408,80,uniform,2,mf_impute,0.003703703703703704,0.4,0.2,0.5
413,80,uniform,1,random,0.1,0.0,0.0,0.058823529411764705
413,80,uniform,1,popular_group,0.1,0.0,0.0,0.0033333333333333335
413,80,uniform,1,raw_distance,0.1,0.2,0.1,1.0
413,80,uniform,1,raw_correlation,0.1,0.2,0.1,0.3333333333333333
413,80,uniform,1,mf_latent,0.1,0.2,0.3,0.5
413,80,uniform,1,mf_impute,0.1,0.4,0.3,0.3333333333333333
413,80,uniform,2,random,0.0012345679012345679,0.0,0.0,0.001483679525222552
413,80,uniform,2,popular_group,0.0012345679012345679,0.0,0.0,0.0026246719160104987
413,80,uniform,2,raw_distance,0.0012345679012345679,0.2,0.1,1.0
413,80,uniform,2,raw_correlation,0.0012345679012345679,0.0,0.0,0.045454545454545456
413,80,uniform,2,mf_latent,0.0012345679012345679,0.2,0.1,0.5
413,80,uniform,2,mf_impute,0.0012345679012345679,0.0,0.1,0.125
415,80,uniform,1,random,0.10123456790123457,0.0,0.0,0.07692307692307693
415,80,uniform,1,popular_group,0.10123456790123457,0.0,0.0,0.002631578947368421
415,80,uniform,1,raw_distance,0.10123456790123457,0.0,0.0,0.07142857142857142
415,80,uniform,1,raw_correlation,0.10123456790123457,0.0,0.0,0.0625
415,80,uniform,1,mf_latent,0.10123456790123457,0.2,0.1,0.25
415,80,uniform,1,mf_impute,0.10123456790123457,0.0,0.0,0.043478260869565216
415,80,uniform,2,random,0.0024691358024691358,0.0,0.0,0.00425531914893617
415,80,uniform,2,popular_group,0.0024691358024691358,0.0,0.0,0.002638522427440633
415,80,uniform,2,raw_distance,0.0024691358024691358,0.0,0.0,0.07142857142857142
415,80,uniform,2,raw_correlation,0.0024691358024691358,0.0,0.0,0.0625
415,80,uniform,2,mf_latent,0.0024691358024691358,0.2,0.1,0.25
415,80,uniform,2,mf_impute,0.0024691358024691358,0.0,0.0,0.043478260869565216
421,80,uniform,1,random,0.10123456790123457,0.2,0.1,0.5
421,80,uniform,1,popular_group,0.10123456790123457,0.0,0.0,0.002631578947368421
421,80,uniform,1,raw_distance,0.10123456790123457,0.4,0.3,0.5
421,80,uniform,1,raw_correlation,0.10123456790123457,0.2,0.1,0.5
421,80,uniform,1,mf_latent,0.10123456790123457,0.2,0.2,0.25
421,80,uniform,1,mf_impute,0.10123456790123457,0.0,0.0,0.01818181818181818
421,80,uniform,2,random,0.028395061728395062,0.2,0.1,0.5
421,80,uniform,2,popular_group,0.028395061728395062,0.0,0.0,0.002688172043010753
421,80,uniform,2,raw_distance,0.028395061728395062,0.4,0.3,0.5
421,80,uniform,2,raw_correlation,0.028395061728395062,0.2,0.1,0.5
421,80,uniform,2,mf_latent,0.028395061728395062,0.2,0.2,0.25
421,80,uniform,2,mf_impute,0.028395061728395062,0.0,0.0,0.015625
424,80,uniform,1,random,0.10123456790123457,0.2,0.1,1.0
424,80,uniform,1,popular_group,0.10123456790123457,0.0,0.0,0.002631578947368421
424,80,uniform,1,raw_distance,0.10123456790123457,0.0,0.1,0.1
424,80,uniform,1,raw_correlation,0.10123456790123457,0.0,0.1,0.1111111111111111
424,80,uniform,1,mf_latent,0.10123456790123457,0.6,0.4,1.0
424,80,uniform,1,mf_impute,0.10123456790123457,0.0,0.0,0.0625
424,80,uniform,2,random,0.028395061728395062,0.2,0.1,1.0
424,80,uniform,2,popular_group,0.028395061728395062,0.0,0.0,0.002688172043010753
424,80,uniform,2,raw_distance,0.028395061728395062,0.0,0.0,0.05263157894736842
424,80,uniform,2,raw_correlation,0.028395061728395062,0.0,0.1,0.1111111111111111
424,80,uniform,2,mf_latent,0.028395061728395062,0.6,0.4,1.0
424,80,uniform,2,mf_impute,0.028395061728395062,0.0,0.0,0.0625
430,80,uniform,1,random,0.10123456790123457,0.2,0.1,0.2
430,80,uniform,1,popular_group,0.10123456790123457,0.0,0.0,0.002631578947368421
430,80,uniform,1,raw_distance,0.10123456790123457,0.4,0.4,1.0
430,80,uniform,1,raw_correlation,0.10123456790123457,0.6,0.4,1.0
430,80,uniform,1,mf_latent,0.10123456790123457,1.0,0.9,1.0
430,80,uniform,1,mf_impute,0.10123456790123457,0.8,0.7,1.0
430,80,uniform,2,random,0.028395061728395062,0.0,0.0,0.03333333333333333
430,80,uniform,2,popular_group,0.028395061728395062,0.0,0.0,0.002688172043010753
430,80,uniform,2,raw_distance,0.028395061728395062,0.4,0.4,1.0
430,80,uniform,2,raw_correlation,0.028395061728395062,0.6,0.4,1.0
430,80,uniform,2,mf_latent,0.028395061728395062,0.8,0.7,1.0
430,80,uniform,2,mf_impute,0.028395061728395062,0.6,0.6,1.0
432,80,uniform,1,random,0.10123456790123457,0.0,0.0,0.045454545454545456
432,80,uniform,1,popular_group,0.10123456790123457,0.0,0.0,0.002631578947368421
432,80,uniform,1,raw_distance,0.10123456790123457,0.8,0.5,1.0
432,80,uniform,1,raw_correlation,0.10123456790123457,0.8,0.6,1.0
432,80,uniform,1,mf_latent,0.10123456790123457,1.0,0.7,1.0
432,80,uniform,1,mf_impute,0.10123456790123457,0.6,0.4,1.0
432,80,uniform,2,random,0.028395061728395062,0.0,0.0,0.045454545454545456
432,80,uniform,2,popular_group,0.028395061728395062,0.0,0.0,0.002688172043010753
432,80,uniform,2,raw_distance,0.028395061728395062,0.6,0.3,1.0
432,80,uniform,2,raw_correlation,0.028395061728395062,0.6,0.4,1.0
432,80,uniform,2,mf_latent,0.028395061728395062,1.0,0.5,1.0
432,80,uniform,2,mf_impute,0.028395061728395062,0.6,0.3,1.0
457,80,uniform,1,random,0.10123456790123457,0.0,0.1,0.125
457,80,uniform,1,popular_group,0.10123456790123457,0.0,0.0,0.002631578947368421
457,80,uniform,1,raw_distance,0.10123456790123457,0.4,0.2,0.3333333333333333
457,80,uniform,1,raw_correlation,0.10123456790123457,0.4,0.5,1.0
457,80,uniform,1,mf_latent,0.10123456790123457,0.8,0.5,1.0
457,80,uniform,1,mf_impute,0.10123456790123457,0.6,0.5,1.0
457,80,uniform,2,random,0.019753086419753086,0.0,0.0,0.008620689655172414
457,80,uniform,2,popular_group,0.019753086419753086,0.0,0.0,0.0024752475247524753
457,80,uniform,2,raw_distance,0.019753086419753086,0.0,0.0,0.0625
457,80,uniform,2,raw_correlation,0.019753086419753086,0.0,0.1,0.1111111111111111
457,80,uniform,2,mf_latent,0.019753086419753086,0.0,0.1,0.16666666666666666
457,80,uniform,2,mf_impute,0.019753086419753086,0.0,0.1,0.1111111111111111
468,80,uniform,1,random,0.10123456790123457,0.0,0.0,0.06666666666666667
468,80,uniform,1,popular_group,0.10123456790123457,0.0,0.0,0.002631578947368421
468,80,uniform,1,raw_distance,0.10123456790123457,0.0,0.0,0.014705882352941176
468,80,uniform,1,raw_correlation,0.10123456790123457,0.0,0.1,0.1
468,80,uniform,1,mf_latent,0.10123456790123457,0.2,0.1,0.5
468,80,uniform,1,mf_impute,0.10123456790123457,0.0,0.0,0.07692307692307693
468,80,uniform,2,random,0.044444444444444446,0.0,0.0,0.06666666666666667
468,80,uniform,2,popular_group,0.044444444444444446,0.0,0.0,0.002380952380952381
468,80,uniform,2,raw_distance,0.044444444444444446,0.0,0.0,0.014705882352941176
468,80,uniform,2,raw_correlation,0.044444444444444446,0.0,0.0,0.018518518518518517
468,80,uniform,2,mf_latent,0.044444444444444446,0.2,0.1,0.5
468,80,uniform,2,mf_impute,0.044444444444444446,0.0,0.0,0.025
473,80,uniform,1,random,0.10123456790123457,0.2,0.2,0.3333333333333333
473,80,uniform,1,popular_group,0.10123456790123457,0.0,0.0,0.002631578947368421
473,80,uniform,1,raw_distance,0.10123456790123457,0.2,0.1,0.2
473,80,uniform,1,raw_correlation,0.10123456790123457,0.0,0.1,0.1111111111111111
473,80,uniform,1,mf_latent,0.10123456790123457,0.2,0.3,0.3333333333333333
473,80,uniform,1,mf_impute,0.10123456790123457,0.2,0.1,0.2
473,80,uniform,2,random,0.044444444444444446,0.2,0.2,0.3333333333333333
473,80,uniform,2,popular_group,0.044444444444444446,0.0,0.0,0.002380952380952381
473,80,uniform,2,raw_distance,0.044444444444444446,0.2,0.1,0.2
473,80,uniform,2,raw_correlation,0.044444444444444446,0.0,0.1,0.1111111111111111
473,80,uniform,2,mf_latent,0.044444444444444446,0.0,0.1,0.16666666666666666
473,80,uniform,2,mf_impute,0.044444444444444446,0.0,0.0,0.06666666666666667
501,80,uniform,1,random,0.10123456790123457,0.0,0.0,0.058823529411764705
501,80,uniform,1,popular_group,0.10123456790123457,0.0,0.0,0.002631578947368421
501,80,uniform,1,raw_distance,0.10123456790123457,0.4,0.2,1.0
501,80,uniform,1,raw_correlation,0.10123456790123457,0.6,0.4,1.0
501,80,uniform,1,mf_latent,0.10123456790123457,0.8,0.6,1.0
501,80,uniform,1,mf_impute,0.10123456790123457,1.0,0.6,1.0
501,80,uniform,2,random,0.003703703703703704,0.0,0.0,0.004405286343612335
501,80,uniform,2,popular_group,0.003703703703703704,0.0,0.0,0.002178649237472767
501,80,uniform,2,raw_distance,0.003703703703703704,0.2,0.1,1.0
501,80,uniform,2,raw_correlation,0.003703703703703704,0.2,0.1,1.0
501,80,uniform,2,mf_latent,0.003703703703703704,0.2,0.1,1.0
501,80,uniform,2,mf_impute,0.003703703703703704,0.2,0.1,0.5
532,80,uniform,1,random,0.12098765432098765,0.0,0.0,0.09090909090909091
532,80,uniform,1,popular_group,0.12098765432098765,0.0,0.0,0.002173913043478261
532,80,uniform,1,raw_distance,0.12098765432098765,0.6,0.6,0.3333333333333333
532,80,uniform,1,raw_correlation,0.12098765432098765,0.8,0.4,1.0
532,80,uniform,1,mf_latent,0.12098765432098765,0.6,0.5,0.5
532,80,uniform,1,mf_impute,0.12098765432098765,0.4,0.6,0.3333333333333333
532,80,uniform,2,random,0.018518518518518517,0.0,0.0,0.017241379310344827
532,80,uniform,2,popular_group,0.018518518518518517,0.0,0.0,0.002136752136752137
532,80,uniform,2,raw_distance,0.018518518518518517,0.4,0.3,0.3333333333333333
532,80,uniform,2,raw_correlation,0.018518518518518517,0.4,0.2,1.0
532,80,uniform,2,mf_latent,0.018518518518518517,0.4,0.3,0.5
532,80,uniform,2,mf_impute,0.018518518518518517,0.0,0.3,0.125
536,80,uniform,1,random,0.12098765432098765,0.0,0.0,0.025
536,80,uniform,1,popular_group,0.12098765432098765,0.0,0.0,0.002173913043478261
536,80,uniform,1,raw_distance,0.12098765432098765,1.0,0.8,1.0
536,80,uniform,1,raw_correlation,0.12098765432098765,1.0,0.7,1.0
536,80,uniform,1,mf_latent,0.12098765432098765,1.0,0.7,1.0
536,80,uniform,1,mf_impute,0.12098765432098765,1.0,0.8,1.0
536,80,uniform,2,random,0.018518518518518517,0.0,0.0,0.005208333333333333
536,80,uniform,2,popular_group,0.018518518518518517,0.0,0.0,0.002136752136752137
536,80,uniform,2,raw_distance,0.018518518518518517,1.0,0.7,1.0
536,80,uniform,2,raw_correlation,0.018518518518518517,1.0,0.7,1.0
536,80,uniform,2,mf_latent,0.018518518518518517,1.0,0.7,1.0
536,80,uniform,2,mf_impute,0.018518518518518517,1.0,0.7,1.0
538,80,uniform,1,random,0.12098765432098765,0.0,0.0,0.043478260869565216
538,80,uniform,1,popular_group,0.12098765432098765,0.0,0.0,0.002173913043478261
538,80,uniform,1,raw_distance,0.12098765432098765,1.0,1.0,1.0
538,80,uniform,1,raw_correlation,0.12098765432098765,1.0,1.0,1.0
538,80,uniform,1,mf_latent,0.12098765432098765,1.0,1.0,1.0
538,80,uniform,1,mf_impute,0.12098765432098765,1.0,1.0,1.0
538,80,uniform,2,random,0.018518518518518517,0.0,0.0,0.034482758620689655
538,80,uniform,2,popular_group,0.018518518518518517,0.0,0.0,0.002136752136752137
538,80,uniform,2,raw_distance,0.018518518518518517,0.6,0.6,1.0
538,80,uniform,2,raw_correlation,0.018518518518518517,1.0,0.7,1.0
538,80,uniform,2,mf_latent,0.018518518518518517,1.0,0.7,1.0
538,80,uniform,2,mf_impute,0.018518518518518517,0.8,0.7,1.0
563,80,uniform,1,random,0.12098765432098765,0.0,0.1,0.1111111111111111
563,80,uniform,1,popular_group,0.12098765432098765,0.0,0.0,0.002173913043478261
563,80,uniform,1,raw_distance,0.12098765432098765,1.0,0.8,1.0
563,80,uniform,1,raw_correlation,0.12098765432098765,1.0,0.6,1.0
563,80,uniform,1,mf_latent,0.12098765432098765,0.6,0.7,1.0
563,80,uniform,1,mf_impute,0.12098765432098765,0.6,0.6,1.0
563,80,uniform,2,random,0.03827160493827161,0.0,0.0,0.025
563,80,uniform,2,popular_group,0.03827160493827161,0.0,0.0,0.002066115702479339
563,80,uniform,2,raw_distance,0.03827160493827161,1.0,0.8,1.0
563,80,uniform,2,raw_correlation,0.03827160493827161,1.0,0.6,1.0
563,80,uniform,2,mf_latent,0.03827160493827161,0.4,0.5,1.0
563,80,uniform,2,mf_impute,0.03827160493827161,0.6,0.6,1.0
570,80,uniform,1,random,0.12098765432098765,0.0,0.1,0.14285714285714285
570,80,uniform,1,popular_group,0.12098765432098765,0.0,0.0,0.002173913043478261
570,80,uniform,1,raw_distance,0.12098765432098765,0.2,0.3,0.5
570,80,uniform,1,raw_correlation,0.12098765432098765,0.8,0.7,1.0
570,80,uniform,1,mf_latent,0.12098765432098765,0.8,0.6,1.0
570,80,uniform,1,mf_impute,0.12098765432098765,0.8,0.6,1.0
570,80,uniform,2,random,0.03827160493827161,0.0,0.1,0.14285714285714285
570,80,uniform,2,popular_group,0.03827160493827161,0.0,0.0,0.002066115702479339
570,80,uniform,2,raw_distance,0.03827160493827161,0.2,0.3,0.5
570,80,uniform,2,raw_correlation,0.03827160493827161,0.4,0.3,0.3333333333333333
570,80,uniform,2,mf_latent,0.03827160493827161,0.4,0.3,1.0
570,80,uniform,2,mf_impute,0.03827160493827161,0.4,0.3,0.25
582,80,uniform,1,random,0.12098765432098765,0.0,0.1,0.1111111111111111
582,80,uniform,1,popular_group,0.12098765432098765,0.0,0.0,0.002173913043478261
582,80,uniform,1,raw_distance,0.12098765432098765,1.0,0.9,1.0
582,80,uniform,1,raw_correlation,0.12098765432098765,1.0,1.0,1.0
582,80,uniform,1,mf_latent,0.12098765432098765,1.0,1.0,1.0
582,80,uniform,1,mf_impute,0.12098765432098765,1.0,1.0,1.0
582,80,uniform,2,random,0.037037037037037035,0.0,0.0,0.0625
582,80,uniform,2,popular_group,0.037037037037037035,0.0,0.0,0.001937984496124031
582,80,uniform,2,raw_distance,0.037037037037037035,0.4,0.4,1.0
582,80,uniform,2,raw_correlation,0.037037037037037035,0.4,0.2,1.0
582,80,uniform,2,mf_latent,0.037037037037037035,0.4,0.2,0.3333333333333333
582,80,uniform,2,mf_impute,0.037037037037037035,0.2,0.1,0.3333333333333333
591,80,uniform,1,random,0.12098765432098765,0.2,0.1,0.3333333333333333
591,80,uniform,1,popular_group,0.12098765432098765,0.0,0.0,0.002173913043478261
591,80,uniform,1,raw_distance,0.12098765432098765,0.8,0.8,1.0
591,80,uniform,1,raw_correlation,0.12098765432098765,1.0,0.8,1.0
591,80,uniform,1,mf_latent,0.12098765432098765,1.0,0.9,1.0
591,80,uniform,1,mf_impute,0.12098765432098765,1.0,0.9,1.0
591,80,uniform,2,random,0.037037037037037035,0.0,0.0,0.023809523809523808
591,80,uniform,2,popular_group,0.037037037037037035,0.0,0.0,0.001937984496124031
591,80,uniform,2,raw_distance,0.037037037037037035,0.8,0.6,1.0
591,80,uniform,2,raw_correlation,0.037037037037037035,0.8,0.5,1.0
591,80,uniform,2,mf_latent,0.037037037037037035,0.8,0.5,1.0
591,80,uniform,2,mf_impute,0.037037037037037035,0.8,0.6,1.0
594,80,uniform,1,random,0.12098765432098765,0.0,0.0,0.03571428571428571
594,80,uniform,1,popular_group,0.12098765432098765,0.0,0.0,0.002173913043478261
594,80,uniform,1,raw_distance,0.12098765432098765,0.6,0.7,1.0
594,80,uniform,1,raw_correlation,0.12098765432098765,0.6,0.8,1.0
594,80,uniform,1,mf_latent,0.12098765432098765,0.8,0.8,1.0
594,80,uniform,1,mf_impute,0.12098765432098765,0.6,0.6,1.0
594,80,uniform,2,random,0.037037037037037035,0.0,0.0,0.03571428571428571
594,80,uniform,2,popular_group,0.037037037037037035,0.0,0.0,0.001937984496124031
594,80,uniform,2,raw_distance,0.037037037037037035,0.6,0.7,1.0
594,80,uniform,2,raw_correlation,0.037037037037037035,0.4,0.7,1.0
594,80,uniform,2,mf_latent,0.037037037037037035,0.6,0.7,1.0
594,80,uniform,2,mf_impute,0.037037037037037035,0.6,0.6,1.0
596,80,uniform,1,random,0.12098765432098765,0.2,0.1,0.2
596,80,uniform,1,popular_group,0.12098765432098765,0.0,0.0,0.002173913043478261
596,80,uniform,1,raw_distance,0.12098765432098765,0.6,0.5,1.0
596,80,uniform,1,raw_correlation,0.12098765432098765,0.4,0.2,0.3333333333333333
596,80,uniform,1,mf_latent,0.12098765432098765,0.4,0.5,1.0
596,80,uniform,1,mf_impute,0.12098765432098765,0.4,0.4,0.3333333333333333
596,80,uniform,2,random,0.037037037037037035,0.0,0.0,0.015151515151515152
596,80,uniform,2,popular_group,0.037037037037037035,0.0,0.0,0.001937984496124031
596,80,uniform,2,raw_distance,0.037037037037037035,0.6,0.5,1.0
596,80,uniform,2,raw_correlation,0.037037037037037035,0.2,0.1,0.2
596,80,uniform,2,mf_latent,0.037037037037037035,0.4,0.3,1.0
596,80,uniform,2,mf_impute,0.037037037037037035,0.2,0.1,0.2
597,80,uniform,1,random,0.12098765432098765,0.0,0.0,0.09090909090909091
597,80,uniform,1,popular_group,0.12098765432098765,0.0,0.0,0.002173913043478261
597,80,uniform,1,raw_distance,0.12098765432098765,1.0,1.0,1.0
597,80,uniform,1,raw_correlation,0.12098765432098765,1.0,0.8,1.0
597,80,uniform,1,mf_latent,0.12098765432098765,1.0,0.8,1.0
597,80,uniform,1,mf_impute,0.12098765432098765,1.0,0.6,1.0
597,80,uniform,2,random,0.037037037037037035,0.0,0.0,0.09090909090909091
597,80,uniform,2,popular_group,0.037037037037037035,0.0,0.0,0.001937984496124031
597,80,uniform,2,raw_distance,0.037037037037037035,1.0,1.0,1.0
597,80,uniform,2,raw_correlation,0.037037037037037035,1.0,0.8,1.0
597,80,uniform,2,mf_latent,0.037037037037037035,1.0,0.8,1.0
597,80,uniform,2,mf_impute,0.037037037037037035,1.0,0.6,1.0
605,80,uniform,1,random,0.12098765432098765,0.4,0.2,0.5
605,80,uniform,1,popular_group,0.12098765432098765,0.0,0.0,0.002173913043478261
605,80,uniform,1,raw_distance,0.12098765432098765,1.0,0.8,1.0
605,80,uniform,1,raw_correlation,0.12098765432098765,0.8,0.6,1.0
605,80,uniform,1,mf_latent,0.12098765432098765,1.0,0.8,1.0
605,80,uniform,1,mf_impute,0.12098765432098765,0.6,0.6,1.0
605,80,uniform,2,random,0.037037037037037035,0.0,0.0,0.010416666666666666
605,80,uniform,2,popular_group,0.037037037037037035,0.0,0.0,0.001937984496124031
605,80,uniform,2,raw_distance,0.037037037037037035,1.0,0.8,1.0
605,80,uniform,2,raw_correlation,0.037037037037037035,0.8,0.6,1.0
605,80,uniform,2,mf_latent,0.037037037037037035,1.0,0.8,1.0
605,80,uniform,2,mf_impute,0.037037037037037035,0.6,0.6,1.0
607,80,uniform,1,random,0.12098765432098765,0.2,0.3,0.2
607,80,uniform,1,popular_group,0.12098765432098765,0.0,0.0,0.002173913043478261
607,80,uniform,1,raw_distance,0.12098765432098765,1.0,0.9,1.0
607,80,uniform,1,raw_correlation,0.12098765432098765,0.6,0.6,1.0
607,80,uniform,1,mf_latent,0.12098765432098765,0.2,0.5,0.2
607,80,uniform,1,mf_impute,0.12098765432098765,0.0,0.2,0.16666666666666666
607,80,uniform,2,random,0.037037037037037035,0.0,0.0,0.029411764705882353
607,80,uniform,2,popular_group,0.037037037037037035,0.0,0.0,0.001937984496124031
607,80,uniform,2,raw_distance,0.037037037037037035,1.0,0.9,1.0
607,80,uniform,2,raw_correlation,0.037037037037037035,0.6,0.6,1.0
607,80,uniform,2,mf_latent,0.037037037037037035,0.2,0.5,0.2
607,80,uniform,2,mf_impute,0.037037037037037035,0.0,0.2,0.16666666666666666
627,80,uniform,1,random,0.15185185185185185,0.0,0.1,0.16666666666666666
627,80,uniform,1,popular_group,0.15185185185185185,1.0,1.0,1.0
627,80,uniform,1,raw_distance,0.15185185185185185,1.0,0.7,1.0
627,80,uniform,1,raw_correlation,0.15185185185185185,1.0,0.7,1.0
627,80,uniform,1,mf_latent,0.15185185185185185,1.0,0.6,1.0
627,80,uniform,1,mf_impute,0.15185185185185185,1.0,0.6,1.0
627,80,uniform,2,random,0.08271604938271605,0.0,0.1,0.16666666666666666
627,80,uniform,2,popular_group,0.08271604938271605,1.0,1.0,1.0
627,80,uniform,2,raw_distance,0.08271604938271605,1.0,0.7,1.0
627,80,uniform,2,raw_correlation,0.08271604938271605,1.0,0.7,1.0
627,80,uniform,2,mf_latent,0.08271604938271605,1.0,0.6,1.0
627,80,uniform,2,mf_impute,0.08271604938271605,1.0,0.6,1.0
628,80,uniform,1,random,0.15185185185185185,0.2,0.2,0.25
628,80,uniform,1,popular_group,0.15185185185185185,1.0,1.0,1.0
628,80,uniform,1,raw_distance,0.15185185185185185,1.0,0.6,1.0
628,80,uniform,1,raw_correlation,0.15185185185185185,1.0,0.6,1.0
628,80,uniform,1,mf_latent,0.15185185185185185,0.4,0.4,1.0
628,80,uniform,1,mf_impute,0.15185185185185185,0.6,0.5,1.0
628,80,uniform,2,random,0.08271604938271605,0.2,0.2,0.25
628,80,uniform,2,popular_group,0.08271604938271605,1.0,1.0,1.0
628,80,uniform,2,raw_distance,0.08271604938271605,1.0,0.6,1.0
628,80,uniform,2,raw_correlation,0.08271604938271605,1.0,0.6,1.0
628,80,uniform,2,mf_latent,0.08271604938271605,0.4,0.4,1.0
628,80,uniform,2,mf_impute,0.08271604938271605,0.6,0.5,1.0
645,80,uniform,1,random,0.15185185185185185,0.4,0.4,0.5
645,80,uniform,1,popular_group,0.15185185185185185,1.0,1.0,1.0
645,80,uniform,1,raw_distance,0.15185185185185185,0.4,0.7,1.0
645,80,uniform,1,raw_correlation,0.15185185185185185,0.6,0.7,1.0
645,80,uniform,1,mf_latent,0.15185185185185185,1.0,0.9,1.0
645,80,uniform,1,mf_impute,0.15185185185185185,0.8,0.7,1.0
645,80,uniform,2,random,0.08271604938271605,0.2,0.2,0.25
645,80,uniform,2,popular_group,0.08271604938271605,1.0,1.0,1.0
645,80,uniform,2,raw_distance,0.08271604938271605,0.4,0.7,1.0
645,80,uniform,2,raw_correlation,0.08271604938271605,0.6,0.7,1.0
645,80,uniform,2,mf_latent,0.08271604938271605,1.0,0.9,1.0
645,80,uniform,2,mf_impute,0.08271604938271605,0.8,0.7,1.0
649,80,uniform,1,random,0.15185185185185185,0.2,0.3,1.0
649,80,uniform,1,popular_group,0.15185185185185185,1.0,1.0,1.0
649,80,uniform,1,raw_distance,0.15185185185185185,1.0,0.9,1.0
649,80,uniform,1,raw_correlation,0.15185185185185185,1.0,1.0,1.0
649,80,uniform,1,mf_latent,0.15185185185185185,1.0,0.9,1.0
649,80,uniform,1,mf_impute,0.15185185185185185,1.0,1.0,1.0
649,80,uniform,2,random,0.08271604938271605,0.0,0.1,0.1
649,80,uniform,2,popular_group,0.08271604938271605,1.0,1.0,1.0
649,80,uniform,2,raw_distance,0.08271604938271605,1.0,0.9,1.0
649,80,uniform,2,raw_correlation,0.08271604938271605,1.0,0.9,1.0
649,80,uniform,2,mf_latent,0.08271604938271605,1.0,0.9,1.0
649,80,uniform,2,mf_impute,0.08271604938271605,1.0,1.0,1.0
652,80,uniform,1,random,0.15185185185185185,0.2,0.1,0.5
652,80,uniform,1,popular_group,0.15185185185185185,1.0,1.0,1.0
652,80,uniform,1,raw_distance,0.15185185185185185,1.0,0.8,1.0
652,80,uniform,1,raw_correlation,0.15185185185185185,1.0,0.9,1.0
652,80,uniform,1,mf_latent,0.15185185185185185,0.8,0.9,1.0
652,80,uniform,1,mf_impute,0.15185185185185185,1.0,0.9,1.0
652,80,uniform,2,random,0.08271604938271605,0.2,0.1,0.5
652,80,uniform,2,popular_group,0.08271604938271605,1.0,1.0,1.0
652,80,uniform,2,raw_distance,0.08271604938271605,1.0,0.8,1.0
652,80,uniform,2,raw_correlation,0.08271604938271605,1.0,0.7,1.0
652,80,uniform,2,mf_latent,0.08271604938271605,0.8,0.8,1.0
652,80,uniform,2,mf_impute,0.08271604938271605,0.8,0.8,1.0
654,80,uniform,1,random,0.15185185185185185,0.4,0.2,1.0
654,80,uniform,1,popular_group,0.15185185185185185,1.0,1.0,1.0
654,80,uniform,1,raw_distance,0.15185185185185185,1.0,0.9,1.0
654,80,uniform,1,raw_correlation,0.15185185185185185,1.0,0.9,1.0
654,80,uniform,1,mf_latent,0.15185185185185185,0.8,0.9,1.0
654,80,uniform,1,mf_impute,0.15185185185185185,1.0,0.9,1.0
654,80,uniform,2,random,0.08271604938271605,0.2,0.1,1.0
654,80,uniform,2,popular_group,0.08271604938271605,1.0,1.0,1.0
654,80,uniform,2,raw_distance,0.08271604938271605,1.0,0.8,1.0
654,80,uniform,2,raw_correlation,0.08271604938271605,1.0,0.8,1.0
654,80,uniform,2,mf_latent,0.08271604938271605,0.8,0.7,1.0
654,80,uniform,2,mf_impute,0.08271604938271605,1.0,0.6,1.0
669,80,uniform,1,random,0.15185185185185185,0.4,0.3,1.0
669,80,uniform,1,popular_group,0.15185185185185185,1.0,1.0,1.0
669,80,uniform,1,raw_distance,0.15185185185185185,1.0,1.0,1.0
669,80,uniform,1,raw_correlation,0.15185185185185185,0.8,0.9,1.0
669,80,uniform,1,mf_latent,0.15185185185185185,0.8,0.8,1.0
669,80,uniform,1,mf_impute,0.15185185185185185,1.0,0.9,1.0
669,80,uniform,2,random,0.08271604938271605,0.0,0.0,0.06666666666666667
669,80,uniform,2,popular_group,0.08271604938271605,1.0,1.0,1.0
669,80,uniform,2,raw_distance,0.08271604938271605,1.0,1.0,1.0
669,80,uniform,2,raw_correlation,0.08271604938271605,0.8,0.9,1.0
669,80,uniform,2,mf_latent,0.08271604938271605,0.8,0.8,1.0
669,80,uniform,2,mf_impute,0.08271604938271605,1.0,0.9,1.0
689,80,uniform,1,random,0.15185185185185185,0.2,0.2,1.0
689,80,uniform,1,popular_group,0.15185185185185185,1.0,1.0,1.0
689,80,uniform,1,raw_distance,0.15185185185185185,0.8,0.6,1.0
689,80,uniform,1,raw_correlation,0.15185185185185185,1.0,1.0,1.0
689,80,uniform,1,mf_latent,0.15185185185185185,1.0,0.8,1.0
689,80,uniform,1,mf_impute,0.15185185185185185,1.0,0.6,1.0
689,80,uniform,2,random,0.08271604938271605,0.0,0.1,0.14285714285714285
689,80,uniform,2,popular_group,0.08271604938271605,1.0,1.0,1.0
689,80,uniform,2,raw_distance,0.08271604938271605,0.6,0.4,1.0
689,80,uniform,2,raw_correlation,0.08271604938271605,0.6,0.5,1.0
689,80,uniform,2,mf_latent,0.08271604938271605,0.8,0.4,1.0
689,80,uniform,2,mf_impute,0.08271604938271605,0.6,0.4,1.0
690,80,uniform,1,random,0.15185185185185185,0.2,0.1,0.5
690,80,uniform,1,popular_group,0.15185185185185185,1.0,1.0,1.0
690,80,uniform,1,raw_distance,0.15185185185185185,0.8,0.8,1.0
690,80,uniform,1,raw_correlation,0.15185185185185185,1.0,0.8,1.0
690,80,uniform,1,mf_latent,0.15185185185185185,1.0,1.0,1.0
690,80,uniform,1,mf_impute,0.15185185185185185,1.0,1.0,1.0
690,80,uniform,2,random,0.08271604938271605,0.2,0.1,0.5
690,80,uniform,2,popular_group,0.08271604938271605,1.0,1.0,1.0
690,80,uniform,2,raw_distance,0.08271604938271605,0.8,0.8,1.0
690,80,uniform,2,raw_correlation,0.08271604938271605,1.0,0.8,1.0
690,80,uniform,2,mf_latent,0.08271604938271605,1.0,1.0,1.0
690,80,uniform,2,mf_impute,0.08271604938271605,1.0,1.0,1.0
696,80,uniform,1,random,0.15185185185185185,0.2,0.1,0.3333333333333333
696,80,uniform,1,popular_group,0.15185185185185185,1.0,1.0,1.0
696,80,uniform,1,raw_distance,0.15185185185185185,1.0,0.5,1.0
696,80,uniform,1,raw_correlation,0.15185185185185185,1.0,0.9,1.0
696,80,uniform,1,mf_latent,0.15185185185185185,1.0,0.9,1.0
696,80,uniform,1,mf_impute,0.15185185185185185,1.0,0.9,1.0
696,80,uniform,2,random,0.08271604938271605,0.0,0.0,0.025
696,80,uniform,2,popular_group,0.08271604938271605,1.0,1.0,1.0
696,80,uniform,2,raw_distance,0.08271604938271605,0.6,0.3,1.0
696,80,uniform,2,raw_correlation,0.08271604938271605,0.8,0.7,1.0
696,80,uniform,2,mf_latent,0.08271604938271605,0.8,0.7,1.0
696,80,uniform,2,mf_impute,0.08271604938271605,0.6,0.6,0.3333333333333333
700,80,uniform,1,random,0.15185185185185185,0.2,0.2,0.25
700,80,uniform,1,popular_group,0.15185185185185185,1.0,1.0,1.0
700,80,uniform,1,raw_distance,0.15185185185185185,1.0,1.0,1.0
700,80,uniform,1,raw_correlation,0.15185185185185185,1.0,1.0,1.0
700,80,uniform,1,mf_latent,0.15185185185185185,1.0,0.9,1.0
700,80,uniform,1,mf_impute,0.15185185185185185,1.0,1.0,1.0
700,80,uniform,2,random,0.030864197530864196,0.0,0.0,0.02702702702702703
700,80,uniform,2,popular_group,0.030864197530864196,0.0,0.0,0.0015873015873015873
700,80,uniform,2,raw_distance,0.030864197530864196,1.0,0.8,1.0
700,80,uniform,2,raw_correlation,0.030864197530864196,1.0,0.8,1.0
700,80,uniform,2,mf_latent,0.030864197530864196,1.0,0.8,1.0
700,80,uniform,2,mf_impute,0.030864197530864196,1.0,0.8,1.0
701,80,uniform,1,random,0.15185185185185185,0.0,0.0,0.09090909090909091
701,80,uniform,1,popular_group,0.15185185185185185,1.0,1.0,1.0
701,80,uniform,1,raw_distance,0.15185185185185185,1.0,0.6,1.0
701,80,uniform,1,raw_correlation,0.15185185185185185,1.0,0.9,1.0
701,80,uniform,1,mf_latent,0.15185185185185185,1.0,0.9,1.0
701,80,uniform,1,mf_impute,0.15185185185185185,1.0,0.8,1.0
701,80,uniform,2,random,0.030864197530864196,0.0,0.0,0.08333333333333333
701,80,uniform,2,popular_group,0.030864197530864196,0.0,0.0,0.0015873015873015873
701,80,uniform,2,raw_distance,0.030864197530864196,1.0,0.5,1.0
701,80,uniform,2,raw_correlation,0.030864197530864196,1.0,0.7,1.0
701,80,uniform,2,mf_latent,0.030864197530864196,1.0,0.8,1.0
701,80,uniform,2,mf_impute,0.030864197530864196,1.0,0.8,1.0
726,80,uniform,1,random,0.15185185185185185,0.2,0.2,0.2
726,80,uniform,1,popular_group,0.15185185185185185,1.0,1.0,1.0
726,80,uniform,1,raw_distance,0.15185185185185185,0.2,0.1,1.0
726,80,uniform,1,raw_correlation,0.15185185185185185,0.2,0.1,1.0
726,80,uniform,1,mf_latent,0.15185185185185185,0.2,0.1,1.0
726,80,uniform,1,mf_impute,0.15185185185185185,0.0,0.0,0.06666666666666667
726,80,uniform,2,random,0.014814814814814815,0.0,0.0,0.011235955056179775
726,80,uniform,2,popular_group,0.014814814814814815,0.0,0.0,0.0015600624024961
726,80,uniform,2,raw_distance,0.014814814814814815,0.2,0.1,1.0
726,80,uniform,2,raw_correlation,0.014814814814814815,0.2,0.1,1.0
726,80,uniform,2,mf_latent,0.014814814814814815,0.2,0.1,1.0
726,80,uniform,2,mf_impute,0.014814814814814815,0.0,0.0,0.06666666666666667
744,80,uniform,1,random,0.15185185185185185,0.0,0.0,0.05263157894736842
744,80,uniform,1,popular_group,0.15185185185185185,1.0,1.0,1.0
744,80,uniform,1,raw_distance,0.15185185185185185,1.0,1.0,1.0
744,80,uniform,1,raw_correlation,0.15185185185185185,1.0,0.9,1.0
744,80,uniform,1,mf_latent,0.15185185185185185,1.0,0.9,1.0
744,80,uniform,1,mf_impute,0.15185185185185185,1.0,0.9,1.0
744,80,uniform,2,random,0.014814814814814815,0.0,0.0,0.006493506493506494
744,80,uniform,2,popular_group,0.014814814814814815,0.0,0.0,0.0015220700152207
744,80,uniform,2,raw_distance,0.014814814814814815,0.4,0.4,1.0
744,80,uniform,2,raw_correlation,0.014814814814814815,0.4,0.4,1.0
744,80,uniform,2,mf_latent,0.014814814814814815,0.4,0.4,1.0
744,80,uniform,2,mf_impute,0.014814814814814815,0.2,0.4,1.0
749,80,uniform,1,random,0.15185185185185185,0.4,0.3,0.5
749,80,uniform,1,popular_group,0.15185185185185185,1.0,1.0,1.0
749,80,uniform,1,raw_distance,0.15185185185185185,0.4,0.4,1.0
749,80,uniform,1,raw_correlation,0.15185185185185185,1.0,0.7,1.0
749,80,uniform,1,mf_latent,0.15185185185185185,1.0,0.7,1.0
749,80,uniform,1,mf_impute,0.15185185185185185,0.6,0.4,1.0
749,80,uniform,2,random,0.014814814814814815,0.0,0.0,0.09090909090909091
749,80,uniform,2,popular_group,0.014814814814814815,0.0,0.0,0.0015220700152207
749,80,uniform,2,raw_distance,0.014814814814814815,0.2,0.2,0.3333333333333333
749,80,uniform,2,raw_correlation,0.014814814814814815,0.4,0.2,0.25
749,80,uniform,2,mf_latent,0.014814814814814815,0.4,0.3,0.5
749,80,uniform,2,mf_impute,0.014814814814814815,0.0,0.1,0.1
750,80,uniform,1,random,0.15185185185185185,0.2,0.2,0.3333333333333333
750,80,uniform,1,popular_group,0.15185185185185185,1.0,1.0,1.0
750,80,uniform,1,raw_distance,0.15185185185185185,1.0,0.9,1.0
750,80,uniform,1,raw_correlation,0.15185185185185185,1.0,0.9,1.0
750,80,uniform,1,mf_latent,0.15185185185185185,1.0,1.0,1.0
750,80,uniform,1,mf_impute,0.15185185185185185,1.0,1.0,1.0
750,80,uniform,2,random,0.014814814814814815,0.0,0.0,0.004901960784313725
750,80,uniform,2,popular_group,0.014814814814814815,0.0,0.0,0.0015220700152207
750,80,uniform,2,raw_distance,0.014814814814814815,0.2,0.1,1.0
750,80,uniform,2,raw_correlation,0.014814814814814815,0.4,0.2,1.0
750,80,uniform,2,mf_latent,0.014814814814814815,0.4,0.3,1.0
750,80,uniform,2,mf_impute,0.014814814814814815,0.2,0.2,1.0
766,80,uniform,1,random,0.03827160493827161,0.0,0.0,0.02040816326530612
766,80,uniform,1,popular_group,0.03827160493827161,0.0,0.0,0.0014727540500736377
766,80,uniform,1,raw_distance,0.03827160493827161,0.8,0.4,1.0
766,80,uniform,1,raw_correlation,0.03827160493827161,0.8,0.5,1.0
766,80,uniform,1,mf_latent,0.03827160493827161,0.6,0.4,1.0
766,80,uniform,1,mf_impute,0.03827160493827161,0.6,0.4,1.0
766,80,uniform,2,random,0.006172839506172839,0.0,0.0,0.004739336492890996
766,80,uniform,2,popular_group,0.006172839506172839,0.0,0.0,0.0014285714285714286
766,80,uniform,2,raw_distance,0.006172839506172839,0.6,0.3,1.0
766,80,uniform,2,raw_correlation,0.006172839506172839,0.6,0.3,1.0
766,80,uniform,2,mf_latent,0.006172839506172839,0.4,0.2,1.0
766,80,uniform,2,mf_impute,0.006172839506172839,0.4,0.2,0.5
772,80,uniform,1,random,0.03827160493827161,0.0,0.0,0.02564102564102564
772,80,uniform,1,popular_group,0.03827160493827161,0.0,0.0,0.0014727540500736377
772,80,uniform,1,raw_distance,0.03827160493827161,0.4,0.3,1.0
772,80,uniform,1,raw_correlation,0.03827160493827161,0.4,0.3,1.0
772,80,uniform,1,mf_latent,0.03827160493827161,0.6,0.4,1.0
772,80,uniform,1,mf_impute,0.03827160493827161,0.4,0.3,1.0
772,80,uniform,2,random,0.008641975308641974,0.0,0.0,0.014925373134328358
772,80,uniform,2,popular_group,0.008641975308641974,0.0,0.0,0.001443001443001443
772,80,uniform,2,raw_distance,0.008641975308641974,0.2,0.1,1.0
772,80,uniform,2,raw_correlation,0.008641975308641974,0.2,0.1,1.0
772,80,uniform,2,mf_latent,0.008641975308641974,0.2,0.1,1.0
772,80,uniform,2,mf_impute,0.008641975308641974,0.2,0.1,1.0
794,80,uniform,1,random,0.12469135802469136,0.0,0.0,0.03225806451612903
794,80,uniform,1,popular_group,0.12469135802469136,0.0,0.0,0.008064516129032258
794,80,uniform,1,raw_distance,0.12469135802469136,1.0,0.8,1.0
794,80,uniform,1,raw_correlation,0.12469135802469136,1.0,0.8,1.0
794,80,uniform,1,mf_latent,0.12469135802469136,1.0,0.8,1.0
794,80,uniform,1,mf_impute,0.12469135802469136,1.0,0.8,1.0
794,80,uniform,2,random,0.014814814814814815,0.0,0.0,0.03225806451612903
794,80,uniform,2,popular_group,0.014814814814814815,0.0,0.0,0.0014184397163120568
794,80,uniform,2,raw_distance,0.014814814814814815,1.0,0.8,1.0
794,80,uniform,2,raw_correlation,0.014814814814814815,1.0,0.8,1.0
794,80,uniform,2,mf_latent,0.014814814814814815,1.0,0.8,1.0
794,80,uniform,2,mf_impute,0.014814814814814815,1.0,0.8,1.0
801,80,uniform,1,random,0.12469135802469136,0.0,0.0,0.07692307692307693
801,80,uniform,1,popular_group,0.12469135802469136,0.0,0.0,0.008064516129032258
801,80,uniform,1,raw_distance,0.12469135802469136,1.0,0.8,1.0
801,80,uniform,1,raw_correlation,0.12469135802469136,1.0,0.8,1.0
801,80,uniform,1,mf_latent,0.12469135802469136,1.0,0.8,1.0
801,80,uniform,1,mf_impute,0.12469135802469136,1.0,0.8,1.0
801,80,uniform,2,random,0.014814814814814815,0.0,0.0,0.07692307692307693
801,80,uniform,2,popular_group,0.014814814814814815,0.0,0.0,0.0014184397163120568
801,80,uniform,2,raw_distance,0.014814814814814815,1.0,0.8,1.0
801,80,uniform,2,raw_correlation,0.014814814814814815,1.0,0.8,1.0
801,80,uniform,2,mf_latent,0.014814814814814815,1.0,0.8,1.0
801,80,uniform,2,mf_impute,0.014814814814814815,1.0,0.8,1.0
803,80,uniform,1,random,0.12469135802469136,0.0,0.4,0.14285714285714285
803,80,uniform,1,popular_group,0.12469135802469136,0.0,0.0,0.008064516129032258
803,80,uniform,1,raw_distance,0.12469135802469136,1.0,0.8,1.0
803,80,uniform,1,raw_correlation,0.12469135802469136,1.0,0.8,1.0
803,80,uniform,1,mf_latent,0.12469135802469136,1.0,0.8,1.0
803,80,uniform,1,mf_impute,0.12469135802469136,1.0,0.8,1.0
803,80,uniform,2,random,0.014814814814814815,0.0,0.0,0.018518518518518517
803,80,uniform,2,popular_group,0.014814814814814815,0.0,0.0,0.0014184397163120568
803,80,uniform,2,raw_distance,0.014814814814814815,1.0,0.8,1.0
803,80,uniform,2,raw_correlation,0.014814814814814815,1.0,0.8,1.0
803,80,uniform,2,mf_latent,0.014814814814814815,1.0,0.8,1.0
803,80,uniform,2,mf_impute,0.014814814814814815,1.0,0.8,1.0
830,80,uniform,1,random,0.12469135802469136,0.0,0.0,0.09090909090909091
830,80,uniform,1,popular_group,0.12469135802469136,0.0,0.0,0.008064516129032258
830,80,uniform,1,raw_distance,0.12469135802469136,1.0,1.0,1.0
830,80,uniform,1,raw_correlation,0.12469135802469136,1.0,1.0,1.0
830,80,uniform,1,mf_latent,0.12469135802469136,1.0,1.0,1.0
830,80,uniform,1,mf_impute,0.12469135802469136,1.0,1.0,1.0
830,80,uniform,2,random,0.08271604938271605,0.0,0.0,0.041666666666666664
830,80,uniform,2,popular_group,0.08271604938271605,0.0,0.0,0.014492753623188406
830,80,uniform,2,raw_distance,0.08271604938271605,1.0,0.9,1.0
830,80,uniform,2,raw_correlation,0.08271604938271605,1.0,0.9,1.0
830,80,uniform,2,mf_latent,0.08271604938271605,0.8,0.9,0.5
830,80,uniform,2,mf_impute,0.08271604938271605,1.0,1.0,1.0
837,80,uniform,1,random,0.12469135802469136,0.0,0.0,0.06666666666666667
837,80,uniform,1,popular_group,0.12469135802469136,0.0,0.0,0.008064516129032258
837,80,uniform,1,raw_distance,0.12469135802469136,1.0,1.0,1.0
837,80,uniform,1,raw_correlation,0.12469135802469136,1.0,1.0,1.0
837,80,uniform,1,mf_latent,0.12469135802469136,1.0,1.0,1.0
837,80,uniform,1,mf_impute,0.12469135802469136,1.0,1.0,1.0
837,80,uniform,2,random,0.08271604938271605,0.0,0.0,0.06666666666666667
837,80,uniform,2,popular_group,0.08271604938271605,0.0,0.0,0.014492753623188406
837,80,uniform,2,raw_distance,0.08271604938271605,1.0,1.0,1.0
837,80,uniform,2,raw_correlation,0.08271604938271605,1.0,1.0,1.0
837,80,uniform,2,mf_latent,0.08271604938271605,1.0,1.0,1.0
837,80,uniform,2,mf_impute,0.08271604938271605,1.0,1.0,1.0
842,80,uniform,1,random,0.12469135802469136,0.0,0.0,0.09090909090909091
842,80,uniform,1,popular_group,0.12469135802469136,0.0,0.0,0.008064516129032258
842,80,uniform,1,raw_distance,0.12469135802469136,1.0,1.0,1.0
842,80,uniform,1,raw_correlation,0.12469135802469136,1.0,1.0,1.0
842,80,uniform,1,mf_latent,0.12469135802469136,1.0,1.0,1.0
842,80,uniform,1,mf_impute,0.12469135802469136,1.0,0.9,1.0
842,80,uniform,2,random,0.08271604938271605,0.0,0.0,0.09090909090909091
842,80,uniform,2,popular_group,0.08271604938271605,0.0,0.0,0.014492753623188406
842,80,uniform,2,raw_distance,0.08271604938271605,1.0,1.0,1.0
842,80,uniform,2,raw_correlation,0.08271604938271605,1.0,1.0,1.0
842,80,uniform,2,mf_latent,0.08271604938271605,1.0,1.0,1.0
842,80,uniform,2,mf_impute,0.08271604938271605,1.0,0.9,1.0
845,80,uniform,1,random,0.12469135802469136,0.0,0.0,0.07142857142857142
845,80,uniform,1,popular_group,0.12469135802469136,0.0,0.0,0.008064516129032258
845,80,uniform,1,raw_distance,0.12469135802469136,1.0,1.0,1.0
845,80,uniform,1,raw_correlation,0.12469135802469136,1.0,0.9,1.0
845,80,uniform,1,mf_latent,0.12469135802469136,1.0,0.9,1.0
845,80,uniform,1,mf_impute,0.12469135802469136,1.0,1.0,1.0
845,80,uniform,2,random,0.08271604938271605,0.0,0.0,0.06666666666666667
845,80,uniform,2,popular_group,0.08271604938271605,0.0,0.0,0.014492753623188406
845,80,uniform,2,raw_distance,0.08271604938271605,1.0,1.0,1.0
845,80,uniform,2,raw_correlation,0.08271604938271605,1.0,0.9,1.0
845,80,uniform,2,mf_latent,0.08271604938271605,1.0,0.9,1.0
845,80,uniform,2,mf_impute,0.08271604938271605,1.0,1.0,1.0
868,80,uniform,1,random,0.12469135802469136,0.4,0.3,1.0
868,80,uniform,1,popular_group,0.12469135802469136,0.0,0.0,0.008064516129032258
868,80,uniform,1,raw_distance,0.12469135802469136,1.0,0.8,1.0
868,80,uniform,1,raw_correlation,0.12469135802469136,1.0,0.8,1.0
868,80,uniform,1,mf_latent,0.12469135802469136,0.8,0.8,1.0
868,80,uniform,1,mf_impute,0.12469135802469136,0.8,0.8,1.0
868,80,uniform,2,random,0.08271604938271605,0.2,0.2,0.2
868,80,uniform,2,popular_group,0.08271604938271605,0.0,0.0,0.014492753623188406
868,80,uniform,2,raw_distance,0.08271604938271605,1.0,0.8,1.0
868,80,uniform,2,raw_correlation,0.08271604938271605,0.8,0.7,1.0
868,80,uniform,2,mf_latent,0.08271604938271605,0.8,0.8,1.0
868,80,uniform,2,mf_impute,0.08271604938271605,0.8,0.8,1.0
871,80,uniform,1,random,0.12469135802469136,0.2,0.1,0.3333333333333333
871,80,uniform,1,popular_group,0.12469135802469136,0.0,0.0,0.008064516129032258
871,80,uniform,1,raw_distance,0.12469135802469136,1.0,0.8,1.0
871,80,uniform,1,raw_correlation,0.12469135802469136,1.0,0.9,1.0
871,80,uniform,1,mf_latent,0.12469135802469136,1.0,1.0,1.0
871,80,uniform,1,mf_impute,0.12469135802469136,0.8,0.4,1.0
871,80,uniform,2,random,0.08271604938271605,0.2,0.1,0.3333333333333333
871,80,uniform,2,popular_group,0.08271604938271605,0.0,0.0,0.014492753623188406
871,80,uniform,2,raw_distance,0.08271604938271605,1.0,0.8,1.0
871,80,uniform,2,raw_correlation,0.08271604938271605,1.0,0.9,1.0
871,80,uniform,2,mf_latent,0.08271604938271605,1.0,1.0,1.0
871,80,uniform,2,mf_impute,0.08271604938271605,0.8,0.4,1.0
880,80,uniform,1,random,0.12469135802469136,0.2,0.1,0.3333333333333333
880,80,uniform,1,popular_group,0.12469135802469136,0.0,0.0,0.008064516129032258
880,80,uniform,1,raw_distance,0.12469135802469136,1.0,0.8,1.0
880,80,uniform,1,raw_correlation,0.12469135802469136,0.4,0.7,0.3333333333333333
880,80,uniform,1,mf_latent,0.12469135802469136,0.6,0.7,1.0
880,80,uniform,1,mf_impute,0.12469135802469136,0.6,0.5,1.0
880,80,uniform,2,random,0.08271604938271605,0.0,0.0,0.09090909090909091
880,80,uniform,2,popular_group,0.08271604938271605,0.0,0.0,0.014492753623188406
880,80,uniform,2,raw_distance,0.08271604938271605,1.0,0.7,1.0
880,80,uniform,2,raw_correlation,0.08271604938271605,0.4,0.6,0.3333333333333333
880,80,uniform,2,mf_latent,0.08271604938271605,0.2,0.5,1.0
880,80,uniform,2,mf_impute,0.08271604938271605,0.2,0.3,0.25
881,80,uniform,1,random,0.12469135802469136,0.6,0.4,1.0
881,80,uniform,1,popular_group,0.12469135802469136,0.0,0.0,0.008064516129032258
881,80,uniform,1,raw_distance,0.12469135802469136,1.0,1.0,1.0
881,80,uniform,1,raw_correlation,0.12469135802469136,1.0,0.9,1.0
881,80,uniform,1,mf_latent,0.12469135802469136,1.0,0.9,1.0
881,80,uniform,1,mf_impute,0.12469135802469136,1.0,0.9,1.0
881,80,uniform,2,random,0.08271604938271605,0.6,0.4,1.0
881,80,uniform,2,popular_group,0.08271604938271605,0.0,0.0,0.014492753623188406
881,80,uniform,2,raw_distance,0.08271604938271605,1.0,1.0,1.0
881,80,uniform,2,raw_correlation,0.08271604938271605,1.0,0.9,1.0
881,80,uniform,2,mf_latent,0.08271604938271605,1.0,0.9,1.0
881,80,uniform,2,mf_impute,0.08271604938271605,1.0,0.9,1.0
895,80,uniform,1,random,0.12469135802469136,0.6,0.3,1.0
895,80,uniform,1,popular_group,0.12469135802469136,0.0,0.0,0.008064516129032258
895,80,uniform,1,raw_distance,0.12469135802469136,1.0,1.0,1.0
895,80,uniform,1,raw_correlation,0.12469135802469136,1.0,0.8,1.0
895,80,uniform,1,mf_latent,0.12469135802469136,0.8,0.9,1.0
895,80,uniform,1,mf_impute,0.12469135802469136,1.0,0.9,1.0
895,80,uniform,2,random,0.013580246913580247,0.2,0.1,0.2
895,80,uniform,2,popular_group,0.013580246913580247,0.0,0.0,0.014705882352941176
895,80,uniform,2,raw_distance,0.013580246913580247,0.4,0.2,1.0
895,80,uniform,2,raw_correlation,0.013580246913580247,0.4,0.2,1.0
895,80,uniform,2,mf_latent,0.013580246913580247,0.4,0.2,1.0
895,80,uniform,2,mf_impute,0.013580246913580247,0.4,0.2,1.0
37,181,uniform,1,random,0.10617283950617284,0.0,0.1,0.1
37,181,uniform,1,popular_group,0.10617283950617284,0.0,0.0,0.007142857142857143
37,181,uniform,1,raw_distance,0.10617283950617284,0.6,0.7,1.0
37,181,uniform,1,raw_correlation,0.10617283950617284,0.6,0.4,1.0
37,181,uniform,1,mf_latent,0.10617283950617284,0.6,0.5,1.0
37,181,uniform,1,mf_impute,0.10617283950617284,0.6,0.4,1.0
37,181,uniform,2,random,0.02345679012345679,0.0,0.0,0.016666666666666666
37,181,uniform,2,popular_group,0.02345679012345679,0.0,0.0,0.0016501650165016502
37,181,uniform,2,raw_distance,0.02345679012345679,0.6,0.5,1.0
37,181,uniform,2,raw_correlation,0.02345679012345679,0.4,0.2,1.0
37,181,uniform,2,mf_latent,0.02345679012345679,0.6,0.3,1.0
37,181,uniform,2,mf_impute,0.02345679012345679,0.4,0.2,0.5
53,181,uniform,1,random,0.10617283950617284,0.4,0.2,0.3333333333333333
53,181,uniform,1,popular_group,0.10617283950617284,0.0,0.0,0.007142857142857143
53,181,uniform,1,raw_distance,0.10617283950617284,1.0,0.7,1.0
53,181,uniform,1,raw_correlation,0.10617283950617284,1.0,0.9,1.0
53,181,uniform,1,mf_latent,0.10617283950617284,1.0,1.0,1.0
53,181,uniform,1,mf_impute,0.10617283950617284,1.0,1.0,1.0
53,181,uniform,2,random,0.02345679012345679,0.2,0.1,0.25
53,181,uniform,2,popular_group,0.02345679012345679,0.0,0.0,0.0016501650165016502
53,181,uniform,2,raw_distance,0.02345679012345679,0.8,0.5,1.0
53,181,uniform,2,raw_correlation,0.02345679012345679,0.8,0.5,1.0
53,181,uniform,2,mf_latent,0.02345679012345679,0.8,0.5,1.0
53,181,uniform,2,mf_impute,0.02345679012345679,0.8,0.4,1.0
58,181,uniform,1,random,0.10617283950617284,0.0,0.0,0.08333333333333333
58,181,uniform,1,popular_group,0.10617283950617284,0.0,0.0,0.007142857142857143
58,181,uniform,1,raw_distance,0.10617283950617284,1.0,0.9,1.0
58,181,uniform,1,raw_correlation,0.10617283950617284,0.8,0.8,1.0
58,181,uniform,1,mf_latent,0.10617283950617284,1.0,1.0,1.0
58,181,uniform,1,mf_impute,0.10617283950617284,1.0,0.9,1.0
58,181,uniform,2,random,0.02345679012345679,0.0,0.0,0.016129032258064516
58,181,uniform,2,popular_group,0.02345679012345679,0.0,0.0,0.0016501650165016502
58,181,uniform,2,raw_distance,0.02345679012345679,0.8,0.6,1.0
58,181,uniform,2,raw_correlation,0.02345679012345679,0.6,0.3,1.0
58,181,uniform,2,mf_latent,0.02345679012345679,1.0,0.6,1.0
58,181,uniform,2,mf_impute,0.02345679012345679,0.6,0.4,1.0
67,181,uniform,1,random,0.10617283950617284,0.6,0.4,0.3333333333333333
67,181,uniform,1,popular_group,0.10617283950617284,0.0,0.0,0.007142857142857143
67,181,uniform,1,raw_distance,0.10617283950617284,1.0,0.8,1.0
67,181,uniform,1,raw_correlation,0.10617283950617284,0.8,0.7,1.0
67,181,uniform,1,mf_latent,0.10617283950617284,1.0,0.8,1.0
67,181,uniform,1,mf_impute,0.10617283950617284,0.8,0.6,1.0
67,181,uniform,2,random,0.011111111111111112,0.0,0.0,0.014285714285714285
67,181,uniform,2,popular_group,0.011111111111111112,0.0,0.0,0.0016750418760469012
67,181,uniform,2,raw_distance,0.011111111111111112,0.6,0.4,1.0
67,181,uniform,2,raw_correlation,0.011111111111111112,0.2,0.3,1.0
67,181,uniform,2,mf_latent,0.011111111111111112,0.4,0.4,1.0
67,181,uniform,2,mf_impute,0.011111111111111112,0.6,0.3,1.0
70,181,uniform,1,random,0.10617283950617284,0.0,0.1,0.14285714285714285
70,181,uniform,1,popular_group,0.10617283950617284,0.0,0.0,0.007142857142857143
70,181,uniform,1,raw_distance,0.10617283950617284,1.0,0.9,1.0
70,181,uniform,1,raw_correlation,0.10617283950617284,1.0,1.0,1.0
70,181,uniform,1,mf_latent,0.10617283950617284,1.0,1.0,1.0
70,181,uniform,1,mf_impute,0.10617283950617284,1.0,0.9,1.0
70,181,uniform,2,random,0.03333333333333333,0.0,0.1,0.14285714285714285
70,181,uniform,2,popular_group,0.03333333333333333,0.0,0.0,0.0017605633802816902
70,181,uniform,2,raw_distance,0.03333333333333333,1.0,0.9,1.0
70,181,uniform,2,raw_correlation,0.03333333333333333,1.0,1.0,1.0
70,181,uniform,2,mf_latent,0.03333333333333333,0.8,0.9,1.0
70,181,uniform,2,mf_impute,0.03333333333333333,1.0,0.9,1.0
72,181,uniform,1,random,0.10617283950617284,0.2,0.1,0.3333333333333333
72,181,uniform,1,popular_group,0.10617283950617284,0.0,0.0,0.007142857142857143
72,181,uniform,1,raw_distance,0.10617283950617284,1.0,1.0,1.0
72,181,uniform,1,raw_correlation,0.10617283950617284,1.0,1.0,1.0
72,181,uniform,1,mf_latent,0.10617283950617284,1.0,0.9,1.0
72,181,uniform,1,mf_impute,0.10617283950617284,1.0,1.0,1.0
72,181,uniform,2,random,0.03333333333333333,0.0,0.0,0.024390243902439025
72,181,uniform,2,popular_group,0.03333333333333333,0.0,0.0,0.0017605633802816902
72,181,uniform,2,raw_distance,0.03333333333333333,1.0,0.9,1.0
72,181,uniform,2,raw_correlation,0.03333333333333333,0.8,0.9,1.0
72,181,uniform,2,mf_latent,0.03333333333333333,0.8,0.6,1.0
72,181,uniform,2,mf_impute,0.03333333333333333,0.6,0.7,1.0
77,181,uniform,1,random,0.10617283950617284,0.0,0.1,0.16666666666666666
77,181,uniform,1,popular_group,0.10617283950617284,0.0,0.0,0.007142857142857143
77,181,uniform,1,raw_distance,0.10617283950617284,1.0,0.9,1.0
77,181,uniform,1,raw_correlation,0.10617283950617284,0.2,0.3,0.2
77,181,uniform,1,mf_latent,0.10617283950617284,0.8,0.4,1.0
77,181,uniform,1,mf_impute,0.10617283950617284,0.0,0.2,0.125
77,181,uniform,2,random,0.03333333333333333,0.0,0.1,0.16666666666666666
77,181,uniform,2,popular_group,0.03333333333333333,0.0,0.0,0.0017605633802816902
77,181,uniform,2,raw_distance,0.03333333333333333,0.8,0.6,1.0
77,181,uniform,2,raw_correlation,0.03333333333333333,0.2,0.1,0.2
77,181,uniform,2,mf_latent,0.03333333333333333,0.4,0.2,1.0
77,181,uniform,2,mf_impute,0.03333333333333333,0.0,0.1,0.125
87,181,uniform,1,random,0.10617283950617284,0.0,0.2,0.16666666666666666
87,181,uniform,1,popular_group,0.10617283950617284,0.0,0.0,0.007142857142857143
87,181,uniform,1,raw_distance,0.10617283950617284,0.2,0.3,0.2
87,181,uniform,1,raw_correlation,0.10617283950617284,0.2,0.1,0.25
87,181,uniform,1,mf_latent,0.10617283950617284,0.2,0.2,0.3333333333333333
87,181,uniform,1,mf_impute,0.10617283950617284,0.0,0.1,0.1
87,181,uniform,2,random,0.03333333333333333,0.0,0.0,0.05555555555555555
87,181,uniform,2,popular_group,0.03333333333333333,0.0,0.0,0.0017605633802816902
87,181,uniform,2,raw_distance,0.03333333333333333,0.2,0.3,0.2
87,181,uniform,2,raw_correlation,0.03333333333333333,0.2,0.1,0.25
87,181,uniform,2,mf_latent,0.03333333333333333,0.2,0.2,0.3333333333333333
87,181,uniform,2,mf_impute,0.03333333333333333,0.0,0.1,0.1
106,181,uniform,1,random,0.1259259259259259,0.0,0.1,0.16666666666666666
106,181,uniform,1,popular_group,0.1259259259259259,0.0,0.0,0.00641025641025641
106,181,uniform,1,raw_distance,0.1259259259259259,1.0,0.9,1.0
106,181,uniform,1,raw_correlation,0.1259259259259259,1.0,0.9,1.0
106,181,uniform,1,mf_latent,0.1259259259259259,1.0,1.0,1.0
106,181,uniform,1,mf_impute,0.1259259259259259,1.0,1.0,1.0
106,181,uniform,2,random,0.05432098765432099,0.0,0.0,0.06666666666666667
106,181,uniform,2,popular_group,0.05432098765432099,0.0,0.0,0.01
106,181,uniform,2,raw_distance,0.05432098765432099,1.0,0.9,1.0
106,181,uniform,2,raw_correlation,0.05432098765432099,1.0,0.9,1.0
106,181,uniform,2,mf_latent,0.05432098765432099,1.0,0.7,1.0
106,181,uniform,2,mf_impute,0.05432098765432099,1.0,1.0,1.0
114,181,uniform,1,random,0.1259259259259259,0.2,0.2,0.25
114,181,uniform,1,popular_group,0.1259259259259259,0.0,0.0,0.00641025641025641
114,181,uniform,1,raw_distance,0.1259259259259259,1.0,0.9,1.0
114,181,uniform,1,raw_correlation,0.1259259259259259,1.0,0.9,1.0
114,181,uniform,1,mf_latent,0.1259259259259259,1.0,1.0,1.0
114,181,uniform,1,mf_impute,0.1259259259259259,1.0,0.8,1.0
114,181,uniform,2,random,0.05432098765432099,0.2,0.2,0.25
114,181,uniform,2,popular_group,0.05432098765432099,0.0,0.0,0.01
114,181,uniform,2,raw_distance,0.05432098765432099,1.0,0.9,1.0
114,181,uniform,2,raw_correlation,0.05432098765432099,1.0,0.9,1.0
114,181,uniform,2,mf_latent,0.05432098765432099,0.8,0.8,1.0
114,181,uniform,2,mf_impute,0.05432098765432099,1.0,0.8,1.0
133,181,uniform,1,random,0.1259259259259259,0.0,0.1,0.1111111111111111
133,181,uniform,1,popular_group,0.1259259259259259,0.0,0.0,0.00641025641025641
133,181,uniform,1,raw_distance,0.1259259259259259,1.0,1.0,1.0
133,181,uniform,1,raw_correlation,0.1259259259259259,1.0,1.0,1.0
133,181,uniform,1,mf_latent,0.1259259259259259,1.0,1.0,1.0
133,181,uniform,1,mf_impute,0.1259259259259259,1.0,1.0,1.0
133,181,uniform,2,random,0.05432098765432099,0.0,0.1,0.1111111111111111
133,181,uniform,2,popular_group,0.05432098765432099,0.0,0.0,0.01
133,181,uniform,2,raw_distance,0.05432098765432099,1.0,1.0,1.0
133,181,uniform,2,raw_correlation,0.05432098765432099,1.0,1.0,1.0
133,181,uniform,2,mf_latent,0.05432098765432099,1.0,1.0,1.0
133,181,uniform,2,mf_impute,0.05432098765432099,1.0,1.0,1.0
140,181,uniform,1,random,0.1259259259259259,0.2,0.1,0.5
140,181,uniform,1,popular_group,0.1259259259259259,0.0,0.0,0.00641025641025641
140,181,uniform,1,raw_distance,0.1259259259259259,1.0,1.0,1.0
140,181,uniform,1,raw_correlation,0.1259259259259259,1.0,1.0,1.0
140,181,uniform,1,mf_latent,0.1259259259259259,1.0,1.0,1.0
140,181,uniform,1,mf_impute,0.1259259259259259,1.0,1.0,1.0
140,181,uniform,2,random,0.05432098765432099,0.2,0.1,0.5
140,181,uniform,2,popular_group,0.05432098765432099,0.0,0.0,0.01
140,181,uniform,2,raw_distance,0.05432098765432099,1.0,1.0,1.0
140,181,uniform,2,raw_correlation,0.05432098765432099,1.0,1.0,1.0
140,181,uniform,2,mf_latent,0.05432098765432099,1.0,0.8,1.0
140,181,uniform,2,mf_impute,0.05432098765432099,1.0,1.0,1.0
143,181,uniform,1,random,0.1259259259259259,0.0,0.0,0.08333333333333333
143,181,uniform,1,popular_group,0.1259259259259259,0.0,0.0,0.00641025641025641
143,181,uniform,1,raw_distance,0.1259259259259259,1.0,1.0,1.0
143,181,uniform,1,raw_correlation,0.1259259259259259,1.0,1.0,1.0
143,181,uniform,1,mf_latent,0.1259259259259259,1.0,1.0,1.0
143,181,uniform,1,mf_impute,0.1259259259259259,1.0,1.0,1.0
143,181,uniform,2,random,0.05432098765432099,0.0,0.0,0.02857142857142857
143,181,uniform,2,popular_group,0.05432098765432099,0.0,0.0,0.01
143,181,uniform,2,raw_distance,0.05432098765432099,1.0,1.0,1.0
143,181,uniform,2,raw_correlation,0.05432098765432099,1.0,1.0,1.0
143,181,uniform,2,mf_latent,0.05432098765432099,1.0,1.0,1.0
143,181,uniform,2,mf_impute,0.05432098765432099,1.0,1.0,1.0
152,181,uniform,1,random,0.1259259259259259,0.0,0.0,0.09090909090909091
152,181,uniform,1,popular_group,0.1259259259259259,0.0,0.0,0.00641025641025641
152,181,uniform,1,raw_distance,0.1259259259259259,1.0,1.0,1.0
152,181,uniform,1,raw_correlation,0.1259259259259259,1.0,1.0,1.0
152,181,uniform,1,mf_latent,0.1259259259259259,1.0,1.0,1.0
152,181,uniform,1,mf_impute,0.1259259259259259,1.0,1.0,1.0
152,181,uniform,2,random,0.05432098765432099,0.0,0.0,0.09090909090909091
152,181,uniform,2,popular_group,0.05432098765432099,0.0,0.0,0.01
152,181,uniform,2,raw_distance,0.05432098765432099,1.0,1.0,1.0
152,181,uniform,2,raw_correlation,0.05432098765432099,1.0,1.0,1.0
152,181,uniform,2,mf_latent,0.05432098765432099,1.0,0.9,1.0
152,181,uniform,2,mf_impute,0.05432098765432099,1.0,1.0,1.0
165,181,uniform,1,random,0.1259259259259259,0.4,0.3,0.25
165,181,uniform,1,popular_group,0.1259259259259259,0.0,0.0,0.00641025641025641
165,181,uniform,1,raw_distance,0.1259259259259259,0.4,0.5,0.5
165,181,uniform,1,raw_correlation,0.1259259259259259,0.6,0.7,1.0
165,181,uniform,1,mf_latent,0.1259259259259259,0.8,0.8,1.0
165,181,uniform,1,mf_impute,0.1259259259259259,0.6,0.5,1.0
165,181,uniform,2,random,0.06666666666666667,0.4,0.3,0.25
165,181,uniform,2,popular_group,0.06666666666666667,0.0,0.0,0.007575757575757576
165,181,uniform,2,raw_distance,0.06666666666666667,0.2,0.4,0.5
165,181,uniform,2,raw_correlation,0.06666666666666667,0.4,0.5,1.0
165,181,uniform,2,mf_latent,0.06666666666666667,0.6,0.6,0.3333333333333333
165,181,uniform,2,mf_impute,0.06666666666666667,0.4,0.4,0.3333333333333333
167,181,uniform,1,random,0.1259259259259259,0.2,0.2,0.5
167,181,uniform,1,popular_group,0.1259259259259259,0.0,0.0,0.00641025641025641
167,181,uniform,1,raw_distance,0.1259259259259259,0.0,0.0,0.019230769230769232
167,181,uniform,1,raw_correlation,0.1259259259259259,0.0,0.0,0.025
167,181,uniform,1,mf_latent,0.1259259259259259,0.0,0.0,0.05263157894736842
167,181,uniform,1,mf_impute,0.1259259259259259,0.0,0.0,0.0125
167,181,uniform,2,random,0.06666666666666667,0.0,0.0,0.043478260869565216
167,181,uniform,2,popular_group,0.06666666666666667,0.0,0.0,0.007575757575757576
167,181,uniform,2,raw_distance,0.06666666666666667,0.0,0.0,0.019230769230769232
167,181,uniform,2,raw_correlation,0.06666666666666667,0.0,0.0,0.025
167,181,uniform,2,mf_latent,0.06666666666666667,0.0,0.0,0.05263157894736842
167,181,uniform,2,mf_impute,0.06666666666666667,0.0,0.0,0.0125
191,181,uniform,1,random,0.1259259259259259,0.0,0.2,0.14285714285714285
191,181,uniform,1,popular_group,0.1259259259259259,0.0,0.0,0.00641025641025641
191,181,uniform,1,raw_distance,0.1259259259259259,0.6,0.6,1.0
191,181,uniform,1,raw_correlation,0.1259259259259259,1.0,0.6,1.0
191,181,uniform,1,mf_latent,0.1259259259259259,0.6,0.4,1.0
191,181,uniform,1,mf_impute,0.1259259259259259,0.8,0.5,1.0
191,181,uniform,2,random,0.06666666666666667,0.0,0.0,0.05555555555555555
191,181,uniform,2,popular_group,0.06666666666666667,0.0,0.0,0.007575757575757576
191,181,uniform,2,raw_distance,0.06666666666666667,0.6,0.6,1.0
191,181,uniform,2,raw_correlation,0.06666666666666667,1.0,0.5,1.0
191,181,uniform,2,mf_latent,0.06666666666666667,0.6,0.4,1.0
191,181,uniform,2,mf_impute,0.06666666666666667,0.8,0.5,1.0
201,181,uniform,1,random,0.1259259259259259,0.0,0.0,0.07142857142857142
201,181,uniform,1,popular_group,0.1259259259259259,0.0,0.0,0.00641025641025641
201,181,uniform,1,raw_distance,0.1259259259259259,1.0,1.0,1.0
201,181,uniform,1,raw_correlation,0.1259259259259259,1.0,1.0,1.0
201,181,uniform,1,mf_latent,0.1259259259259259,1.0,1.0,1.0
201,181,uniform,1,mf_impute,0.1259259259259259,1.0,1.0,1.0
201,181,uniform,2,random,0.06666666666666667,0.0,0.0,0.07142857142857142
201,181,uniform,2,popular_group,0.06666666666666667,0.0,0.0,0.007575757575757576
201,181,uniform,2,raw_distance,0.06666666666666667,1.0,1.0,1.0
201,181,uniform,2,raw_correlation,0.06666666666666667,1.0,0.7,1.0
201,181,uniform,2,mf_latent,0.06666666666666667,0.6,0.4,1.0
201,181,uniform,2,mf_impute,0.06666666666666667,0.8,0.6,1.0
234,181,uniform,1,random,0.12345679012345678,0.4,0.3,0.5
234,181,uniform,1,popular_group,0.12345679012345678,0.0,0.0,0.004901960784313725
234,181,uniform,1,raw_distance,0.12345679012345678,1.0,1.0,1.0
234,181,uniform,1,raw_correlation,0.12345679012345678,1.0,1.0,1.0
234,181,uniform,1,mf_latent,0.12345679012345678,1.0,1.0,1.0
234,181,uniform,1,mf_impute,0.12345679012345678,1.0,1.0,1.0
234,181,uniform,2,random,0.0654320987654321,0.2,0.2,0.5
234,181,uniform,2,popular_group,0.0654320987654321,0.0,0.0,0.00510204081632653
234,181,uniform,2,raw_distance,0.0654320987654321,1.0,1.0,1.0
234,181,uniform,2,raw_correlation,0.0654320987654321,1.0,1.0,1.0
234,181,uniform,2,mf_latent,0.0654320987654321,1.0,1.0,1.0
234,181,uniform,2,mf_impute,0.0654320987654321,1.0,1.0,1.0
280,181,uniform,1,random,0.12345679012345678,0.0,0.1,0.125
280,181,uniform,1,popular_group,0.12345679012345678,0.0,0.0,0.004901960784313725
280,181,uniform,1,raw_distance,0.12345679012345678,1.0,1.0,1.0
280,181,uniform,1,raw_correlation,0.12345679012345678,1.0,0.8,1.0
280,181,uniform,1,mf_latent,0.12345679012345678,1.0,0.8,1.0
280,181,uniform,1,mf_impute,0.12345679012345678,0.8,0.7,1.0
280,181,uniform,2,random,0.043209876543209874,0.0,0.1,0.125
280,181,uniform,2,popular_group,0.043209876543209874,0.0,0.0,0.004098360655737705
280,181,uniform,2,raw_distance,0.043209876543209874,1.0,0.9,1.0
280,181,uniform,2,raw_correlation,0.043209876543209874,0.8,0.6,1.0
280,181,uniform,2,mf_latent,0.043209876543209874,0.6,0.5,1.0
280,181,uniform,2,mf_impute,0.043209876543209874,0.6,0.5,1.0
285,181,uniform,1,random,0.12345679012345678,0.2,0.1,0.2
285,181,uniform,1,popular_group,0.12345679012345678,0.0,0.0,0.004901960784313725
285,181,uniform,1,raw_distance,0.12345679012345678,1.0,1.0,1.0
285,181,uniform,1,raw_correlation,0.12345679012345678,1.0,1.0,1.0
285,181,uniform,1,mf_latent,0.12345679012345678,1.0,1.0,1.0
285,181,uniform,1,mf_impute,0.12345679012345678,1.0,1.0,1.0
285,181,uniform,2,random,0.043209876543209874,0.0,0.0,0.09090909090909091
285,181,uniform,2,popular_group,0.043209876543209874,0.0,0.0,0.004098360655737705
285,181,uniform,2,raw_distance,0.043209876543209874,1.0,1.0,1.0
285,181,uniform,2,raw_correlation,0.043209876543209874,1.0,1.0,1.0
285,181,uniform,2,mf_latent,0.043209876543209874,1.0,1.0,1.0
285,181,uniform,2,mf_impute,0.043209876543209874,1.0,1.0,1.0
292,181,uniform,1,random,0.12345679012345678,0.4,0.2,0.5
292,181,uniform,1,popular_group,0.12345679012345678,0.0,0.0,0.004901960784313725
292,181,uniform,1,raw_distance,0.12345679012345678,1.0,1.0,1.0
292,181,uniform,1,raw_correlation,0.12345679012345678,1.0,1.0,1.0
292,181,uniform,1,mf_latent,0.12345679012345678,1.0,1.0,1.0
292,181,uniform,1,mf_impute,0.12345679012345678,1.0,1.0,1.0
292,181,uniform,2,random,0.043209876543209874,0.0,0.0,0.0625
292,181,uniform,2,popular_group,0.043209876543209874,0.0,0.0,0.004098360655737705
292,181,uniform,2,raw_distance,0.043209876543209874,0.6,0.6,0.5
292,181,uniform,2,raw_correlation,0.043209876543209874,0.4,0.4,0.5
292,181,uniform,2,mf_latent,0.043209876543209874,0.6,0.7,0.5
292,181,uniform,2,mf_impute,0.043209876543209874,0.4,0.5,1.0
302,181,uniform,1,random,0.12345679012345678,0.0,0.0,0.05555555555555555
302,181,uniform,1,popular_group,0.12345679012345678,0.0,0.0,0.004901960784313725
302,181,uniform,1,raw_distance,0.12345679012345678,1.0,0.9,1.0
302,181,uniform,1,raw_correlation,0.12345679012345678,1.0,1.0,1.0
302,181,uniform,1,mf_latent,0.12345679012345678,1.0,1.0,1.0
302,181,uniform,1,mf_impute,0.12345679012345678,1.0,1.0,1.0
302,181,uniform,2,random,0.043209876543209874,0.0,0.0,0.04
302,181,uniform,2,popular_group,0.043209876543209874,0.0,0.0,0.004098360655737705
302,181,uniform,2,raw_distance,0.043209876543209874,1.0,0.9,1.0
302,181,uniform,2,raw_correlation,0.043209876543209874,0.8,0.7,1.0
302,181,uniform,2,mf_latent,0.043209876543209874,1.0,0.7,1.0
302,181,uniform,2,mf_impute,0.043209876543209874,0.6,0.6,1.0
308,181,uniform,1,random,0.12345679012345678,0.0,0.2,0.14285714285714285
308,181,uniform,1,popular_group,0.12345679012345678,0.0,0.0,0.004901960784313725
308,181,uniform,1,raw_distance,0.12345679012345678,1.0,1.0,1.0
308,181,uniform,1,raw_correlation,0.12345679012345678,1.0,1.0,1.0
308,181,uniform,1,mf_latent,0.12345679012345678,1.0,1.0,1.0
308,181,uniform,1,mf_impute,0.12345679012345678,1.0,1.0,1.0
308,181,uniform,2,random,0.013580246913580247,0.0,0.1,0.125
308,181,uniform,2,popular_group,0.013580246913580247,0.0,0.0,0.0036231884057971015
308,181,uniform,2,raw_distance,0.013580246913580247,0.2,0.2,0.5
308,181,uniform,2,raw_correlation,0.013580246913580247,0.0,0.1,0.125
308,181,uniform,2,mf_latent,0.013580246913580247,0.2,0.2,0.5
308,181,uniform,2,mf_impute,0.013580246913580247,0.0,0.0,0.07142857142857142
314,181,uniform,1,random,0.12345679012345678,0.0,0.0,0.07692307692307693
314,181,uniform,1,popular_group,0.12345679012345678,0.0,0.0,0.004901960784313725
314,181,uniform,1,raw_distance,0.12345679012345678,1.0,0.9,1.0
314,181,uniform,1,raw_correlation,0.12345679012345678,1.0,1.0,1.0
314,181,uniform,1,mf_latent,0.12345679012345678,1.0,1.0,1.0
314,181,uniform,1,mf_impute,0.12345679012345678,1.0,1.0,1.0
314,181,uniform,2,random,0.013580246913580247,0.0,0.0,0.007042253521126761
314,181,uniform,2,popular_group,0.013580246913580247,0.0,0.0,0.0036231884057971015
314,181,uniform,2,raw_distance,0.013580246913580247,0.6,0.7,1.0
314,181,uniform,2,raw_correlation,0.013580246913580247,0.2,0.5,0.3333333333333333
314,181,uniform,2,mf_latent,0.013580246913580247,0.4,0.4,1.0
314,181,uniform,2,mf_impute,0.013580246913580247,0.2,0.3,0.25
320,181,uniform,1,random,0.1,0.2,0.1,1.0
320,181,uniform,1,popular_group,0.1,0.0,0.0,0.0033333333333333335
320,181,uniform,1,raw_distance,0.1,0.6,0.3,1.0
320,181,uniform,1,raw_correlation,0.1,0.6,0.3,1.0
320,181,uniform,1,mf_latent,0.1,0.6,0.4,1.0
320,181,uniform,1,mf_impute,0.1,0.4,0.4,0.25
320,181,uniform,2,random,0.013580246913580247,0.0,0.0,0.013513513513513514
320,181,uniform,2,popular_group,0.013580246913580247,0.0,0.0,0.003424657534246575
320,181,uniform,2,raw_distance,0.013580246913580247,0.6,0.3,1.0
320,181,uniform,2,raw_correlation,0.013580246913580247,0.6,0.3,1.0
320,181,uniform,2,mf_latent,0.013580246913580247,0.6,0.4,1.0
320,181,uniform,2,mf_impute,0.013580246913580247,0.4,0.4,0.25
325,181,uniform,1,random,0.1,0.4,0.3,1.0
325,181,uniform,1,popular_group,0.1,0.0,0.0,0.0033333333333333335
325,181,uniform,1,raw_distance,0.1,0.8,0.6,1.0
325,181,uniform,1,raw_correlation,0.1,0.8,0.7,1.0
325,181,uniform,1,mf_latent,0.1,0.8,0.7,1.0
325,181,uniform,1,mf_impute,0.1,0.8,0.7,1.0
325,181,uniform,2,random,0.013580246913580247,0.2,0.1,1.0
325,181,uniform,2,popular_group,0.013580246913580247,0.0,0.0,0.003424657534246575
325,181,uniform,2,raw_distance,0.013580246913580247,0.8,0.6,1.0
325,181,uniform,2,raw_correlation,0.013580246913580247,0.8,0.7,1.0
325,181,uniform,2,mf_latent,0.013580246913580247,0.8,0.7,1.0
325,181,uniform,2,mf_impute,0.013580246913580247,0.8,0.7,1.0
336,181,uniform,1,random,0.1,0.0,0.1,0.1111111111111111
336,181,uniform,1,popular_group,0.1,0.0,0.0,0.0033333333333333335
336,181,uniform,1,raw_distance,0.1,0.6,0.6,0.5
336,181,uniform,1,raw_correlation,0.1,1.0,0.8,1.0
336,181,uniform,1,mf_latent,0.1,0.8,0.8,1.0
336,181,uniform,1,mf_impute,0.1,1.0,0.8,1.0
336,181,uniform,2,random,0.04814814814814815,0.0,0.0,0.03225806451612903
336,181,uniform,2,popular_group,0.04814814814814815,0.0,0.0,0.003246753246753247
336,181,uniform,2,raw_distance,0.04814814814814815,0.4,0.5,0.5
336,181,uniform,2,raw_correlation,0.04814814814814815,1.0,0.8,1.0
336,181,uniform,2,mf_latent,0.04814814814814815,0.8,0.8,1.0
336,181,uniform,2,mf_impute,0.04814814814814815,1.0,0.8,1.0
352,181,uniform,1,random,0.1,0.2,0.1,0.3333333333333333
352,181,uniform,1,popular_group,0.1,0.0,0.0,0.0033333333333333335
352,181,uniform,1,raw_distance,0.1,0.8,0.4,1.0
352,181,uniform,1,raw_correlation,0.1,1.0,0.7,1.0
352,181,uniform,1,mf_latent,0.1,1.0,0.7,1.0
352,181,uniform,1,mf_impute,0.1,1.0,1.0,1.0
352,181,uniform,2,random,0.04814814814814815,0.0,0.0,0.041666666666666664
352,181,uniform,2,popular_group,0.04814814814814815,0.0,0.0,0.003246753246753247
352,181,uniform,2,raw_distance,0.04814814814814815,0.4,0.2,1.0
352,181,uniform,2,raw_correlation,0.04814814814814815,0.6,0.5,1.0
352,181,uniform,2,mf_latent,0.04814814814814815,0.6,0.5,1.0
352,181,uniform,2,mf_impute,0.04814814814814815,1.0,0.8,1.0
357,181,uniform,1,random,0.1,0.2,0.3,1.0
357,181,uniform,1,popular_group,0.1,0.0,0.0,0.0033333333333333335
357,181,uniform,1,raw_distance,0.1,0.8,0.6,1.0
357,181,uniform,1,raw_correlation,0.1,1.0,0.8,1.0
357,181,uniform,1,mf_latent,0.1,1.0,0.7,1.0
357,181,uniform,1,mf_impute,0.1,0.8,0.6,1.0
357,181,uniform,2,random,0.04814814814814815,0.0,0.2,0.16666666666666666
357,181,uniform,2,popular_group,0.04814814814814815,0.0,0.0,0.003246753246753247
357,181,uniform,2,raw_distance,0.04814814814814815,0.8,0.6,1.0
357,181,uniform,2,raw_correlation,0.04814814814814815,1.0,0.8,1.0
357,181,uniform,2,mf_latent,0.04814814814814815,1.0,0.7,1.0
357,181,uniform,2,mf_impute,0.04814814814814815,0.8,0.6,1.0
359,181,uniform,1,random,0.1,0.2,0.2,1.0
359,181,uniform,1,popular_group,0.1,0.0,0.0,0.0033333333333333335
359,181,uniform,1,raw_distance,0.1,0.8,0.6,1.0
359,181,uniform,1,raw_correlation,0.1,0.6,0.5,1.0
359,181,uniform,1,mf_latent,0.1,0.4,0.7,1.0
359,181,uniform,1,mf_impute,0.1,0.4,0.4,1.0
359,181,uniform,2,random,0.04814814814814815,0.2,0.1,1.0
359,181,uniform,2,popular_group,0.04814814814814815,0.0,0.0,0.003246753246753247
359,181,uniform,2,raw_distance,0.04814814814814815,0.6,0.5,1.0
359,181,uniform,2,raw_correlation,0.04814814814814815,0.4,0.2,1.0
359,181,uniform,2,mf_latent,0.04814814814814815,0.2,0.3,1.0
359,181,uniform,2,mf_impute,0.04814814814814815,0.2,0.1,1.0
372,181,uniform,1,random,0.1,0.0,0.1,0.125
372,181,uniform,1,popular_group,0.1,0.0,0.0,0.0033333333333333335
372,181,uniform,1,raw_distance,0.1,1.0,0.9,1.0
372,181,uniform,1,raw_correlation,0.1,1.0,0.9,1.0
372,181,uniform,1,mf_latent,0.1,1.0,0.8,1.0
372,181,uniform,1,mf_impute,0.1,1.0,0.9,1.0
372,181,uniform,2,random,0.04814814814814815,0.0,0.0,0.05555555555555555
372,181,uniform,2,popular_group,0.04814814814814815,0.0,0.0,0.003246753246753247
372,181,uniform,2,raw_distance,0.04814814814814815,1.0,0.9,1.0
372,181,uniform,2,raw_correlation,0.04814814814814815,1.0,0.9,1.0
372,181,uniform,2,mf_latent,0.04814814814814815,1.0,0.8,1.0
372,181,uniform,2,mf_impute,0.04814814814814815,1.0,0.9,1.0
373,181,uniform,1,random,0.1,0.0,0.0,0.05
373,181,uniform,1,popular_group,0.1,0.0,0.0,0.0033333333333333335
373,181,uniform,1,raw_distance,0.1,1.0,1.0,1.0
373,181,uniform,1,raw_correlation,0.1,1.0,0.9,1.0
373,181,uniform,1,mf_latent,0.1,1.0,0.9,1.0
373,181,uniform,1,mf_impute,0.1,1.0,0.9,1.0
373,181,uniform,2,random,0.04814814814814815,0.0,0.0,0.05
373,181,uniform,2,popular_group,0.04814814814814815,0.0,0.0,0.003246753246753247
373,181,uniform,2,raw_distance,0.04814814814814815,1.0,1.0,1.0
373,181,uniform,2,raw_correlation,0.04814814814814815,1.0,0.9,1.0
373,181,uniform,2,mf_latent,0.04814814814814815,1.0,0.9,1.0
373,181,uniform,2,mf_impute,0.04814814814814815,1.0,0.9,1.0
378,181,uniform,1,random,0.1,0.0,0.2,0.1111111111111111
378,181,uniform,1,popular_group,0.1,0.0,0.0,0.0033333333333333335
378,181,uniform,1,raw_distance,0.1,0.6,0.6,1.0
378,181,uniform,1,raw_correlation,0.1,0.8,0.6,1.0
378,181,uniform,1,mf_latent,0.1,0.6,0.7,0.5
378,181,uniform,1,mf_impute,0.1,0.6,0.6,0.5
378,181,uniform,2,random,0.012345679012345678,0.0,0.1,0.1111111111111111
378,181,uniform,2,popular_group,0.012345679012345678,0.0,0.0,0.0029411764705882353
378,181,uniform,2,raw_distance,0.012345679012345678,0.2,0.1,1.0
378,181,uniform,2,raw_correlation,0.012345679012345678,0.2,0.1,1.0
378,181,uniform,2,mf_latent,0.012345679012345678,0.2,0.1,0.5
378,181,uniform,2,mf_impute,0.012345679012345678,0.2,0.1,0.5
381,181,uniform,1,random,0.1,0.0,0.0,0.07692307692307693
381,181,uniform,1,popular_group,0.1,0.0,0.0,0.0033333333333333335
381,181,uniform,1,raw_distance,0.1,1.0,0.6,1.0
381,181,uniform,1,raw_correlation,0.1,1.0,1.0,1.0
381,181,uniform,1,mf_latent,0.1,1.0,0.8,1.0
381,181,uniform,1,mf_impute,0.1,1.0,0.9,1.0
381,181,uniform,2,random,0.012345679012345678,0.0,0.0,0.011764705882352941
381,181,uniform,2,popular_group,0.012345679012345678,0.0,0.0,0.0029411764705882353
381,181,uniform,2,raw_distance,0.012345679012345678,0.6,0.4,1.0
381,181,uniform,2,raw_correlation,0.012345679012345678,0.6,0.4,1.0
381,181,uniform,2,mf_latent,0.012345679012345678,0.6,0.4,1.0
381,181,uniform,2,mf_impute,0.012345679012345678,0.6,0.4,1.0
389,181,uniform,1,random,0.1,0.0,0.2,0.125
389,181,uniform,1,popular_group,0.1,0.0,0.0,0.0033333333333333335
389,181,uniform,1,raw_distance,0.1,0.2,0.2,0.3333333333333333
389,181,uniform,1,raw_correlation,0.1,1.0,0.7,1.0
389,181,uniform,1,mf_latent,0.1,0.8,0.5,1.0
389,181,uniform,1,mf_impute,0.1,1.0,0.7,1.0
389,181,uniform,2,random,0.012345679012345678,0.0,0.1,0.1111111111111111
389,181,uniform,2,popular_group,0.012345679012345678,0.0,0.0,0.0029411764705882353
389,181,uniform,2,raw_distance,0.012345679012345678,0.0,0.0,0.0625
389,181,uniform,2,raw_correlation,0.012345679012345678,0.2,0.1,0.2
389,181,uniform,2,mf_latent,0.012345679012345678,0.2,0.1,0.5
389,181,uniform,2,mf_impute,0.012345679012345678,0.2,0.1,0.2
403,181,uniform,1,random,0.1,0.0,0.1,0.125
403,181,uniform,1,popular_group,0.1,0.0,0.0,0.0033333333333333335
403,181,uniform,1,raw_distance,0.1,0.2,0.1,1.0
403,181,uniform,1,raw_correlation,0.1,0.2,0.1,1.0
403,181,uniform,1,mf_latent,0.1,0.2,0.1,1.0
403,181,uniform,1,mf_impute,0.1,0.2,0.1,1.0
403,181,uniform,2,random,0.020987654320987655,0.0,0.0,0.004464285714285714
403,181,uniform,2,popular_group,0.020987654320987655,0.0,0.0,0.0028089887640449437
403,181,uniform,2,raw_distance,0.020987654320987655,0.2,0.1,1.0
403,181,uniform,2,raw_correlation,0.020987654320987655,0.2,0.1,1.0
403,181,uniform,2,mf_latent,0.020987654320987655,0.2,0.1,1.0
403,181,uniform,2,mf_impute,0.020987654320987655,0.2,0.1,1.0
408,181,uniform,1,random,0.1,0.2,0.1,0.25
408,181,uniform,1,popular_group,0.1,0.0,0.0,0.0033333333333333335
408,181,uniform,1,raw_distance,0.1,0.8,0.4,1.0
408,181,uniform,1,raw_correlation,0.1,1.0,0.6,1.0
408,181,uniform,1,mf_latent,0.1,0.8,0.4,1.0
408,181,uniform,1,mf_impute,0.1,0.4,0.5,1.0
408,181,uniform,2,random,0.003703703703703704,0.0,0.0,0.004366812227074236
408,181,uniform,2,popular_group,0.003703703703703704,0.0,0.0,0.002617801047120419
408,181,uniform,2,raw_distance,0.003703703703703704,0.4,0.2,1.0
408,181,uniform,2,raw_correlation,0.003703703703703704,0.4,0.2,1.0
408,181,uniform,2,mf_latent,0.003703703703703704,0.2,0.1,1.0
408,181,uniform,2,mf_impute,0.003703703703703704,0.2,0.2,1.0
413,181,uniform,1,random,0.1,0.0,0.1,0.1111111111111111
413,181,uniform,1,popular_group,0.1,0.0,0.0,0.0033333333333333335
413,181,uniform,1,raw_distance,0.1,0.2,0.1,1.0
413,181,uniform,1,raw_correlation,0.1,0.4,0.3,1.0
413,181,uniform,1,mf_latent,0.1,0.4,0.2,1.0
413,181,uniform,1,mf_impute,0.1,0.4,0.2,1.0
413,181,uniform,2,random,0.0012345679012345679,0.0,0.0,0.0022271714922048997
413,181,uniform,2,popular_group,0.0012345679012345679,0.0,0.0,0.0026246719160104987
413,181,uniform,2,raw_distance,0.0012345679012345679,0.2,0.1,1.0
413,181,uniform,2,raw_correlation,0.0012345679012345679,0.2,0.1,1.0
413,181,uniform,2,mf_latent,0.0012345679012345679,0.2,0.1,1.0
413,181,uniform,2,mf_impute,0.0012345679012345679,0.2,0.1,1.0
415,181,uniform,1,random,0.10123456790123457,0.2,0.1,1.0
415,181,uniform,1,popular_group,0.10123456790123457,0.0,0.0,0.002631578947368421
415,181,uniform,1,raw_distance,0.10123456790123457,0.0,0.1,0.1
415,181,uniform,1,raw_correlation,0.10123456790123457,0.0,0.0,0.058823529411764705
415,181,uniform,1,mf_latent,0.10123456790123457,0.2,0.2,1.0
415,181,uniform,1,mf_impute,0.10123456790123457,0.0,0.0,0.04
415,181,uniform,2,random,0.0024691358024691358,0.0,0.0,0.0045662100456621
415,181,uniform,2,popular_group,0.0024691358024691358,0.0,0.0,0.002638522427440633
415,181,uniform,2,raw_distance,0.0024691358024691358,0.0,0.1,0.1
415,181,uniform,2,raw_correlation,0.0024691358024691358,0.0,0.0,0.058823529411764705
415,181,uniform,2,mf_latent,0.0024691358024691358,0.2,0.1,1.0
415,181,uniform,2,mf_impute,0.0024691358024691358,0.0,0.0,0.04
421,181,uniform,1,random,0.10123456790123457,0.2,0.2,1.0
421,181,uniform,1,popular_group,0.10123456790123457,0.0,0.0,0.002631578947368421
421,181,uniform,1,raw_distance,0.10123456790123457,0.2,0.3,0.2
421,181,uniform,1,raw_correlation,0.10123456790123457,0.0,0.1,0.1111111111111111
421,181,uniform,1,mf_latent,0.10123456790123457,0.8,0.6,1.0
421,181,uniform,1,mf_impute,0.10123456790123457,0.0,0.0,0.037037037037037035
421,181,uniform,2,random,0.028395061728395062,0.0,0.0,0.030303030303030304
421,181,uniform,2,popular_group,0.028395061728395062,0.0,0.0,0.002688172043010753
421,181,uniform,2,raw_distance,0.028395061728395062,0.2,0.3,0.2
421,181,uniform,2,raw_correlation,0.028395061728395062,0.0,0.1,0.1111111111111111
421,181,uniform,2,mf_latent,0.028395061728395062,0.8,0.6,1.0
421,181,uniform,2,mf_impute,0.028395061728395062,0.0,0.0,0.037037037037037035
424,181,uniform,1,random,0.10123456790123457,0.0,0.0,0.08333333333333333
424,181,uniform,1,popular_group,0.10123456790123457,0.0,0.0,0.002631578947368421
424,181,uniform,1,raw_distance,0.10123456790123457,0.6,0.6,1.0
424,181,uniform,1,raw_correlation,0.10123456790123457,0.6,0.4,1.0
424,181,uniform,1,mf_latent,0.10123456790123457,1.0,0.7,1.0
424,181,uniform,1,mf_impute,0.10123456790123457,0.8,0.5,1.0
424,181,uniform,2,random,0.028395061728395062,0.0,0.0,0.01639344262295082
424,181,uniform,2,popular_group,0.028395061728395062,0.0,0.0,0.002688172043010753
424,181,uniform,2,raw_distance,0.028395061728395062,0.6,0.6,1.0
424,181,uniform,2,raw_correlation,0.028395061728395062,0.6,0.4,1.0
424,181,uniform,2,mf_latent,0.028395061728395062,1.0,0.6,1.0
424,181,uniform,2,mf_impute,0.028395061728395062,0.8,0.5,1.0
430,181,uniform,1,random,0.10123456790123457,0.2,0.1,0.2
430,181,uniform,1,popular_group,0.10123456790123457,0.0,0.0,0.002631578947368421
430,181,uniform,1,raw_distance,0.10123456790123457,0.4,0.4,1.0
430,181,uniform,1,raw_correlation,0.10123456790123457,0.6,0.4,1.0
430,181,uniform,1,mf_latent,0.10123456790123457,0.8,0.8,1.0
430,181,uniform,1,mf_impute,0.10123456790123457,0.4,0.2,1.0
430,181,uniform,2,random,0.028395061728395062,0.0,0.0,0.038461538461538464
430,181,uniform,2,popular_group,0.028395061728395062,0.0,0.0,0.002688172043010753
430,181,uniform,2,raw_distance,0.028395061728395062,0.4,0.4,1.0
430,181,uniform,2,raw_correlation,0.028395061728395062,0.6,0.4,1.0
430,181,uniform,2,mf_latent,0.028395061728395062,0.6,0.6,1.0
430,181,uniform,2,mf_impute,0.028395061728395062,0.4,0.2,1.0
432,181,uniform,1,random,0.10123456790123457,0.2,0.2,0.5
432,181,uniform,1,popular_group,0.10123456790123457,0.0,0.0,0.002631578947368421
432,181,uniform,1,raw_distance,0.10123456790123457,0.8,0.5,1.0
432,181,uniform,1,raw_correlation,0.10123456790123457,0.6,0.5,1.0
432,181,uniform,1,mf_latent,0.10123456790123457,0.8,0.7,1.0
432,181,uniform,1,mf_impute,0.10123456790123457,0.6,0.4,1.0
432,181,uniform,2,random,0.028395061728395062,0.2,0.2,0.5
432,181,uniform,2,popular_group,0.028395061728395062,0.0,0.0,0.002688172043010753
432,181,uniform,2,raw_distance,0.028395061728395062,0.6,0.3,1.0
432,181,uniform,2,raw_correlation,0.028395061728395062,0.6,0.4,1.0
432,181,uniform,2,mf_latent,0.028395061728395062,0.6,0.5,1.0
432,181,uniform,2,mf_impute,0.028395061728395062,0.6,0.3,1.0
457,181,uniform,1,random,0.10123456790123457,0.0,0.1,0.1
457,181,uniform,1,popular_group,0.10123456790123457,0.0,0.0,0.002631578947368421
457,181,uniform,1,raw_distance,0.10123456790123457,0.4,0.3,1.0
457,181,uniform,1,raw_correlation,0.10123456790123457,0.6,0.6,1.0
457,181,uniform,1,mf_latent,0.10123456790123457,1.0,0.8,1.0
457,181,uniform,1,mf_impute,0.10123456790123457,0.6,0.5,1.0
457,181,uniform,2,random,0.019753086419753086,0.0,0.0,0.015873015873015872
457,181,uniform,2,popular_group,0.019753086419753086,0.0,0.0,0.0024752475247524753
457,181,uniform,2,raw_distance,0.019753086419753086,0.0,0.1,0.14285714285714285
457,181,uniform,2,raw_correlation,0.019753086419753086,0.2,0.2,0.2
457,181,uniform,2,mf_latent,0.019753086419753086,0.2,0.2,0.2
457,181,uniform,2,mf_impute,0.019753086419753086,0.0,0.1,0.1
468,181,uniform,1,random,0.10123456790123457,0.2,0.2,0.3333333333333333
468,181,uniform,1,popular_group,0.10123456790123457,0.0,0.0,0.002631578947368421
468,181,uniform,1,raw_distance,0.10123456790123457,0.0,0.0,0.037037037037037035
468,181,uniform,1,raw_correlation,0.10123456790123457,0.4,0.2,1.0
468,181,uniform,1,mf_latent,0.10123456790123457,0.2,0.1,0.5
468,181,uniform,1,mf_impute,0.10123456790123457,0.0,0.0,0.030303030303030304
468,181,uniform,2,random,0.044444444444444446,0.2,0.2,0.3333333333333333
468,181,uniform,2,popular_group,0.044444444444444446,0.0,0.0,0.002380952380952381
468,181,uniform,2,raw_distance,0.044444444444444446,0.0,0.0,0.037037037037037035
468,181,uniform,2,raw_correlation,0.044444444444444446,0.2,0.1,1.0
468,181,uniform,2,mf_latent,0.044444444444444446,0.2,0.1,0.5
468,181,uniform,2,mf_impute,0.044444444444444446,0.0,0.0,0.030303030303030304
473,181,uniform,1,random,0.10123456790123457,0.0,0.1,0.125
473,181,uniform,1,popular_group,0.10123456790123457,0.0,0.0,0.002631578947368421
473,181,uniform,1,raw_distance,0.10123456790123457,0.2,0.1,0.5
473,181,uniform,1,raw_correlation,0.10123456790123457,0.2,0.1,1.0
473,181,uniform,1,mf_latent,0.10123456790123457,0.0,0.2,0.125
473,181,uniform,1,mf_impute,0.10123456790123457,0.0,0.0,0.08333333333333333
473,181,uniform,2,random,0.044444444444444446,0.0,0.0,0.043478260869565216
473,181,uniform,2,popular_group,0.044444444444444446,0.0,0.0,0.002380952380952381
473,181,uniform,2,raw_distance,0.044444444444444446,0.2,0.1,0.5
473,181,uniform,2,raw_correlation,0.044444444444444446,0.2,0.1,1.0
473,181,uniform,2,mf_latent,0.044444444444444446,0.0,0.1,0.125
473,181,uniform,2,mf_impute,0.044444444444444446,0.0,0.0,0.07142857142857142
501,181,uniform,1,random,0.10123456790123457,0.0,0.1,0.1111111111111111
501,181,uniform,1,popular_group,0.10123456790123457,0.0,0.0,0.002631578947368421
501,181,uniform,1,raw_distance,0.10123456790123457,0.4,0.2,1.0
501,181,uniform,1,raw_correlation,0.10123456790123457,0.8,0.5,1.0
501,181,uniform,1,mf_latent,0.10123456790123457,1.0,0.6,1.0
501,181,uniform,1,mf_impute,0.10123456790123457,0.8,0.5,1.0
501,181,uniform,2,random,0.003703703703703704,0.0,0.0,0.011111111111111112
501,181,uniform,2,popular_group,0.003703703703703704,0.0,0.0,0.002178649237472767
501,181,uniform,2,raw_distance,0.003703703703703704,0.2,0.1,1.0
501,181,uniform,2,raw_correlation,0.003703703703703704,0.2,0.1,1.0
501,181,uniform,2,mf_latent,0.003703703703703704,0.2,0.2,1.0
501,181,uniform,2,mf_impute,0.003703703703703704,0.2,0.1,0.5
532,181,uniform,1,random,0.12098765432098765,0.2,0.1,1.0
532,181,uniform,1,popular_group,0.12098765432098765,0.0,0.0,0.002173913043478261
532,181,uniform,1,raw_distance,0.12098765432098765,1.0,0.8,1.0
532,181,uniform,1,raw_correlation,0.12098765432098765,0.8,0.7,1.0
532,181,uniform,1,mf_latent,0.12098765432098765,0.8,0.7,1.0
532,181,uniform,1,mf_impute,0.12098765432098765,0.6,0.7,1.0
532,181,uniform,2,random,0.018518518518518517,0.0,0.0,0.03571428571428571
532,181,uniform,2,popular_group,0.018518518518518517,0.0,0.0,0.002136752136752137
532,181,uniform,2,raw_distance,0.018518518518518517,0.6,0.5,1.0
532,181,uniform,2,raw_correlation,0.018518518518518517,0.4,0.4,1.0
532,181,uniform,2,mf_latent,0.018518518518518517,0.6,0.6,1.0
532,181,uniform,2,mf_impute,0.018518518518518517,0.4,0.4,1.0
536,181,uniform,1,random,0.12098765432098765,0.0,0.0,0.05555555555555555
536,181,uniform,1,popular_group,0.12098765432098765,0.0,0.0,0.002173913043478261
536,181,uniform,1,raw_distance,0.12098765432098765,1.0,0.8,1.0
536,181,uniform,1,raw_correlation,0.12098765432098765,1.0,0.8,1.0
536,181,uniform,1,mf_latent,0.12098765432098765,1.0,0.9,1.0
536,181,uniform,1,mf_impute,0.12098765432098765,1.0,0.8,1.0
536,181,uniform,2,random,0.018518518518518517,0.0,0.0,0.03225806451612903
536,181,uniform,2,popular_group,0.018518518518518517,0.0,0.0,0.002136752136752137
536,181,uniform,2,raw_distance,0.018518518518518517,1.0,0.6,1.0
536,181,uniform,2,raw_correlation,0.018518518518518517,1.0,0.7,1.0
536,181,uniform,2,mf_latent,0.018518518518518517,1.0,0.7,1.0
536,181,uniform,2,mf_impute,0.018518518518518517,1.0,0.7,1.0
538,181,uniform,1,random,0.12098765432098765,0.0,0.3,0.125
538,181,uniform,1,popular_group,0.12098765432098765,0.0,0.0,0.002173913043478261
538,181,uniform,1,raw_distance,0.12098765432098765,1.0,1.0,1.0
538,181,uniform,1,raw_correlation,0.12098765432098765,1.0,1.0,1.0
538,181,uniform,1,mf_latent,0.12098765432098765,1.0,1.0,1.0
538,181,uniform,1,mf_impute,0.12098765432098765,1.0,1.0,1.0
538,181,uniform,2,random,0.018518518518518517,0.0,0.1,0.125
538,181,uniform,2,popular_group,0.018518518518518517,0.0,0.0,0.002136752136752137
538,181,uniform,2,raw_distance,0.018518518518518517,1.0,0.7,1.0
538,181,uniform,2,raw_correlation,0.018518518518518517,1.0,0.7,1.0
538,181,uniform,2,mf_latent,0.018518518518518517,1.0,0.7,1.0
538,181,uniform,2,mf_impute,0.018518518518518517,1.0,0.7,1.0
563,181,uniform,1,random,0.12098765432098765,0.0,0.2,0.125
563,181,uniform,1,popular_group,0.12098765432098765,0.0,0.0,0.002173913043478261
563,181,uniform,1,raw_distance,0.12098765432098765,1.0,0.6,1.0
563,181,uniform,1,raw_correlation,0.12098765432098765,0.8,0.4,1.0
563,181,uniform,1,mf_latent,0.12098765432098765,0.8,0.7,1.0
563,181,uniform,1,mf_impute,0.12098765432098765,1.0,0.6,1.0
563,181,uniform,2,random,0.03827160493827161,0.0,0.0,0.05263157894736842
563,181,uniform,2,popular_group,0.03827160493827161,0.0,0.0,0.002066115702479339
563,181,uniform,2,raw_distance,0.03827160493827161,1.0,0.6,1.0
563,181,uniform,2,raw_correlation,0.03827160493827161,0.8,0.4,1.0
563,181,uniform,2,mf_latent,0.03827160493827161,0.8,0.6,1.0
563,181,uniform,2,mf_impute,0.03827160493827161,1.0,0.6,1.0
570,181,uniform,1,random,0.12098765432098765,0.0,0.0,0.07142857142857142
570,181,uniform,1,popular_group,0.12098765432098765,0.0,0.0,0.002173913043478261
570,181,uniform,1,raw_distance,0.12098765432098765,0.6,0.4,1.0
570,181,uniform,1,raw_correlation,0.12098765432098765,1.0,0.6,1.0
570,181,uniform,1,mf_latent,0.12098765432098765,1.0,0.8,1.0
570,181,uniform,1,mf_impute,0.12098765432098765,0.6,0.7,1.0
570,181,uniform,2,random,0.03827160493827161,0.0,0.0,0.023255813953488372
570,181,uniform,2,popular_group,0.03827160493827161,0.0,0.0,0.002066115702479339
570,181,uniform,2,raw_distance,0.03827160493827161,0.6,0.4,1.0
570,181,uniform,2,raw_correlation,0.03827160493827161,0.4,0.3,0.3333333333333333
570,181,uniform,2,mf_latent,0.03827160493827161,0.6,0.4,0.3333333333333333
570,181,uniform,2,mf_impute,0.03827160493827161,0.2,0.3,0.2
582,181,uniform,1,random,0.12098765432098765,0.0,0.1,0.125
582,181,uniform,1,popular_group,0.12098765432098765,0.0,0.0,0.002173913043478261
582,181,uniform,1,raw_distance,0.12098765432098765,1.0,1.0,1.0
582,181,uniform,1,raw_correlation,0.12098765432098765,1.0,1.0,1.0
582,181,uniform,1,mf_latent,0.12098765432098765,1.0,1.0,1.0
582,181,uniform,1,mf_impute,0.12098765432098765,1.0,0.9,1.0
582,181,uniform,2,random,0.037037037037037035,0.0,0.1,0.125
582,181,uniform,2,popular_group,0.037037037037037035,0.0,0.0,0.001937984496124031
582,181,uniform,2,raw_distance,0.037037037037037035,0.2,0.3,1.0
582,181,uniform,2,raw_correlation,0.037037037037037035,0.2,0.2,1.0
582,181,uniform,2,mf_latent,0.037037037037037035,0.4,0.3,1.0
582,181,uniform,2,mf_impute,0.037037037037037035,0.2,0.2,1.0
591,181,uniform,1,random,0.12098765432098765,0.0,0.0,0.058823529411764705
591,181,uniform,1,popular_group,0.12098765432098765,0.0,0.0,0.002173913043478261
591,181,uniform,1,raw_distance,0.12098765432098765,1.0,0.9,1.0
591,181,uniform,1,raw_correlation,0.12098765432098765,1.0,0.9,1.0
591,181,uniform,1,mf_latent,0.12098765432098765,1.0,0.8,1.0
591,181,uniform,1,mf_impute,0.12098765432098765,1.0,0.8,1.0
591,181,uniform,2,random,0.037037037037037035,0.0,0.0,0.047619047619047616
591,181,uniform,2,popular_group,0.037037037037037035,0.0,0.0,0.001937984496124031
591,181,uniform,2,raw_distance,0.037037037037037035,1.0,0.8,1.0
591,181,uniform,2,raw_correlation,0.037037037037037035,0.8,0.7,1.0
591,181,uniform,2,mf_latent,0.037037037037037035,0.8,0.5,1.0
591,181,uniform,2,mf_impute,0.037037037037037035,0.8,0.6,1.0
594,181,uniform,1,random,0.12098765432098765,0.0,0.0,0.05263157894736842
594,181,uniform,1,popular_group,0.12098765432098765,0.0,0.0,0.002173913043478261
594,181,uniform,1,raw_distance,0.12098765432098765,0.6,0.8,1.0
594,181,uniform,1,raw_correlation,0.12098765432098765,0.6,0.6,1.0
594,181,uniform,1,mf_latent,0.12098765432098765,1.0,0.8,1.0
594,181,uniform,1,mf_impute,0.12098765432098765,0.8,0.7,1.0
594,181,uniform,2,random,0.037037037037037035,0.0,0.0,0.013333333333333334
594,181,uniform,2,popular_group,0.037037037037037035,0.0,0.0,0.001937984496124031
594,181,uniform,2,raw_distance,0.037037037037037035,0.6,0.8,1.0
594,181,uniform,2,raw_correlation,0.037037037037037035,0.6,0.6,1.0
594,181,uniform,2,mf_latent,0.037037037037037035,0.8,0.6,1.0
594,181,uniform,2,mf_impute,0.037037037037037035,0.8,0.7,1.0
596,181,uniform,1,random,0.12098765432098765,0.0,0.2,0.16666666666666666
596,181,uniform,1,popular_group,0.12098765432098765,0.0,0.0,0.002173913043478261
596,181,uniform,1,raw_distance,0.12098765432098765,0.6,0.4,0.5
596,181,uniform,1,raw_correlation,0.12098765432098765,0.8,0.8,1.0
596,181,uniform,1,mf_latent,0.12098765432098765,0.8,0.8,0.5
596,181,uniform,1,mf_impute,0.12098765432098765,1.0,0.7,1.0
596,181,uniform,2,random,0.037037037037037035,0.0,0.1,0.16666666666666666
596,181,uniform,2,popular_group,0.037037037037037035,0.0,0.0,0.001937984496124031
596,181,uniform,2,raw_distance,0.037037037037037035,0.6,0.4,0.5
596,181,uniform,2,raw_correlation,0.037037037037037035,0.2,0.1,0.25
596,181,uniform,2,mf_latent,0.037037037037037035,0.2,0.2,0.5
596,181,uniform,2,mf_impute,0.037037037037037035,0.2,0.1,0.3333333333333333
597,181,uniform,1,random,0.12098765432098765,0.0,0.2,0.14285714285714285
597,181,uniform,1,popular_group,0.12098765432098765,0.0,0.0,0.002173913043478261
597,181,uniform,1,raw_distance,0.12098765432098765,1.0,1.0,1.0
597,181,uniform,1,raw_correlation,0.12098765432098765,1.0,1.0,1.0
597,181,uniform,1,mf_latent,0.12098765432098765,1.0,1.0,1.0
597,181,uniform,1,mf_impute,0.12098765432098765,1.0,1.0,1.0
597,181,uniform,2,random,0.037037037037037035,0.0,0.1,0.14285714285714285
597,181,uniform,2,popular_group,0.037037037037037035,0.0,0.0,0.001937984496124031
597,181,uniform,2,raw_distance,0.037037037037037035,1.0,1.0,1.0
597,181,uniform,2,raw_correlation,0.037037037037037035,1.0,1.0,1.0
597,181,uniform,2,mf_latent,0.037037037037037035,1.0,1.0,1.0
597,181,uniform,2,mf_impute,0.037037037037037035,1.0,1.0,1.0
605,181,uniform,1,random,0.12098765432098765,0.2,0.3,0.3333333333333333
605,181,uniform,1,popular_group,0.12098765432098765,0.0,0.0,0.002173913043478261
605,181,uniform,1,raw_distance,0.12098765432098765,1.0,0.8,1.0
605,181,uniform,1,raw_correlation,0.12098765432098765,0.8,0.5,1.0
605,181,uniform,1,mf_latent,0.12098765432098765,0.8,0.7,1.0
605,181,uniform,1,mf_impute,0.12098765432098765,0.6,0.4,1.0
605,181,uniform,2,random,0.037037037037037035,0.2,0.3,0.3333333333333333
605,181,uniform,2,popular_group,0.037037037037037035,0.0,0.0,0.001937984496124031
605,181,uniform,2,raw_distance,0.037037037037037035,1.0,0.8,1.0
605,181,uniform,2,raw_correlation,0.037037037037037035,0.8,0.5,1.0
605,181,uniform,2,mf_latent,0.037037037037037035,0.8,0.7,1.0
605,181,uniform,2,mf_impute,0.037037037037037035,0.6,0.4,1.0
607,181,uniform,1,random,0.12098765432098765,0.0,0.1,0.125
607,181,uniform,1,popular_group,0.12098765432098765,0.0,0.0,0.002173913043478261
607,181,uniform,1,raw_distance,0.12098765432098765,1.0,0.9,1.0
607,181,uniform,1,raw_correlation,0.12098765432098765,1.0,0.9,1.0
607,181,uniform,1,mf_latent,0.12098765432098765,0.8,0.7,1.0
607,181,uniform,1,mf_impute,0.12098765432098765,0.6,0.6,1.0
607,181,uniform,2,random,0.037037037037037035,0.0,0.0,0.008695652173913044
607,181,uniform,2,popular_group,0.037037037037037035,0.0,0.0,0.001937984496124031
607,181,uniform,2,raw_distance,0.037037037037037035,1.0,0.9,1.0
607,181,uniform,2,raw_correlation,0.037037037037037035,1.0,0.9,1.0
607,181,uniform,2,mf_latent,0.037037037037037035,0.8,0.7,1.0
607,181,uniform,2,mf_impute,0.037037037037037035,0.6,0.6,1.0
627,181,uniform,1,random,0.15185185185185185,0.0,0.0,0.06666666666666667
627,181,uniform,1,popular_group,0.15185185185185185,1.0,1.0,1.0
627,181,uniform,1,raw_distance,0.15185185185185185,1.0,0.6,1.0
627,181,uniform,1,raw_correlation,0.15185185185185185,1.0,0.6,1.0
627,181,uniform,1,mf_latent,0.15185185185185185,1.0,0.6,1.0
627,181,uniform,1,mf_impute,0.15185185185185185,1.0,0.6,1.0
627,181,uniform,2,random,0.08271604938271605,0.0,0.0,0.058823529411764705
627,181,uniform,2,popular_group,0.08271604938271605,1.0,1.0,1.0
627,181,uniform,2,raw_distance,0.08271604938271605,1.0,0.6,1.0
627,181,uniform,2,raw_correlation,0.08271604938271605,1.0,0.6,1.0
627,181,uniform,2,mf_latent,0.08271604938271605,1.0,0.6,1.0
627,181,uniform,2,mf_impute,0.08271604938271605,1.0,0.6,1.0
628,181,uniform,1,random,0.15185185185185185,0.4,0.2,0.3333333333333333
628,181,uniform,1,popular_group,0.15185185185185185,1.0,1.0,1.0
628,181,uniform,1,raw_distance,0.15185185185185185,1.0,0.6,1.0
628,181,uniform,1,raw_correlation,0.15185185185185185,0.8,0.5,1.0
628,181,uniform,1,mf_latent,0.15185185185185185,1.0,0.5,1.0
628,181,uniform,1,mf_impute,0.15185185185185185,0.8,0.5,1.0
628,181,uniform,2,random,0.08271604938271605,0.0,0.0,0.047619047619047616
628,181,uniform,2,popular_group,0.08271604938271605,1.0,1.0,1.0
628,181,uniform,2,raw_distance,0.08271604938271605,1.0,0.6,1.0
628,181,uniform,2,raw_correlation,0.08271604938271605,0.8,0.5,1.0
628,181,uniform,2,mf_latent,0.08271604938271605,1.0,0.5,1.0
628,181,uniform,2,mf_impute,0.08271604938271605,0.8,0.5,1.0
645,181,uniform,1,random,0.15185185185185185,0.2,0.2,0.25
645,181,uniform,1,popular_group,0.15185185185185185,1.0,1.0,1.0
645,181,uniform,1,raw_distance,0.15185185185185185,0.8,0.8,1.0
645,181,uniform,1,raw_correlation,0.15185185185185185,1.0,0.7,1.0
645,181,uniform,1,mf_latent,0.15185185185185185,1.0,0.9,1.0
645,181,uniform,1,mf_impute,0.15185185185185185,0.6,0.7,1.0
645,181,uniform,2,random,0.08271604938271605,0.0,0.0,0.0625
645,181,uniform,2,popular_group,0.08271604938271605,1.0,1.0,1.0
645,181,uniform,2,raw_distance,0.08271604938271605,0.8,0.8,1.0
645,181,uniform,2,raw_correlation,0.08271604938271605,1.0,0.7,1.0
645,181,uniform,2,mf_latent,0.08271604938271605,1.0,0.9,1.0
645,181,uniform,2,mf_impute,0.08271604938271605,0.6,0.7,1.0
649,181,uniform,1,random,0.15185185185185185,0.0,0.1,0.125
649,181,uniform,1,popular_group,0.15185185185185185,1.0,1.0,1.0
649,181,uniform,1,raw_distance,0.15185185185185185,1.0,0.9,1.0
649,181,uniform,1,raw_correlation,0.15185185185185185,1.0,1.0,1.0
649,181,uniform,1,mf_latent,0.15185185185185185,0.8,0.8,1.0
649,181,uniform,1,mf_impute,0.15185185185185185,1.0,0.9,1.0
649,181,uniform,2,random,0.08271604938271605,0.0,0.0,0.07692307692307693
649,181,uniform,2,popular_group,0.08271604938271605,1.0,1.0,1.0
649,181,uniform,2,raw_distance,0.08271604938271605,1.0,0.9,1.0
649,181,uniform,2,raw_correlation,0.08271604938271605,1.0,1.0,1.0
649,181,uniform,2,mf_latent,0.08271604938271605,0.8,0.8,1.0
649,181,uniform,2,mf_impute,0.08271604938271605,1.0,0.9,1.0
652,181,uniform,1,random,0.15185185185185185,0.4,0.2,0.5
652,181,uniform,1,popular_group,0.15185185185185185,1.0,1.0,1.0
652,181,uniform,1,raw_distance,0.15185185185185185,0.8,0.8,1.0
652,181,uniform,1,raw_correlation,0.15185185185185185,1.0,0.8,1.0
652,181,uniform,1,mf_latent,0.15185185185185185,0.8,0.9,1.0
652,181,uniform,1,mf_impute,0.15185185185185185,1.0,0.9,1.0
652,181,uniform,2,random,0.08271604938271605,0.0,0.0,0.05
652,181,uniform,2,popular_group,0.08271604938271605,1.0,1.0,1.0
652,181,uniform,2,raw_distance,0.08271604938271605,0.8,0.7,1.0
652,181,uniform,2,raw_correlation,0.08271604938271605,1.0,0.7,1.0
652,181,uniform,2,mf_latent,0.08271604938271605,0.8,0.8,1.0
652,181,uniform,2,mf_impute,0.08271604938271605,1.0,0.8,1.0
654,181,uniform,1,random,0.15185185185185185,0.2,0.1,1.0
654,181,uniform,1,popular_group,0.15185185185185185,1.0,1.0,1.0
654,181,uniform,1,raw_distance,0.15185185185185185,1.0,1.0,1.0
654,181,uniform,1,raw_correlation,0.15185185185185185,1.0,1.0,1.0
654,181,uniform,1,mf_latent,0.15185185185185185,1.0,1.0,1.0
654,181,uniform,1,mf_impute,0.15185185185185185,1.0,1.0,1.0
654,181,uniform,2,random,0.08271604938271605,0.0,0.0,0.04
654,181,uniform,2,popular_group,0.08271604938271605,1.0,1.0,1.0
654,181,uniform,2,raw_distance,0.08271604938271605,1.0,0.9,1.0
654,181,uniform,2,raw_correlation,0.08271604938271605,0.8,0.9,1.0
654,181,uniform,2,mf_latent,0.08271604938271605,1.0,0.9,1.0
654,181,uniform,2,mf_impute,0.08271604938271605,0.8,0.8,1.0
669,181,uniform,1,random,0.15185185185185185,0.0,0.0,0.047619047619047616
669,181,uniform,1,popular_group,0.15185185185185185,1.0,1.0,1.0
669,181,uniform,1,raw_distance,0.15185185185185185,1.0,1.0,1.0
669,181,uniform,1,raw_correlation,0.15185185185185185,1.0,1.0,1.0
669,181,uniform,1,mf_latent,0.15185185185185185,1.0,1.0,1.0
669,181,uniform,1,mf_impute,0.15185185185185185,1.0,1.0,1.0
669,181,uniform,2,random,0.08271604938271605,0.0,0.0,0.047619047619047616
669,181,uniform,2,popular_group,0.08271604938271605,1.0,1.0,1.0
669,181,uniform,2,raw_distance,0.08271604938271605,1.0,1.0,1.0
669,181,uniform,2,raw_correlation,0.08271604938271605,1.0,1.0,1.0
669,181,uniform,2,mf_latent,0.08271604938271605,1.0,1.0,1.0
669,181,uniform,2,mf_impute,0.08271604938271605,1.0,1.0,1.0
689,181,uniform,1,random,0.15185185185185185,0.4,0.4,1.0
689,181,uniform,1,popular_group,0.15185185185185185,1.0,1.0,1.0
689,181,uniform,1,raw_distance,0.15185185185185185,0.2,0.3,0.2
689,181,uniform,1,raw_correlation,0.15185185185185185,0.8,0.8,1.0
689,181,uniform,1,mf_latent,0.15185185185185185,0.6,0.7,0.5
689,181,uniform,1,mf_impute,0.15185185185185185,1.0,0.8,1.0
689,181,uniform,2,random,0.08271604938271605,0.0,0.1,0.1111111111111111
689,181,uniform,2,popular_group,0.08271604938271605,1.0,1.0,1.0
689,181,uniform,2,raw_distance,0.08271604938271605,0.0,0.2,0.1111111111111111
689,181,uniform,2,raw_correlation,0.08271604938271605,0.4,0.5,0.3333333333333333
689,181,uniform,2,mf_latent,0.08271604938271605,0.2,0.3,0.25
689,181,uniform,2,mf_impute,0.08271604938271605,0.6,0.5,0.5
690,181,uniform,1,random,0.15185185185185185,0.2,0.1,0.25
690,181,uniform,1,popular_group,0.15185185185185185,1.0,1.0,1.0
690,181,uniform,1,raw_distance,0.15185185185185185,0.6,0.7,0.3333333333333333
690,181,uniform,1,raw_correlation,0.15185185185185185,0.6,0.8,1.0
690,181,uniform,1,mf_latent,0.15185185185185185,1.0,1.0,1.0
690,181,uniform,1,mf_impute,0.15185185185185185,0.8,0.8,1.0
690,181,uniform,2,random,0.08271604938271605,0.2,0.1,0.25
690,181,uniform,2,popular_group,0.08271604938271605,1.0,1.0,1.0
690,181,uniform,2,raw_distance,0.08271604938271605,0.6,0.7,0.3333333333333333
690,181,uniform,2,raw_correlation,0.08271604938271605,0.6,0.8,1.0
690,181,uniform,2,mf_latent,0.08271604938271605,1.0,1.0,1.0
690,181,uniform,2,mf_impute,0.08271604938271605,0.8,0.8,1.0
696,181,uniform,1,random,0.15185185185185185,0.4,0.2,0.3333333333333333
696,181,uniform,1,popular_group,0.15185185185185185,1.0,1.0,1.0
696,181,uniform,1,raw_distance,0.15185185185185185,0.2,0.2,1.0
696,181,uniform,1,raw_correlation,0.15185185185185185,0.8,0.8,1.0
696,181,uniform,1,mf_latent,0.15185185185185185,1.0,1.0,1.0
696,181,uniform,1,mf_impute,0.15185185185185185,1.0,1.0,1.0
696,181,uniform,2,random,0.08271604938271605,0.2,0.1,0.25
696,181,uniform,2,popular_group,0.08271604938271605,1.0,1.0,1.0
696,181,uniform,2,raw_distance,0.08271604938271605,0.2,0.2,1.0
696,181,uniform,2,raw_correlation,0.08271604938271605,0.8,0.8,1.0
696,181,uniform,2,mf_latent,0.08271604938271605,1.0,1.0,1.0
696,181,uniform,2,mf_impute,0.08271604938271605,1.0,1.0,1.0
700,181,uniform,1,random,0.15185185185185185,0.0,0.2,0.14285714285714285
700,181,uniform,1,popular_group,0.15185185185185185,1.0,1.0,1.0
700,181,uniform,1,raw_distance,0.15185185185185185,1.0,1.0,1.0
700,181,uniform,1,raw_correlation,0.15185185185185185,1.0,1.0,1.0
700,181,uniform,1,mf_latent,0.15185185185185185,1.0,1.0,1.0
700,181,uniform,1,mf_impute,0.15185185185185185,1.0,1.0,1.0
700,181,uniform,2,random,0.030864197530864196,0.0,0.1,0.1111111111111111
700,181,uniform,2,popular_group,0.030864197530864196,0.0,0.0,0.0015873015873015873
700,181,uniform,2,raw_distance,0.030864197530864196,0.8,0.9,1.0
700,181,uniform,2,raw_correlation,0.030864197530864196,0.8,0.8,1.0
700,181,uniform,2,mf_latent,0.030864197530864196,0.8,0.7,1.0
700,181,uniform,2,mf_impute,0.030864197530864196,0.8,0.7,1.0
701,181,uniform,1,random,0.15185185185185185,0.2,0.3,0.5
701,181,uniform,1,popular_group,0.15185185185185185,1.0,1.0,1.0
701,181,uniform,1,raw_distance,0.15185185185185185,1.0,0.9,1.0
701,181,uniform,1,raw_correlation,0.15185185185185185,1.0,1.0,1.0
701,181,uniform,1,mf_latent,0.15185185185185185,1.0,0.9,1.0
701,181,uniform,1,mf_impute,0.15185185185185185,1.0,0.9,1.0
701,181,uniform,2,random,0.030864197530864196,0.0,0.1,0.16666666666666666
701,181,uniform,2,popular_group,0.030864197530864196,0.0,0.0,0.0015873015873015873
701,181,uniform,2,raw_distance,0.030864197530864196,1.0,0.8,1.0
701,181,uniform,2,raw_correlation,0.030864197530864196,1.0,0.8,1.0
701,181,uniform,2,mf_latent,0.030864197530864196,1.0,0.7,1.0
701,181,uniform,2,mf_impute,0.030864197530864196,1.0,0.8,1.0
726,181,uniform,1,random,0.15185185185185185,0.2,0.3,0.2
726,181,uniform,1,popular_group,0.15185185185185185,1.0,1.0,1.0
726,181,uniform,1,raw_distance,0.15185185185185185,0.2,0.1,1.0
726,181,uniform,1,raw_correlation,0.15185185185185185,0.2,0.1,1.0
726,181,uniform,1,mf_latent,0.15185185185185185,0.2,0.1,1.0
726,181,uniform,1,mf_impute,0.15185185185185185,0.2,0.1,0.2
726,181,uniform,2,random,0.014814814814814815,0.0,0.0,0.034482758620689655
726,181,uniform,2,popular_group,0.014814814814814815,0.0,0.0,0.0015600624024961
726,181,uniform,2,raw_distance,0.014814814814814815,0.2,0.1,1.0
726,181,uniform,2,raw_correlation,0.014814814814814815,0.2,0.1,1.0
726,181,uniform,2,mf_latent,0.014814814814814815,0.2,0.1,1.0
726,181,uniform,2,mf_impute,0.014814814814814815,0.2,0.1,0.2
744,181,uniform,1,random,0.15185185185185185,0.4,0.2,1.0
744,181,uniform,1,popular_group,0.15185185185185185,1.0,1.0,1.0
744,181,uniform,1,raw_distance,0.15185185185185185,1.0,1.0,1.0
744,181,uniform,1,raw_correlation,0.15185185185185185,1.0,0.9,1.0
744,181,uniform,1,mf_latent,0.15185185185185185,1.0,0.9,1.0
744,181,uniform,1,mf_impute,0.15185185185185185,1.0,0.9,1.0
744,181,uniform,2,random,0.014814814814814815,0.0,0.0,0.05263157894736842
744,181,uniform,2,popular_group,0.014814814814814815,0.0,0.0,0.0015220700152207
744,181,uniform,2,raw_distance,0.014814814814814815,0.4,0.4,1.0
744,181,uniform,2,raw_correlation,0.014814814814814815,0.4,0.4,1.0
744,181,uniform,2,mf_latent,0.014814814814814815,0.4,0.4,1.0
744,181,uniform,2,mf_impute,0.014814814814814815,0.2,0.4,1.0
749,181,uniform,1,random,0.15185185185185185,0.4,0.2,0.5
749,181,uniform,1,popular_group,0.15185185185185185,1.0,1.0,1.0
749,181,uniform,1,raw_distance,0.15185185185185185,0.8,0.6,1.0
749,181,uniform,1,raw_correlation,0.15185185185185185,1.0,1.0,1.0
749,181,uniform,1,mf_latent,0.15185185185185185,0.8,0.8,1.0
749,181,uniform,1,mf_impute,0.15185185185185185,0.8,0.8,1.0
749,181,uniform,2,random,0.014814814814814815,0.2,0.1,0.2
749,181,uniform,2,popular_group,0.014814814814814815,0.0,0.0,0.0015220700152207
749,181,uniform,2,raw_distance,0.014814814814814815,0.0,0.2,0.16666666666666666
749,181,uniform,2,raw_correlation,0.014814814814814815,0.4,0.3,0.25
749,181,uniform,2,mf_latent,0.014814814814814815,0.4,0.3,0.5
749,181,uniform,2,mf_impute,0.014814814814814815,0.2,0.1,0.3333333333333333
750,181,uniform,1,random,0.15185185185185185,0.0,0.2,0.14285714285714285
750,181,uniform,1,popular_group,0.15185185185185185,1.0,1.0,1.0
750,181,uniform,1,raw_distance,0.15185185185185185,1.0,1.0,1.0
750,181,uniform,1,raw_correlation,0.15185185185185185,1.0,1.0,1.0
750,181,uniform,1,mf_latent,0.15185185185185185,1.0,1.0,1.0
750,181,uniform,1,mf_impute,0.15185185185185185,1.0,1.0,1.0
750,181,uniform,2,random,0.014814814814814815,0.0,0.1,0.14285714285714285
750,181,uniform,2,popular_group,0.014814814814814815,0.0,0.0,0.0015220700152207
750,181,uniform,2,raw_distance,0.014814814814814815,0.2,0.1,1.0
750,181,uniform,2,raw_correlation,0.014814814814814815,0.4,0.2,1.0
750,181,uniform,2,mf_latent,0.014814814814814815,0.6,0.3,1.0
750,181,uniform,2,mf_impute,0.014814814814814815,0.2,0.1,1.0
766,181,uniform,1,random,0.03827160493827161,0.0,0.0,0.019230769230769232
766,181,uniform,1,popular_group,0.03827160493827161,0.0,0.0,0.0014727540500736377
766,181,uniform,1,raw_distance,0.03827160493827161,0.6,0.3,1.0
766,181,uniform,1,raw_correlation,0.03827160493827161,0.6,0.4,1.0
766,181,uniform,1,mf_latent,0.03827160493827161,0.8,0.4,1.0
766,181,uniform,1,mf_impute,0.03827160493827161,0.6,0.4,1.0
766,181,uniform,2,random,0.006172839506172839,0.0,0.0,0.00819672131147541
766,181,uniform,2,popular_group,0.006172839506172839,0.0,0.0,0.0014285714285714286
766,181,uniform,2,raw_distance,0.006172839506172839,0.4,0.2,0.5
766,181,uniform,2,raw_correlation,0.006172839506172839,0.4,0.2,0.5
766,181,uniform,2,mf_latent,0.006172839506172839,0.4,0.2,1.0
766,181,uniform,2,mf_impute,0.006172839506172839,0.4,0.2,0.5
772,181,uniform,1,random,0.03827160493827161,0.0,0.0,0.016129032258064516
772,181,uniform,1,popular_group,0.03827160493827161,0.0,0.0,0.0014727540500736377
772,181,uniform,1,raw_distance,0.03827160493827161,0.6,0.3,1.0
772,181,uniform,1,raw_correlation,0.03827160493827161,0.6,0.3,1.0
772,181,uniform,1,mf_latent,0.03827160493827161,0.8,0.4,1.0
772,181,uniform,1,mf_impute,0.03827160493827161,0.6,0.3,1.0
772,181,uniform,2,random,0.008641975308641974,0.0,0.0,0.012658227848101266
772,181,uniform,2,popular_group,0.008641975308641974,0.0,0.0,0.001443001443001443
772,181,uniform,2,raw_distance,0.008641975308641974,0.2,0.1,1.0
772,181,uniform,2,raw_correlation,0.008641975308641974,0.2,0.1,1.0
772,181,uniform,2,mf_latent,0.008641975308641974,0.4,0.2,0.5
772,181,uniform,2,mf_impute,0.008641975308641974,0.2,0.1,1.0
794,181,uniform,1,random,0.12469135802469136,0.2,0.2,0.25
794,181,uniform,1,popular_group,0.12469135802469136,0.0,0.0,0.008064516129032258
794,181,uniform,1,raw_distance,0.12469135802469136,1.0,0.8,1.0
794,181,uniform,1,raw_correlation,0.12469135802469136,1.0,0.8,1.0
794,181,uniform,1,mf_latent,0.12469135802469136,1.0,0.8,1.0
794,181,uniform,1,mf_impute,0.12469135802469136,1.0,0.8,1.0
794,181,uniform,2,random,0.014814814814814815,0.0,0.0,0.04
794,181,uniform,2,popular_group,0.014814814814814815,0.0,0.0,0.0014184397163120568
794,181,uniform,2,raw_distance,0.014814814814814815,1.0,0.8,1.0
794,181,uniform,2,raw_correlation,0.014814814814814815,1.0,0.8,1.0
794,181,uniform,2,mf_latent,0.014814814814814815,1.0,0.8,1.0
794,181,uniform,2,mf_impute,0.014814814814814815,1.0,0.8,1.0
801,181,uniform,1,random,0.12469135802469136,0.0,0.1,0.16666666666666666
801,181,uniform,1,popular_group,0.12469135802469136,0.0,0.0,0.008064516129032258
801,181,uniform,1,raw_distance,0.12469135802469136,1.0,0.8,1.0
801,181,uniform,1,raw_correlation,0.12469135802469136,1.0,0.8,1.0
801,181,uniform,1,mf_latent,0.12469135802469136,1.0,0.8,1.0
801,181,uniform,1,mf_impute,0.12469135802469136,1.0,0.8,1.0
801,181,uniform,2,random,0.014814814814814815,0.0,0.0,0.022727272727272728
801,181,uniform,2,popular_group,0.014814814814814815,0.0,0.0,0.0014184397163120568
801,181,uniform,2,raw_distance,0.014814814814814815,1.0,0.8,1.0
801,181,uniform,2,raw_correlation,0.014814814814814815,1.0,0.8,1.0
801,181,uniform,2,mf_latent,0.014814814814814815,1.0,0.8,1.0
801,181,uniform,2,mf_impute,0.014814814814814815,1.0,0.8,1.0
803,181,uniform,1,random,0.12469135802469136,0.0,0.1,0.14285714285714285
803,181,uniform,1,popular_group,0.12469135802469136,0.0,0.0,0.008064516129032258
803,181,uniform,1,raw_distance,0.12469135802469136,1.0,0.8,1.0
803,181,uniform,1,raw_correlation,0.12469135802469136,1.0,0.8,1.0
803,181,uniform,1,mf_latent,0.12469135802469136,1.0,0.8,1.0
803,181,uniform,1,mf_impute,0.12469135802469136,1.0,0.8,1.0
803,181,uniform,2,random,0.014814814814814815,0.0,0.0,0.004366812227074236
803,181,uniform,2,popular_group,0.014814814814814815,0.0,0.0,0.0014184397163120568
803,181,uniform,2,raw_distance,0.014814814814814815,1.0,0.8,1.0
803,181,uniform,2,raw_correlation,0.014814814814814815,1.0,0.8,1.0
803,181,uniform,2,mf_latent,0.014814814814814815,1.0,0.8,1.0
803,181,uniform,2,mf_impute,0.014814814814814815,1.0,0.8,1.0
830,181,uniform,1,random,0.12469135802469136,0.2,0.2,0.2
830,181,uniform,1,popular_group,0.12469135802469136,0.0,0.0,0.008064516129032258
830,181,uniform,1,raw_distance,0.12469135802469136,1.0,1.0,1.0
830,181,uniform,1,raw_correlation,0.12469135802469136,1.0,1.0,1.0
830,181,uniform,1,mf_latent,0.12469135802469136,1.0,1.0,1.0
830,181,uniform,1,mf_impute,0.12469135802469136,1.0,1.0,1.0
830,181,uniform,2,random,0.08271604938271605,0.0,0.1,0.16666666666666666
830,181,uniform,2,popular_group,0.08271604938271605,0.0,0.0,0.014492753623188406
830,181,uniform,2,raw_distance,0.08271604938271605,1.0,1.0,1.0
830,181,uniform,2,raw_correlation,0.08271604938271605,1.0,1.0,1.0
830,181,uniform,2,mf_latent,0.08271604938271605,1.0,1.0,1.0
830,181,uniform,2,mf_impute,0.08271604938271605,1.0,1.0,1.0
837,181,uniform,1,random,0.12469135802469136,0.2,0.1,0.2
837,181,uniform,1,popular_group,0.12469135802469136,0.0,0.0,0.008064516129032258
837,181,uniform,1,raw_distance,0.12469135802469136,1.0,1.0,1.0
837,181,uniform,1,raw_correlation,0.12469135802469136,1.0,1.0,1.0
837,181,uniform,1,mf_latent,0.12469135802469136,1.0,1.0,1.0
837,181,uniform,1,mf_impute,0.12469135802469136,1.0,1.0,1.0
837,181,uniform,2,random,0.08271604938271605,0.0,0.0,0.05
837,181,uniform,2,popular_group,0.08271604938271605,0.0,0.0,0.014492753623188406
837,181,uniform,2,raw_distance,0.08271604938271605,1.0,1.0,1.0
837,181,uniform,2,raw_correlation,0.08271604938271605,1.0,1.0,1.0
837,181,uniform,2,mf_latent,0.08271604938271605,1.0,1.0,1.0
837,181,uniform,2,mf_impute,0.08271604938271605,1.0,1.0,1.0
842,181,uniform,1,random,0.12469135802469136,0.4,0.2,0.5
842,181,uniform,1,popular_group,0.12469135802469136,0.0,0.0,0.008064516129032258
842,181,uniform,1,raw_distance,0.12469135802469136,1.0,1.0,1.0
842,181,uniform,1,raw_correlation,0.12469135802469136,1.0,1.0,1.0
842,181,uniform,1,mf_latent,0.12469135802469136,1.0,1.0,1.0
842,181,uniform,1,mf_impute,0.12469135802469136,1.0,1.0,1.0
842,181,uniform,2,random,0.08271604938271605,0.4,0.2,0.5
842,181,uniform,2,popular_group,0.08271604938271605,0.0,0.0,0.014492753623188406
842,181,uniform,2,raw_distance,0.08271604938271605,1.0,1.0,1.0
842,181,uniform,2,raw_correlation,0.08271604938271605,1.0,1.0,1.0
842,181,uniform,2,mf_latent,0.08271604938271605,1.0,1.0,1.0
842,181,uniform,2,mf_impute,0.08271604938271605,1.0,1.0,1.0
845,181,uniform,1,random,0.12469135802469136,0.0,0.0,0.03571428571428571
845,181,uniform,1,popular_group,0.12469135802469136,0.0,0.0,0.008064516129032258
845,181,uniform,1,raw_distance,0.12469135802469136,1.0,1.0,1.0
845,181,uniform,1,raw_correlation,0.12469135802469136,1.0,0.9,1.0
845,181,uniform,1,mf_latent,0.12469135802469136,1.0,1.0,1.0
845,181,uniform,1,mf_impute,0.12469135802469136,1.0,1.0,1.0
845,181,uniform,2,random,0.08271604938271605,0.0,0.0,0.015151515151515152
845,181,uniform,2,popular_group,0.08271604938271605,0.0,0.0,0.014492753623188406
845,181,uniform,2,raw_distance,0.08271604938271605,1.0,1.0,1.0
845,181,uniform,2,raw_correlation,0.08271604938271605,1.0,0.9,1.0
845,181,uniform,2,mf_latent,0.08271604938271605,1.0,1.0,1.0
845,181,uniform,2,mf_impute,0.08271604938271605,1.0,1.0,1.0
868,181,uniform,1,random,0.12469135802469136,0.2,0.2,1.0
868,181,uniform,1,popular_group,0.12469135802469136,0.0,0.0,0.008064516129032258
868,181,uniform,1,raw_distance,0.12469135802469136,1.0,0.9,1.0
868,181,uniform,1,raw_correlation,0.12469135802469136,1.0,0.9,1.0
868,181,uniform,1,mf_latent,0.12469135802469136,0.8,0.9,1.0
868,181,uniform,1,mf_impute,0.12469135802469136,1.0,0.9,1.0
868,181,uniform,2,random,0.08271604938271605,0.0,0.0,0.07692307692307693
868,181,uniform,2,popular_group,0.08271604938271605,0.0,0.0,0.014492753623188406
868,181,uniform,2,raw_distance,0.08271604938271605,1.0,0.9,1.0
868,181,uniform,2,raw_correlation,0.08271604938271605,1.0,0.8,1.0
868,181,uniform,2,mf_latent,0.08271604938271605,0.8,0.9,1.0
868,181,uniform,2,mf_impute,0.08271604938271605,1.0,0.8,1.0
871,181,uniform,1,random,0.12469135802469136,0.0,0.0,0.0625
871,181,uniform,1,popular_group,0.12469135802469136,0.0,0.0,0.008064516129032258
871,181,uniform,1,raw_distance,0.12469135802469136,1.0,1.0,1.0
871,181,uniform,1,raw_correlation,0.12469135802469136,1.0,1.0,1.0
871,181,uniform,1,mf_latent,0.12469135802469136,1.0,1.0,1.0
871,181,uniform,1,mf_impute,0.12469135802469136,1.0,1.0,1.0
871,181,uniform,2,random,0.08271604938271605,0.0,0.0,0.0625
871,181,uniform,2,popular_group,0.08271604938271605,0.0,0.0,0.014492753623188406
871,181,uniform,2,raw_distance,0.08271604938271605,1.0,1.0,1.0
871,181,uniform,2,raw_correlation,0.08271604938271605,1.0,1.0,1.0
871,181,uniform,2,mf_latent,0.08271604938271605,1.0,0.9,1.0
871,181,uniform,2,mf_impute,0.08271604938271605,1.0,1.0,1.0
880,181,uniform,1,random,0.12469135802469136,0.0,0.1,0.16666666666666666
880,181,uniform,1,popular_group,0.12469135802469136,0.0,0.0,0.008064516129032258
880,181,uniform,1,raw_distance,0.12469135802469136,0.8,0.8,1.0
880,181,uniform,1,raw_correlation,0.12469135802469136,0.4,0.2,0.5
880,181,uniform,1,mf_latent,0.12469135802469136,0.6,0.5,1.0
880,181,uniform,1,mf_impute,0.12469135802469136,0.8,0.5,1.0
880,181,uniform,2,random,0.08271604938271605,0.0,0.1,0.16666666666666666
880,181,uniform,2,popular_group,0.08271604938271605,0.0,0.0,0.014492753623188406
880,181,uniform,2,raw_distance,0.08271604938271605,0.4,0.6,1.0
880,181,uniform,2,raw_correlation,0.08271604938271605,0.2,0.1,0.5
880,181,uniform,2,mf_latent,0.08271604938271605,0.4,0.3,1.0
880,181,uniform,2,mf_impute,0.08271604938271605,0.4,0.3,0.5
881,181,uniform,1,random,0.12469135802469136,0.0,0.1,0.125
881,181,uniform,1,popular_group,0.12469135802469136,0.0,0.0,0.008064516129032258
881,181,uniform,1,raw_distance,0.12469135802469136,1.0,0.9,1.0
881,181,uniform,1,raw_correlation,0.12469135802469136,1.0,0.9,1.0
881,181,uniform,1,mf_latent,0.12469135802469136,1.0,0.9,1.0
881,181,uniform,1,mf_impute,0.12469135802469136,1.0,0.9,1.0
881,181,uniform,2,random,0.08271604938271605,0.0,0.1,0.125
881,181,uniform,2,popular_group,0.08271604938271605,0.0,0.0,0.014492753623188406
881,181,uniform,2,raw_distance,0.08271604938271605,1.0,0.9,1.0
881,181,uniform,2,raw_correlation,0.08271604938271605,1.0,0.9,1.0
881,181,uniform,2,mf_latent,0.08271604938271605,1.0,0.9,1.0
881,181,uniform,2,mf_impute,0.08271604938271605,1.0,0.9,1.0
895,181,uniform,1,random,0.12469135802469136,0.0,0.1,0.16666666666666666
895,181,uniform,1,popular_group,0.12469135802469136,0.0,0.0,0.008064516129032258
895,181,uniform,1,raw_distance,0.12469135802469136,1.0,1.0,1.0
895,181,uniform,1,raw_correlation,0.12469135802469136,1.0,1.0,1.0
895,181,uniform,1,mf_latent,0.12469135802469136,1.0,0.9,1.0
895,181,uniform,1,mf_impute,0.12469135802469136,1.0,0.9,1.0
895,181,uniform,2,random,0.013580246913580247,0.0,0.1,0.16666666666666666
895,181,uniform,2,popular_group,0.013580246913580247,0.0,0.0,0.014705882352941176
895,181,uniform,2,raw_distance,0.013580246913580247,0.4,0.2,1.0
895,181,uniform,2,raw_correlation,0.013580246913580247,0.4,0.2,1.0
895,181,uniform,2,mf_latent,0.013580246913580247,0.4,0.2,1.0
895,181,uniform,2,mf_impute,0.013580246913580247,0.4,0.2,1.0
